Id,Name,RazaoSocial__c,CNPJ__c,Type,ParentId,Phone,BillingCity,BillingState,SalesModality__c,Segment__c,OwnerId,IsDeleted,CreatedDate,LastModifiedDate
001Qs000000000000001,Rede Câmara Educação,Rede Câmara Educação LTDA,60.480.589/2583-20,Network,,+55 (021) 7028-9517,Ribeirão Preto,SP,Indireto,Básico,005Qs000000000000037,false,2023-06-01 00:00:00,2023-10-01 00:00:00
001Qs000000000000002,Rede Ramos Educação,Rede Ramos Educação LTDA,36.462.251/7908-64,Network,,+55 41 8702 6217,São Paulo,SP,Indireto,Básico,005Qs000000000000028,false,2022-05-14 00:00:00,2025-08-19 00:00:00
001Qs000000000000003,Rede Cassiano Educação,Rede Cassiano Educação LTDA,27.837.693/8983-31,Network,,+55 71 5961-5865,Santos,SP,Indireto,Standard,005Qs000000000000037,false,2022-04-02 00:00:00,2023-10-24 00:00:00
001Qs000000000000004,Rede da Mata Educação,Rede da Mata Educação LTDA,66.553.559/0425-97,Network,,(084) 8091-3431,Sorocaba,SP,Consultivo,Standard,005Qs000000000000003,false,2022-08-28 00:00:00,2024-01-21 00:00:00
001Qs000000000000005,Rede Casa Grande Educação,Rede Casa Grande Educação LTDA,52.110.392/4051-47,Network,,(021) 1172-4005,Ribeirão Preto,SP,Consultivo,Standard,005Qs000000000000014,false,2022-08-05 00:00:00,2024-01-25 00:00:00
001Qs000000000000006,Rede Barbosa Educação,Rede Barbosa Educação LTDA,88.487.920/6980-42,Network,,+55 (081) 4556 2386,São Paulo,SP,Indireto,Premium,005Qs000000000000040,false,2022-10-05 00:00:00,2023-08-24 00:00:00
001Qs000000000000007,Rede Araújo Educação,Rede Araújo Educação LTDA,70.164.510/4636-81,Network,,0300 222 1969,Santos,SP,Indireto,Básico,005Qs000000000000035,false,2022-04-01 00:00:00,2024-01-07 00:00:00
001Qs000000000000008,Rede Cavalcante Educação,Rede Cavalcante Educação LTDA,38.780.038/4576-20,Network,,+55 41 7923-7474,Santos,SP,Digital,Standard,005Qs000000000000023,false,2022-11-06 00:00:00,2024-02-27 00:00:00
001Qs000000000000009,Rede Vieira Educação,Rede Vieira Educação LTDA,84.046.084/3256-21,Network,,+55 (021) 7482 1759,Ribeirão Preto,SP,Digital,Básico,005Qs000000000000040,false,2022-08-21 00:00:00,2024-08-31 00:00:00
001Qs000000000000010,Rede das Neves Educação,Rede das Neves Educação LTDA,39.264.957/8232-98,Network,,(031) 6474 3671,Campinas,SP,Consultivo,Standard,005Qs000000000000034,false,2022-05-19 00:00:00,2024-09-13 00:00:00
001Qs000000000000011,Rede Peixoto Educação,Rede Peixoto Educação LTDA,29.251.881/2520-56,Network,,+55 41 6959-4406,Ribeirão Preto,SP,Indireto,Standard,005Qs000000000000018,false,2022-06-05 00:00:00,2025-09-05 00:00:00
001Qs000000000000012,Rede Souza Educação,Rede Souza Educação LTDA,31.220.994/9993-93,Network,,+55 84 0909-7439,Campinas,SP,Digital,Premium,005Qs000000000000023,false,2022-03-23 00:00:00,2025-06-04 00:00:00
001Qs000000000000013,Rede Nunes Educação,Rede Nunes Educação LTDA,72.897.526/7722-33,Network,,11 3394 2104,São Paulo,SP,Indireto,Premium,005Qs000000000000018,false,2023-02-27 00:00:00,2024-02-13 00:00:00
001Qs000000000000014,Rede da Paz Educação,Rede da Paz Educação LTDA,33.127.975/7366-09,Network,,(031) 0952-1456,Ribeirão Preto,SP,Digital,Standard,005Qs000000000000026,false,2023-06-22 00:00:00,2025-04-17 00:00:00
001Qs000000000000015,Rede Macedo Educação,Rede Macedo Educação LTDA,08.177.038/8608-68,Network,,+55 (051) 3285-8842,São Paulo,SP,Consultivo,Standard,005Qs000000000000029,false,2023-02-12 00:00:00,2025-12-22 00:00:00
001Qs000000000000016,Rede Campos Educação,Rede Campos Educação LTDA,44.726.490/8277-18,Network,,+55 61 7451-7123,São Paulo,SP,Consultivo,Básico,005Qs000000000000035,false,2022-05-19 00:00:00,2024-08-06 00:00:00
001Qs000000000000017,Rede Martins Educação,Rede Martins Educação LTDA,65.702.793/7145-21,Network,,61 8516 0481,São Paulo,SP,Consultivo,Básico,005Qs000000000000029,false,2023-01-07 00:00:00,2023-09-26 00:00:00
001Qs000000000000018,Rede Sales Educação,Rede Sales Educação LTDA,86.892.686/0259-22,Network,,(051) 5496-5137,Campinas,SP,Consultivo,Básico,005Qs000000000000004,false,2023-03-06 00:00:00,2024-05-11 00:00:00
001Qs000000000000019,Rede da Rosa Educação,Rede da Rosa Educação LTDA,47.421.230/9407-77,Network,,+55 (041) 9859 3174,Sorocaba,SP,Consultivo,Básico,005Qs000000000000032,false,2022-09-01 00:00:00,2024-02-08 00:00:00
001Qs000000000000020,Rede Sampaio Educação,Rede Sampaio Educação LTDA,97.767.199/0384-98,Network,,81 1200 4711,Campinas,SP,Consultivo,Premium,005Qs000000000000010,false,2022-02-26 00:00:00,2025-04-29 00:00:00
001Qs000000000000021,Rede Guerra Educação,Rede Guerra Educação LTDA,50.209.945/1016-22,Network,,+55 41 8267-5869,Santos,SP,Digital,Básico,005Qs000000000000039,false,2022-07-01 00:00:00,2024-10-09 00:00:00
001Qs000000000000022,Rede da Mata Educação,Rede da Mata Educação LTDA,95.014.556/1681-47,Network,,+55 (021) 6179-6405,Campinas,SP,Consultivo,Básico,005Qs000000000000018,false,2022-12-04 00:00:00,2024-12-21 00:00:00
001Qs000000000000023,Rede Montenegro Educação,Rede Montenegro Educação LTDA,68.339.019/8179-46,Network,,+55 11 7735-1585,Sorocaba,SP,Indireto,Standard,005Qs000000000000034,false,2022-12-29 00:00:00,2023-11-10 00:00:00
001Qs000000000000024,Rede Nogueira Educação,Rede Nogueira Educação LTDA,99.787.729/3430-10,Network,,+55 (081) 6431 7139,Ribeirão Preto,SP,Digital,Premium,005Qs000000000000014,false,2023-03-01 00:00:00,2024-08-27 00:00:00
001Qs000000000000025,Rede Monteiro Educação,Rede Monteiro Educação LTDA,05.583.034/4144-88,Network,,+55 (031) 0532 9318,Santos,SP,Consultivo,Premium,005Qs000000000000022,false,2022-12-16 00:00:00,2024-08-09 00:00:00
001Qs000000000000026,Rede Macedo Educação,Rede Macedo Educação LTDA,99.023.557/7027-27,Network,,+55 (084) 9335-2904,Sorocaba,SP,Indireto,Standard,005Qs000000000000027,false,2022-02-27 00:00:00,2025-11-02 00:00:00
001Qs000000000000027,Rede Barros Educação,Rede Barros Educação LTDA,84.958.803/9551-24,Network,,+55 (011) 2842-1020,São Paulo,SP,Indireto,Standard,005Qs000000000000035,false,2022-06-19 00:00:00,2025-02-04 00:00:00
001Qs000000000000028,Rede Peixoto Educação,Rede Peixoto Educação LTDA,96.291.450/4617-35,Network,,11 3950 2402,Ribeirão Preto,SP,Indireto,Premium,005Qs000000000000034,false,2022-11-06 00:00:00,2023-12-27 00:00:00
001Qs000000000000029,Rede Aparecida Educação,Rede Aparecida Educação LTDA,15.031.780/7823-57,Network,,84 8117 7589,Sorocaba,SP,Indireto,Standard,005Qs000000000000010,false,2022-04-11 00:00:00,2025-10-19 00:00:00
001Qs000000000000030,Rede Lopes Educação,Rede Lopes Educação LTDA,82.307.681/0409-15,Network,,+55 51 7839 0847,Ribeirão Preto,SP,Consultivo,Premium,005Qs000000000000034,false,2022-11-16 00:00:00,2023-07-24 00:00:00
001Qs000000000000031,Rede Sousa Educação,Rede Sousa Educação LTDA,94.353.344/8571-42,Network,,+55 (041) 0766 1771,Campinas,SP,Indireto,Premium,005Qs000000000000001,false,2023-06-11 00:00:00,2023-10-13 00:00:00
001Qs000000000000032,Rede Duarte Educação,Rede Duarte Educação LTDA,38.585.424/9321-49,Network,,+55 21 5921 2499,Santos,SP,Digital,Standard,005Qs000000000000004,false,2022-05-14 00:00:00,2023-07-30 00:00:00
001Qs000000000000033,Rede Pereira Educação,Rede Pereira Educação LTDA,70.160.166/2997-95,Network,,81 5698-4789,Santos,SP,Indireto,Premium,005Qs000000000000035,false,2022-03-22 00:00:00,2025-08-12 00:00:00
001Qs000000000000034,Rede da Cunha Educação,Rede da Cunha Educação LTDA,79.217.174/7733-29,Network,,(021) 1183-6736,Santos,SP,Indireto,Standard,005Qs000000000000012,false,2022-12-05 00:00:00,2025-09-15 00:00:00
001Qs000000000000035,Rede Alves Educação,Rede Alves Educação LTDA,57.701.715/7724-59,Network,,(081) 7661 5654,Sorocaba,SP,Consultivo,Básico,005Qs000000000000007,false,2023-02-20 00:00:00,2025-10-15 00:00:00
001Qs000000000000036,Rede Borges Educação,Rede Borges Educação LTDA,15.814.876/9639-38,Network,,31 2711 1161,Campinas,SP,Indireto,Standard,005Qs000000000000005,false,2022-12-15 00:00:00,2024-01-30 00:00:00
001Qs000000000000037,Rede da Conceição Educação,Rede da Conceição Educação LTDA,96.695.832/1971-99,Network,,31 2809 8851,Ribeirão Preto,SP,Indireto,Básico,005Qs000000000000007,false,2023-04-01 00:00:00,2023-12-28 00:00:00
001Qs000000000000038,Rede Rocha Educação,Rede Rocha Educação LTDA,46.191.965/7013-29,Network,,81 5604 9451,São Paulo,SP,Consultivo,Básico,005Qs000000000000010,false,2023-04-09 00:00:00,2024-12-26 00:00:00
001Qs000000000000039,Rede Oliveira Educação,Rede Oliveira Educação LTDA,46.997.335/4946-51,Network,,0500 832 7315,Sorocaba,SP,Consultivo,Básico,005Qs000000000000033,false,2023-02-18 00:00:00,2025-11-14 00:00:00
001Qs000000000000040,Rede Pastor Educação,Rede Pastor Educação LTDA,24.058.008/5140-36,Network,,84 5149-3689,Sorocaba,SP,Indireto,Básico,005Qs000000000000021,false,2023-01-27 00:00:00,2024-08-19 00:00:00
001Qs000000000000041,Rede Almeida Educação,Rede Almeida Educação LTDA,66.832.723/8656-24,Network,,0800-809-4024,Campinas,SP,Consultivo,Premium,005Qs000000000000005,false,2022-01-17 00:00:00,2023-11-25 00:00:00
001Qs000000000000042,Rede Teixeira Educação,Rede Teixeira Educação LTDA,76.212.679/6927-86,Network,,(041) 5502 2961,Sorocaba,SP,Indireto,Standard,005Qs000000000000023,false,2022-08-20 00:00:00,2024-01-07 00:00:00
001Qs000000000000043,Rede Rocha Educação,Rede Rocha Educação LTDA,69.097.384/6895-00,Network,,+55 (011) 0183-6675,Sorocaba,SP,Indireto,Básico,005Qs000000000000024,false,2022-04-26 00:00:00,2025-02-14 00:00:00
001Qs000000000000044,Rede da Mata Educação,Rede da Mata Educação LTDA,71.284.781/8913-71,Network,,+55 (031) 5459-9102,Sorocaba,SP,Digital,Standard,005Qs000000000000040,false,2022-02-24 00:00:00,2024-06-16 00:00:00
001Qs000000000000045,Rede Oliveira Educação,Rede Oliveira Educação LTDA,80.778.795/6544-20,Network,,+55 (031) 9014-7679,Sorocaba,SP,Digital,Standard,005Qs000000000000037,false,2022-09-24 00:00:00,2023-09-01 00:00:00
001Qs000000000000046,Rede Aparecida Educação,Rede Aparecida Educação LTDA,79.290.490/4712-81,Network,,(031) 6438-1561,Santos,SP,Indireto,Premium,005Qs000000000000040,false,2022-10-15 00:00:00,2024-04-07 00:00:00
001Qs000000000000047,Rede Teixeira Educação,Rede Teixeira Educação LTDA,40.192.927/5243-72,Network,,(011) 9784 0369,Sorocaba,SP,Consultivo,Standard,005Qs000000000000006,false,2022-05-29 00:00:00,2025-03-01 00:00:00
001Qs000000000000048,Rede Sá Educação,Rede Sá Educação LTDA,27.663.723/9504-10,Network,,+55 (081) 0343 2445,Campinas,SP,Indireto,Standard,005Qs000000000000031,false,2022-11-05 00:00:00,2024-10-30 00:00:00
001Qs000000000000049,Rede Cavalcanti Educação,Rede Cavalcanti Educação LTDA,83.667.428/6047-65,Network,,+55 71 0762 2683,Sorocaba,SP,Digital,Premium,005Qs000000000000007,false,2023-06-29 00:00:00,2025-04-13 00:00:00
001Qs000000000000050,Rede Melo Educação,Rede Melo Educação LTDA,56.945.441/4967-39,Network,,21 8516-0607,Campinas,SP,Digital,Standard,005Qs000000000000012,false,2022-11-17 00:00:00,2025-01-11 00:00:00
001Qs000000000000051,Alves Colégio,Alves e Filhos,10.433.218/1960-01,School,001Qs000000000000001,+55 11 5969 6641,Maceió,AL,Consultivo,Standard,005Qs000000000000007,false,2023-06-22 00:00:00,2023-10-15 00:00:00
001Qs000000000000052,da Instituto,da Cruz,33.890.838/6379-40,School,,71 0529 7516,Goiânia,GO,Digital,Standard,005Qs000000000000017,false,2022-07-17 00:00:00,2023-08-04 00:00:00
001Qs000000000000053,Carvalho Colégio,Carvalho Sousa S/A,26.542.351/1615-59,School,001Qs000000000000006,+55 51 3696 8164,Feira de Santana,BA,Digital,Básico,005Qs000000000000014,false,2022-05-05 00:00:00,2025-06-25 00:00:00
001Qs000000000000054,Pastor Instituto,Pastor - ME,40.781.618/4959-31,School,,(081) 3521 8188,Maceió,AL,Digital,Premium,005Qs000000000000025,false,2022-07-09 00:00:00,2023-10-22 00:00:00
001Qs000000000000055,Alves Instituto,Alves S/A,03.413.164/7525-53,School,,+55 (071) 5523-1243,Campo Grande,MS,Indireto,Básico,005Qs000000000000005,false,2023-04-10 00:00:00,2024-04-09 00:00:00
001Qs000000000000056,da Colégio,da Conceição Montenegro - EI,41.928.327/6483-50,School,,+55 (051) 9212-7799,Olinda,PE,Digital,Standard,005Qs000000000000017,false,2022-06-15 00:00:00,2025-09-07 00:00:00
001Qs000000000000057,Novais Escola,Novais S.A.,30.564.139/5376-72,School,001Qs000000000000050,(041) 9955-2717,Maceió,AL,Indireto,Standard,005Qs000000000000004,false,2022-09-22 00:00:00,2025-10-10 00:00:00
001Qs000000000000058,Câmara Instituto,Câmara,42.388.496/9653-28,School,,(031) 4490-5814,João Pessoa,PB,Indireto,Premium,005Qs000000000000040,false,2023-02-07 00:00:00,2023-12-30 00:00:00
001Qs000000000000059,Pastor Colégio,Pastor,71.012.269/1669-78,School,,(061) 7005-4119,Maceió,AL,Digital,Standard,005Qs000000000000014,false,2022-04-19 00:00:00,2024-09-25 00:00:00
001Qs000000000000060,Abreu Escola,Abreu,48.018.451/4627-04,School,,0300-867-9807,Blumenau,SC,Consultivo,Premium,005Qs000000000000037,false,2022-09-14 00:00:00,2025-09-03 00:00:00
001Qs000000000000061,Sampaio Instituto,Sampaio Lima Ltda.,82.814.893/2528-80,School,,0500 359 7820,Brasília,DF,Consultivo,Básico,005Qs000000000000001,false,2022-02-08 00:00:00,2025-05-11 00:00:00
001Qs000000000000062,Cassiano Centro Educacional,Cassiano,95.701.543/0391-17,School,,(041) 1518-2037,Maceió,AL,Indireto,Standard,005Qs000000000000037,false,2022-01-04 00:00:00,2024-12-09 00:00:00
001Qs000000000000063,Teixeira Escola,Teixeira Fernandes S/A,18.227.824/8963-83,School,,(031) 8892-5546,Olinda,PE,Indireto,Standard,005Qs000000000000026,false,2022-03-13 00:00:00,2025-01-04 00:00:00
001Qs000000000000064,Garcia Colégio,Garcia S/A,46.578.713/3150-98,School,001Qs000000000000025,81 5905 1518,Belém,PA,Indireto,Premium,005Qs000000000000037,false,2023-01-03 00:00:00,2024-06-06 00:00:00
001Qs000000000000065,Ferreira Centro Educacional,Ferreira,39.301.031/0518-34,School,,51 4492 5192,Porto Alegre,RS,Digital,Básico,005Qs000000000000006,false,2023-01-10 00:00:00,2024-12-29 00:00:00
001Qs000000000000066,Aparecida Colégio,Aparecida,73.829.973/7631-16,School,,(084) 4629 1486,Feira de Santana,BA,Indireto,Standard,005Qs000000000000013,false,2022-06-30 00:00:00,2025-01-18 00:00:00
001Qs000000000000067,Nascimento Instituto,Nascimento,56.670.106/5133-38,School,001Qs000000000000025,(071) 2816 8505,Maringá,PR,Indireto,Básico,005Qs000000000000025,false,2022-04-20 00:00:00,2025-04-06 00:00:00
001Qs000000000000068,Garcia Escola,Garcia S/A,72.624.731/7810-80,School,,(041) 2357 3322,Porto Alegre,RS,Digital,Standard,005Qs000000000000013,false,2022-05-24 00:00:00,2023-08-06 00:00:00
001Qs000000000000069,Pires Centro Educacional,Pires,13.267.736/0260-64,School,001Qs000000000000047,+55 11 4188 8059,Campo Grande,MS,Consultivo,Standard,005Qs000000000000025,false,2022-03-06 00:00:00,2025-09-19 00:00:00
001Qs000000000000070,Oliveira Centro Educacional,Oliveira,74.687.234/3098-05,School,,+55 81 9622 2927,Natal,RN,Digital,Standard,005Qs000000000000002,false,2022-02-07 00:00:00,2024-06-12 00:00:00
001Qs000000000000071,Santos Centro Educacional,Santos Azevedo S/A,00.978.820/8121-91,School,001Qs000000000000047,+55 (061) 6537 9473,Uberlândia,MG,Consultivo,Premium,005Qs000000000000034,false,2023-04-15 00:00:00,2025-05-25 00:00:00
001Qs000000000000072,Vargas Instituto,Vargas da Rocha S/A,36.193.990/9169-98,School,,61 3473-5977,Maringá,PR,Digital,Básico,005Qs000000000000015,false,2022-03-15 00:00:00,2023-08-07 00:00:00
001Qs000000000000073,Brito Escola,Brito Garcia Ltda.,54.353.462/4751-07,School,,(011) 6886 2392,Natal,RN,Consultivo,Standard,005Qs000000000000040,false,2022-02-16 00:00:00,2024-03-05 00:00:00
001Qs000000000000074,Porto Escola,Porto,99.118.384/2513-54,School,,+55 61 0758-1814,São Luís,MA,Consultivo,Básico,005Qs000000000000004,false,2022-11-11 00:00:00,2025-10-18 00:00:00
001Qs000000000000075,Castro Instituto,Castro,27.849.808/4124-11,School,,+55 21 2478 2613,Vitória,ES,Consultivo,Básico,005Qs000000000000005,false,2022-04-19 00:00:00,2023-10-25 00:00:00
001Qs000000000000076,Fogaça Colégio,Fogaça,82.449.353/4874-01,School,,(041) 5060-6853,Manaus,AM,Consultivo,Premium,005Qs000000000000013,false,2023-03-13 00:00:00,2024-06-10 00:00:00
001Qs000000000000077,Rios Centro Educacional,Rios da Mata e Filhos,64.005.242/7868-01,School,,51 1530 5152,Olinda,PE,Digital,Standard,005Qs000000000000021,false,2022-05-04 00:00:00,2025-05-31 00:00:00
001Qs000000000000078,Pereira Colégio,Pereira e Filhos,12.805.982/6204-50,School,,+55 84 0472 7790,Belém,PA,Consultivo,Premium,005Qs000000000000038,false,2022-06-27 00:00:00,2024-06-08 00:00:00
001Qs000000000000079,Nascimento Instituto,Nascimento Siqueira S.A.,53.315.869/2322-60,School,001Qs000000000000018,+55 21 0432 8986,João Pessoa,PB,Indireto,Premium,005Qs000000000000024,false,2022-06-18 00:00:00,2024-09-22 00:00:00
001Qs000000000000080,Martins Colégio,Martins Garcia Ltda.,25.634.216/0733-75,School,001Qs000000000000038,+55 61 4341 0369,São Luís,MA,Consultivo,Básico,005Qs000000000000040,false,2023-01-21 00:00:00,2025-09-04 00:00:00
001Qs000000000000081,Rodrigues Colégio,Rodrigues Duarte S/A,43.303.654/1458-68,School,001Qs000000000000032,(051) 1179-8089,Juazeiro do Norte,CE,Consultivo,Premium,005Qs000000000000006,false,2022-10-18 00:00:00,2024-08-30 00:00:00
001Qs000000000000082,Andrade Instituto,Andrade Dias - ME,50.142.940/1965-56,School,,+55 41 2460-9539,Recife,PE,Indireto,Básico,005Qs000000000000009,false,2022-07-31 00:00:00,2023-11-24 00:00:00
001Qs000000000000083,Azevedo Centro Educacional,Azevedo,98.169.340/6088-35,School,,84 2185 1888,Anápolis,GO,Indireto,Premium,005Qs000000000000012,false,2022-02-08 00:00:00,2025-03-02 00:00:00
001Qs000000000000084,Nunes Colégio,Nunes Silva Ltda.,61.595.148/4656-48,School,001Qs000000000000032,21 8067-0654,Fortaleza,CE,Consultivo,Básico,005Qs000000000000020,false,2022-12-23 00:00:00,2024-09-01 00:00:00
001Qs000000000000085,Rezende Escola,Rezende Monteiro - ME,23.662.994/6804-43,School,001Qs000000000000016,+55 (031) 5153 1952,São Paulo,SP,Digital,Premium,005Qs000000000000040,false,2023-01-06 00:00:00,2025-11-30 00:00:00
001Qs000000000000086,Casa Colégio,Casa Grande,69.957.773/8721-48,School,,+55 (061) 5852 7722,João Pessoa,PB,Consultivo,Standard,005Qs000000000000014,false,2022-10-11 00:00:00,2023-08-24 00:00:00
001Qs000000000000087,Carvalho Colégio,Carvalho,95.134.332/0037-91,School,001Qs000000000000010,+55 (084) 7043 0305,Manaus,AM,Indireto,Standard,005Qs000000000000012,false,2022-06-13 00:00:00,2025-05-17 00:00:00
001Qs000000000000088,Souza Escola,Souza Novais - EI,76.936.763/2016-32,School,,(041) 8687 4034,Belém,PA,Indireto,Standard,005Qs000000000000014,false,2023-03-22 00:00:00,2024-03-14 00:00:00
001Qs000000000000089,Souza Centro Educacional,Souza,87.083.172/7889-57,School,,11 0541 5667,Brasília,DF,Indireto,Premium,005Qs000000000000007,false,2022-02-23 00:00:00,2025-01-01 00:00:00
001Qs000000000000090,Pacheco Escola,Pacheco,98.687.277/4348-73,School,001Qs000000000000002,51 5277 5841,Vitória,ES,Consultivo,Premium,005Qs000000000000016,false,2023-04-01 00:00:00,2025-02-26 00:00:00
001Qs000000000000091,Fonseca Centro Educacional,Fonseca,47.143.455/8122-36,School,,(011) 1692-8451,Londrina,PR,Digital,Básico,005Qs000000000000021,false,2022-08-24 00:00:00,2025-09-05 00:00:00
001Qs000000000000092,Carvalho Instituto,Carvalho Moraes - ME,23.166.587/6036-69,School,001Qs000000000000015,+55 21 5447 9627,João Pessoa,PB,Digital,Standard,005Qs000000000000013,false,2023-01-20 00:00:00,2025-12-29 00:00:00
001Qs000000000000093,Sá Instituto,Sá S/A,09.670.546/6889-37,School,001Qs000000000000031,(084) 7059 6401,Juazeiro do Norte,CE,Consultivo,Standard,005Qs000000000000010,false,2022-08-10 00:00:00,2025-03-16 00:00:00
001Qs000000000000094,Cassiano Colégio,Cassiano e Filhos,34.670.656/2729-80,School,,71 5820 2970,João Pessoa,PB,Consultivo,Standard,005Qs000000000000013,false,2023-01-03 00:00:00,2024-04-02 00:00:00
001Qs000000000000095,Vieira Colégio,Vieira Rodrigues - ME,69.901.627/2046-53,School,001Qs000000000000009,+55 81 1355 6909,Maceió,AL,Digital,Premium,005Qs000000000000018,false,2022-05-20 00:00:00,2023-10-22 00:00:00
001Qs000000000000096,Gomes Instituto,Gomes - ME,75.564.641/7080-53,School,,+55 (021) 7557-1928,Belém,PA,Consultivo,Standard,005Qs000000000000015,false,2022-10-30 00:00:00,2025-03-10 00:00:00
001Qs000000000000097,Moura Escola,Moura,10.033.092/3271-93,School,001Qs000000000000041,21 6543 1027,São Luís,MA,Consultivo,Básico,005Qs000000000000036,false,2022-08-24 00:00:00,2023-09-27 00:00:00
001Qs000000000000098,Novaes Instituto,Novaes,74.529.912/4190-49,School,,41 6814-4739,Joinville,SC,Consultivo,Básico,005Qs000000000000031,false,2023-04-19 00:00:00,2024-04-11 00:00:00
001Qs000000000000099,Rodrigues Centro Educacional,Rodrigues e Filhos,66.319.314/9190-58,School,001Qs000000000000028,(011) 7312 1727,Natal,RN,Consultivo,Premium,005Qs000000000000021,false,2023-03-21 00:00:00,2025-02-13 00:00:00
001Qs000000000000100,Rodrigues Colégio,Rodrigues - EI,65.185.067/1657-26,School,001Qs000000000000038,+55 31 5518 8442,Juazeiro do Norte,CE,Digital,Premium,005Qs000000000000027,false,2022-02-15 00:00:00,2023-08-11 00:00:00
001Qs000000000000101,Vargas Escola,Vargas,28.498.776/9453-14,School,,+55 (051) 5831-3237,João Pessoa,PB,Digital,Premium,005Qs000000000000028,false,2023-06-28 00:00:00,2024-08-07 00:00:00
001Qs000000000000102,Camargo Colégio,Camargo,73.799.650/7527-35,School,,+55 (041) 5895 7829,Belém,PA,Consultivo,Standard,005Qs000000000000032,false,2022-09-04 00:00:00,2023-09-24 00:00:00
001Qs000000000000103,Lopes Instituto,Lopes,45.494.808/3136-78,School,,+55 31 1467 8669,Pelotas,RS,Digital,Standard,005Qs000000000000014,true,2022-05-16 00:00:00,2024-07-02 00:00:00
001Qs000000000000104,Marques Escola,Marques Abreu e Filhos,37.770.143/6349-57,School,,+55 11 2517 7852,Olinda,PE,Consultivo,Premium,005Qs000000000000031,false,2022-11-09 00:00:00,2023-12-13 00:00:00
001Qs000000000000105,Montenegro Instituto,Montenegro,88.568.557/4443-13,School,,81 9226-8018,Florianópolis,SC,Digital,Básico,005Qs000000000000002,false,2023-04-11 00:00:00,2024-10-17 00:00:00
001Qs000000000000106,Montenegro Centro Educacional,Montenegro Caldeira e Filhos,51.823.374/9894-13,School,,+55 (021) 4225-3584,Feira de Santana,BA,Indireto,Premium,005Qs000000000000024,false,2023-04-21 00:00:00,2025-06-20 00:00:00
001Qs000000000000107,Porto Instituto,Porto,43.524.082/4008-42,School,,+55 21 4384 2498,Brasília,DF,Consultivo,Standard,005Qs000000000000022,false,2023-06-28 00:00:00,2023-08-03 00:00:00
001Qs000000000000108,Cassiano Escola,Cassiano Freitas S.A.,71.094.777/5204-71,School,,+55 31 8299 2299,Joinville,SC,Digital,Básico,005Qs000000000000035,false,2022-08-01 00:00:00,2025-09-14 00:00:00
001Qs000000000000109,Peixoto Instituto,Peixoto Ltda.,16.719.022/9413-18,School,,(081) 9001 0943,São Paulo,SP,Indireto,Básico,005Qs000000000000004,false,2023-06-12 00:00:00,2025-05-21 00:00:00
001Qs000000000000110,Almeida Colégio,Almeida,69.993.867/7496-49,School,,0500 690 7844,Londrina,PR,Indireto,Standard,005Qs000000000000030,false,2022-02-11 00:00:00,2024-07-09 00:00:00
001Qs000000000000111,Fonseca Colégio,Fonseca Ltda.,90.913.341/2328-12,School,,(081) 3647-1027,Maceió,AL,Digital,Premium,005Qs000000000000036,false,2022-07-29 00:00:00,2023-11-19 00:00:00
001Qs000000000000112,Araújo Escola,Araújo da Costa - EI,06.797.403/4471-34,School,,84 7735 9255,Belo Horizonte,MG,Consultivo,Básico,005Qs000000000000031,false,2022-08-03 00:00:00,2025-08-10 00:00:00
001Qs000000000000113,Barros Colégio,Barros e Filhos,93.618.324/2102-49,School,,(084) 6258 8153,Fortaleza,CE,Indireto,Standard,005Qs000000000000033,false,2023-03-10 00:00:00,2024-04-09 00:00:00
001Qs000000000000114,Azevedo Centro Educacional,Azevedo,94.717.464/8877-19,School,001Qs000000000000024,(061) 1473-2104,Vitória,ES,Indireto,Básico,005Qs000000000000034,false,2022-05-06 00:00:00,2024-10-24 00:00:00
001Qs000000000000115,Cardoso Centro Educacional,Cardoso Ribeiro - ME,06.594.013/9904-90,School,,51 9632 5953,Maceió,AL,Digital,Standard,005Qs000000000000029,false,2023-01-12 00:00:00,2025-09-27 00:00:00
001Qs000000000000116,da Escola,da Luz Moura - EI,27.874.296/7175-65,School,,+55 (031) 7877-4701,Belém,PA,Consultivo,Premium,005Qs000000000000030,false,2022-03-31 00:00:00,2023-09-21 00:00:00
001Qs000000000000117,Cunha Instituto,Cunha,51.256.746/8071-54,School,,61 8733 9500,Maceió,AL,Consultivo,Premium,005Qs000000000000011,false,2022-10-10 00:00:00,2023-10-23 00:00:00
001Qs000000000000118,Silva Colégio,Silva das Neves - ME,51.680.876/0385-97,School,,(011) 7974 8016,Maceió,AL,Consultivo,Básico,005Qs000000000000002,false,2022-10-28 00:00:00,2024-08-30 00:00:00
001Qs000000000000119,Macedo Colégio,Macedo,70.348.247/7109-32,School,,+55 84 4565 0609,Blumenau,SC,Consultivo,Standard,005Qs000000000000023,false,2023-03-07 00:00:00,2024-09-27 00:00:00
001Qs000000000000120,Campos Instituto,Campos,48.086.131/7127-48,School,,84 3584-1687,Campo Grande,MS,Consultivo,Premium,005Qs000000000000002,true,2022-08-26 00:00:00,2025-11-01 00:00:00
001Qs000000000000121,Câmara Instituto,Câmara Azevedo Ltda.,46.773.782/6398-21,School,,81 4991-2165,Campinas,SP,Indireto,Básico,005Qs000000000000022,false,2022-12-01 00:00:00,2024-11-09 00:00:00
001Qs000000000000122,Pastor Instituto,Pastor - EI,46.584.044/9972-78,School,,(081) 8523 9868,Manaus,AM,Digital,Standard,005Qs000000000000030,false,2022-11-08 00:00:00,2025-01-31 00:00:00
001Qs000000000000123,Pastor Instituto,Pastor Câmara S/A,75.588.675/3396-36,School,001Qs000000000000020,+55 (061) 0025 7872,Salvador,BA,Indireto,Premium,005Qs000000000000031,false,2023-01-16 00:00:00,2024-04-21 00:00:00
001Qs000000000000124,Santos Colégio,Santos e Filhos,05.766.270/2895-17,School,,0500-825-9526,Maceió,AL,Indireto,Standard,005Qs000000000000030,false,2022-06-20 00:00:00,2025-03-25 00:00:00
001Qs000000000000125,da Centro Educacional,da Conceição S/A,18.702.621/7459-61,School,,0800-495-8887,Maceió,AL,Indireto,Premium,005Qs000000000000012,false,2022-06-07 00:00:00,2023-12-13 00:00:00
001Qs000000000000126,Farias Escola,Farias S/A,58.657.809/1343-16,School,001Qs000000000000003,0300 470 5516,Niterói,RJ,Digital,Premium,005Qs000000000000029,false,2022-09-24 00:00:00,2024-07-13 00:00:00
001Qs000000000000127,da Escola,da Mota Rios - ME,11.724.005/0455-62,School,001Qs000000000000036,0800 409 7499,Recife,PE,Digital,Standard,005Qs000000000000023,false,2022-06-01 00:00:00,2024-07-16 00:00:00
001Qs000000000000128,Nogueira Instituto,Nogueira Cardoso e Filhos,38.692.221/9693-79,School,,+55 31 0972-8962,Florianópolis,SC,Digital,Standard,005Qs000000000000008,false,2022-01-26 00:00:00,2024-08-18 00:00:00
001Qs000000000000129,da Centro Educacional,da Cruz,23.747.407/4821-75,School,,+55 51 0913 0756,Juazeiro do Norte,CE,Indireto,Standard,005Qs000000000000010,false,2022-01-05 00:00:00,2025-07-26 00:00:00
001Qs000000000000130,Jesus Colégio,Jesus,94.647.436/7136-95,School,,+55 (021) 6368-9702,Vila Velha,ES,Digital,Básico,005Qs000000000000019,false,2023-05-01 00:00:00,2024-04-22 00:00:00
001Qs000000000000131,Brito Colégio,Brito Brito e Filhos,94.406.409/0974-39,School,,41 3857-8652,Belém,PA,Digital,Básico,005Qs000000000000010,false,2023-03-29 00:00:00,2024-06-11 00:00:00
001Qs000000000000132,Fogaça Escola,Fogaça,53.394.210/4709-52,School,,(051) 8585-4973,Manaus,AM,Consultivo,Premium,005Qs000000000000036,false,2022-04-30 00:00:00,2024-05-11 00:00:00
001Qs000000000000133,Jesus Instituto,Jesus,14.562.328/5884-24,School,001Qs000000000000040,+55 51 4843 4437,Belo Horizonte,MG,Indireto,Standard,005Qs000000000000006,false,2022-12-01 00:00:00,2023-08-26 00:00:00
001Qs000000000000134,Siqueira Centro Educacional,Siqueira,74.517.123/6851-60,School,,(051) 7584 4198,Natal,RN,Digital,Premium,005Qs000000000000018,false,2022-07-20 00:00:00,2023-07-24 00:00:00
001Qs000000000000135,Rocha Escola,Rocha e Filhos,48.175.496/5137-09,School,001Qs000000000000029,41 6524 0415,Natal,RN,Consultivo,Básico,005Qs000000000000026,false,2022-07-19 00:00:00,2024-11-14 00:00:00
001Qs000000000000136,Araújo Centro Educacional,Araújo - ME,85.931.746/1200-47,School,,(031) 4733-8484,Vila Velha,ES,Consultivo,Básico,005Qs000000000000024,false,2023-02-12 00:00:00,2023-11-29 00:00:00
001Qs000000000000137,Caldeira Instituto,Caldeira,11.382.675/8692-61,School,,+55 84 1993 3083,Recife,PE,Indireto,Standard,005Qs000000000000001,false,2022-10-19 00:00:00,2024-06-18 00:00:00
001Qs000000000000138,Correia Instituto,Correia Correia - EI,79.640.537/7351-58,School,,+55 31 0165-7120,Cuiabá,MT,Digital,Premium,005Qs000000000000014,false,2023-03-31 00:00:00,2025-07-29 00:00:00
001Qs000000000000139,Carvalho Escola,Carvalho,50.643.171/3900-53,School,,81 2677-3454,João Pessoa,PB,Indireto,Premium,005Qs000000000000028,false,2023-03-01 00:00:00,2023-11-20 00:00:00
001Qs000000000000140,Cirino Instituto,Cirino,29.318.393/3529-04,School,,+55 (081) 1938 0262,Fortaleza,CE,Consultivo,Premium,005Qs000000000000020,false,2023-05-02 00:00:00,2025-12-05 00:00:00
001Qs000000000000141,Martins Centro Educacional,Martins,22.842.102/0539-50,School,,+55 (051) 6724 0049,São Luís,MA,Digital,Standard,005Qs000000000000006,false,2022-01-07 00:00:00,2024-08-23 00:00:00
001Qs000000000000142,Barbosa Centro Educacional,Barbosa Macedo - EI,24.026.811/7758-91,School,,0500-154-7887,Natal,RN,Consultivo,Básico,005Qs000000000000030,false,2022-05-21 00:00:00,2024-01-21 00:00:00
001Qs000000000000143,Aragão Escola,Aragão e Filhos,78.390.847/0076-61,School,001Qs000000000000025,+55 84 8743 1527,Manaus,AM,Indireto,Premium,005Qs000000000000020,false,2022-11-08 00:00:00,2024-11-17 00:00:00
001Qs000000000000144,Borges Instituto,Borges S.A.,77.115.921/2499-85,School,,+55 61 2054-9329,Brasília,DF,Consultivo,Premium,005Qs000000000000010,false,2022-09-26 00:00:00,2024-05-03 00:00:00
001Qs000000000000145,Jesus Colégio,Jesus Mendonça - ME,69.847.896/1183-67,School,,71 6851 6122,Manaus,AM,Indireto,Premium,005Qs000000000000019,false,2023-03-04 00:00:00,2023-12-31 00:00:00
001Qs000000000000146,Guerra Instituto,Guerra Araújo S.A.,36.576.615/6545-27,School,,(081) 5304-6374,Natal,RN,Consultivo,Premium,005Qs000000000000008,false,2022-10-11 00:00:00,2024-11-16 00:00:00
001Qs000000000000147,Abreu Escola,Abreu,11.116.152/8098-85,School,,(071) 4990 4530,Cuiabá,MT,Digital,Standard,005Qs000000000000038,false,2023-05-08 00:00:00,2025-01-30 00:00:00
001Qs000000000000148,da Escola,da Luz,16.560.494/5198-32,School,,+55 71 7426 8414,João Pessoa,PB,Digital,Standard,005Qs000000000000008,false,2023-01-18 00:00:00,2024-12-06 00:00:00
001Qs000000000000149,da Colégio,da Paz,73.158.514/9368-99,School,,31 9332 7279,Olinda,PE,Indireto,Premium,005Qs000000000000038,true,2022-03-01 00:00:00,2023-11-27 00:00:00
001Qs000000000000150,Sampaio Escola,Sampaio,80.940.244/5502-29,School,,31 6878 3391,Cuiabá,MT,Consultivo,Standard,005Qs000000000000011,false,2022-02-24 00:00:00,2024-04-05 00:00:00
001Qs000000000000151,Cassiano Escola,Cassiano,61.201.836/6752-54,School,,51 7851 9108,João Pessoa,PB,Indireto,Premium,005Qs000000000000019,false,2022-10-26 00:00:00,2024-12-24 00:00:00
001Qs000000000000152,da Colégio,da Rocha Cunha S/A,59.910.229/0147-67,School,,21 3982-2587,Campo Grande,MS,Consultivo,Básico,005Qs000000000000012,false,2022-04-07 00:00:00,2025-03-05 00:00:00
001Qs000000000000153,Souza Colégio,Souza Ltda.,97.643.815/6149-78,School,,+55 61 3971 8707,Fortaleza,CE,Indireto,Básico,005Qs000000000000020,false,2022-10-05 00:00:00,2025-06-01 00:00:00
001Qs000000000000154,Aragão Centro Educacional,Aragão - EI,40.369.003/4324-45,School,,+55 81 8679 0874,Belém,PA,Digital,Básico,005Qs000000000000023,false,2022-05-28 00:00:00,2023-07-14 00:00:00
001Qs000000000000155,Montenegro Escola,Montenegro,10.762.268/3885-16,School,001Qs000000000000019,+55 (031) 6403 9106,Olinda,PE,Indireto,Standard,005Qs000000000000022,false,2022-06-16 00:00:00,2023-10-13 00:00:00
001Qs000000000000156,Araújo Colégio,Araújo Moraes S/A,06.071.596/9664-16,School,001Qs000000000000033,(084) 1801 7046,São Luís,MA,Consultivo,Básico,005Qs000000000000040,false,2023-06-23 00:00:00,2025-11-13 00:00:00
001Qs000000000000157,Azevedo Centro Educacional,Azevedo Peixoto S/A,05.297.516/1369-68,School,,+55 (061) 2656-7661,Manaus,AM,Consultivo,Standard,005Qs000000000000030,false,2022-03-20 00:00:00,2023-10-28 00:00:00
001Qs000000000000158,Guerra Escola,Guerra Campos - EI,16.453.521/8188-35,School,,71 2512-8682,Fortaleza,CE,Indireto,Standard,005Qs000000000000020,false,2023-01-07 00:00:00,2023-11-20 00:00:00
001Qs000000000000159,Pacheco Colégio,Pacheco Peixoto S/A,52.312.432/9212-77,School,,+55 21 0047-8686,Goiânia,GO,Digital,Básico,005Qs000000000000022,false,2022-06-26 00:00:00,2025-06-26 00:00:00
001Qs000000000000160,Leão Escola,Leão e Filhos,99.799.552/7177-44,School,,+55 31 3752-4310,Belém,PA,Consultivo,Premium,005Qs000000000000009,false,2022-05-26 00:00:00,2025-06-04 00:00:00
001Qs000000000000161,da Centro Educacional,da Luz,90.581.477/0054-11,School,001Qs000000000000009,84 9033 1190,Juiz de Fora,MG,Consultivo,Standard,005Qs000000000000008,false,2022-03-21 00:00:00,2023-07-20 00:00:00
001Qs000000000000162,Rios Instituto,Rios Silva Ltda.,99.867.980/7935-97,School,,(041) 9030-6738,Joinville,SC,Consultivo,Premium,005Qs000000000000007,false,2022-02-03 00:00:00,2025-09-20 00:00:00
001Qs000000000000163,da Escola,da Luz Gonçalves S.A.,82.071.518/2037-78,School,,+55 11 0284-3959,Brasília,DF,Indireto,Premium,005Qs000000000000017,false,2022-02-14 00:00:00,2023-09-06 00:00:00
001Qs000000000000164,Marques Escola,Marques,89.255.466/5905-15,School,,0300-534-2836,Feira de Santana,BA,Consultivo,Premium,005Qs000000000000039,true,2022-07-30 00:00:00,2025-02-21 00:00:00
001Qs000000000000165,Sá Escola,Sá,18.644.925/1925-46,School,,(031) 4089 2687,Blumenau,SC,Indireto,Premium,005Qs000000000000006,false,2022-05-30 00:00:00,2025-11-13 00:00:00
001Qs000000000000166,Albuquerque Escola,Albuquerque - ME,29.148.652/8168-50,School,,+55 (071) 5685 6624,Feira de Santana,BA,Digital,Standard,005Qs000000000000023,false,2022-06-14 00:00:00,2025-11-22 00:00:00
001Qs000000000000167,Barbosa Colégio,Barbosa - EI,54.235.733/2214-18,School,,41 2873 3427,Salvador,BA,Consultivo,Básico,005Qs000000000000037,false,2022-03-11 00:00:00,2023-10-10 00:00:00
001Qs000000000000168,Montenegro Instituto,Montenegro da Luz S.A.,88.059.296/2229-27,School,,+55 (081) 8668 8263,Olinda,PE,Digital,Premium,005Qs000000000000013,false,2022-10-16 00:00:00,2023-12-23 00:00:00
001Qs000000000000169,Azevedo Escola,Azevedo,06.537.947/3834-73,School,,+55 61 3517-5183,Salvador,BA,Digital,Premium,005Qs000000000000014,false,2023-06-01 00:00:00,2025-11-18 00:00:00
001Qs000000000000170,Freitas Colégio,Freitas da Paz S.A.,59.774.688/6239-24,School,,+55 (071) 4699 0139,Salvador,BA,Digital,Premium,005Qs000000000000029,false,2022-04-20 00:00:00,2024-01-02 00:00:00
001Qs000000000000171,Nogueira Instituto,Nogueira,07.581.814/1247-82,School,,84 3735-4033,Maceió,AL,Indireto,Premium,005Qs000000000000033,false,2022-08-22 00:00:00,2024-08-21 00:00:00
001Qs000000000000172,Pimenta Centro Educacional,Pimenta,61.375.060/6853-61,School,001Qs000000000000021,+55 71 7393 6385,Curitiba,PR,Consultivo,Básico,005Qs000000000000009,false,2023-05-23 00:00:00,2025-08-19 00:00:00
001Qs000000000000173,Rios Centro Educacional,Rios - EI,53.051.522/0472-77,School,,(011) 6785 4458,Porto Alegre,RS,Digital,Premium,005Qs000000000000006,false,2022-12-02 00:00:00,2024-11-17 00:00:00
001Qs000000000000174,Ribeiro Centro Educacional,Ribeiro,90.104.328/9861-43,School,001Qs000000000000019,11 7175-3556,Campo Grande,MS,Digital,Standard,005Qs000000000000029,false,2022-08-20 00:00:00,2025-01-18 00:00:00
001Qs000000000000175,Carvalho Centro Educacional,Carvalho Ltda.,41.036.971/1798-08,School,,+55 (061) 9320 4899,Natal,RN,Indireto,Premium,005Qs000000000000005,false,2023-05-03 00:00:00,2025-05-26 00:00:00
001Qs000000000000176,Caldeira Centro Educacional,Caldeira e Filhos,93.246.095/3962-18,School,,84 4235 3693,Campo Grande,MS,Digital,Standard,005Qs000000000000007,true,2023-02-10 00:00:00,2024-09-21 00:00:00
001Qs000000000000177,da Instituto,da Mata da Paz - EI,51.888.880/6706-54,School,,11 8547-7725,Maceió,AL,Consultivo,Premium,005Qs000000000000026,false,2023-02-15 00:00:00,2025-06-11 00:00:00
001Qs000000000000178,Silva Escola,Silva Fernandes S.A.,05.153.195/2058-52,School,,+55 (041) 2872-8080,Campo Grande,MS,Consultivo,Premium,005Qs000000000000024,false,2022-07-23 00:00:00,2024-06-11 00:00:00
001Qs000000000000179,Montenegro Centro Educacional,Montenegro,77.221.704/3030-54,School,001Qs000000000000026,+55 11 0062 3120,Campo Grande,MS,Indireto,Básico,005Qs000000000000032,false,2022-10-13 00:00:00,2025-08-22 00:00:00
001Qs000000000000180,da Escola,da Cunha,86.874.034/5054-15,School,,+55 11 8750-9977,Manaus,AM,Indireto,Básico,005Qs000000000000026,false,2022-12-31 00:00:00,2024-10-30 00:00:00
001Qs000000000000181,Borges Escola,Borges e Filhos,66.765.277/5841-61,School,,+55 (031) 0886 0084,Belém,PA,Indireto,Básico,005Qs000000000000018,false,2022-05-31 00:00:00,2025-08-25 00:00:00
001Qs000000000000182,da Escola,da Mota,69.284.511/5447-96,School,,61 4086-2118,João Pessoa,PB,Indireto,Standard,005Qs000000000000015,false,2022-05-18 00:00:00,2023-07-31 00:00:00
001Qs000000000000183,Abreu Escola,Abreu Ltda.,27.570.596/4016-58,School,001Qs000000000000004,+55 (021) 3398-4546,Petrópolis,RJ,Indireto,Básico,005Qs000000000000002,false,2022-07-03 00:00:00,2024-07-26 00:00:00
001Qs000000000000184,Porto Escola,Porto da Luz S.A.,20.297.021/3556-90,School,,+55 21 5679 3341,São Luís,MA,Indireto,Básico,005Qs000000000000040,false,2022-04-09 00:00:00,2025-08-17 00:00:00
001Qs000000000000185,Novaes Instituto,Novaes,92.755.719/2856-54,School,001Qs000000000000049,+55 (051) 1666 8700,Natal,RN,Indireto,Standard,005Qs000000000000013,false,2022-10-28 00:00:00,2025-05-08 00:00:00
001Qs000000000000186,Novais Escola,Novais,31.027.868/1447-39,School,,+55 (041) 1765-9180,Manaus,AM,Digital,Standard,005Qs000000000000035,false,2022-01-19 00:00:00,2025-08-21 00:00:00
001Qs000000000000187,Camargo Instituto,Camargo S/A,47.312.172/7155-18,School,001Qs000000000000028,+55 31 3974-0148,Belém,PA,Consultivo,Standard,005Qs000000000000029,false,2022-11-19 00:00:00,2025-11-20 00:00:00
001Qs000000000000188,Nogueira Instituto,Nogueira Andrade Ltda.,84.422.583/1323-70,School,,0300 025 0392,Cuiabá,MT,Consultivo,Premium,005Qs000000000000036,false,2022-11-07 00:00:00,2025-12-22 00:00:00
001Qs000000000000189,Lopes Escola,Lopes Cardoso S/A,58.957.829/1146-78,School,,61 1429 3968,Manaus,AM,Consultivo,Standard,005Qs000000000000025,false,2023-05-15 00:00:00,2025-08-21 00:00:00
001Qs000000000000190,Fonseca Instituto,Fonseca,66.912.517/7852-89,School,001Qs000000000000044,(071) 6218 5016,Brasília,DF,Digital,Básico,005Qs000000000000035,false,2023-04-27 00:00:00,2024-10-30 00:00:00
001Qs000000000000191,Fogaça Centro Educacional,Fogaça S.A.,22.680.182/4225-35,School,,+55 31 1599-9650,Campinas,SP,Consultivo,Standard,005Qs000000000000017,false,2023-05-22 00:00:00,2025-02-25 00:00:00
001Qs000000000000192,Rios Centro Educacional,Rios Caldeira Ltda.,84.143.842/4981-82,School,,+55 81 7735-8662,Belém,PA,Indireto,Standard,005Qs000000000000021,false,2022-03-04 00:00:00,2023-07-29 00:00:00
001Qs000000000000193,Pinto Centro Educacional,Pinto,99.229.959/0010-94,School,,0800 619 4311,Brasília,DF,Indireto,Standard,005Qs000000000000038,false,2022-01-28 00:00:00,2025-08-22 00:00:00
001Qs000000000000194,da Escola,da Costa Castro S.A.,39.690.784/4736-47,School,,+55 81 2626-5511,Maceió,AL,Consultivo,Standard,005Qs000000000000023,false,2023-01-01 00:00:00,2024-08-25 00:00:00
001Qs000000000000195,Alves Centro Educacional,Alves,10.276.773/5925-55,School,,+55 (011) 4754 1212,Blumenau,SC,Consultivo,Premium,005Qs000000000000020,false,2022-03-28 00:00:00,2025-06-04 00:00:00
001Qs000000000000196,Sousa Colégio,Sousa Farias - ME,62.588.153/7147-32,School,001Qs000000000000020,(021) 7888-6101,Fortaleza,CE,Consultivo,Premium,005Qs000000000000035,false,2022-11-30 00:00:00,2023-08-08 00:00:00
001Qs000000000000197,da Colégio,da Mata Castro e Filhos,10.469.632/5953-27,School,,11 8199 5604,Juazeiro do Norte,CE,Digital,Básico,005Qs000000000000027,false,2022-10-01 00:00:00,2023-07-21 00:00:00
001Qs000000000000198,Garcia Colégio,Garcia S/A,87.747.016/8733-95,School,,81 6183 9826,Maceió,AL,Indireto,Standard,005Qs000000000000037,false,2023-02-04 00:00:00,2024-05-26 00:00:00
001Qs000000000000199,Câmara Centro Educacional,Câmara,00.479.748/0162-45,School,,+55 (041) 2444-7212,Vitória,ES,Consultivo,Básico,005Qs000000000000014,false,2022-12-11 00:00:00,2024-11-20 00:00:00
001Qs000000000000200,Marques Instituto,Marques Ferreira Ltda.,65.060.983/5841-68,School,,(021) 4647-1543,Campo Grande,MS,Indireto,Premium,005Qs000000000000040,false,2022-11-03 00:00:00,2024-07-07 00:00:00
001Qs000000000000201,Câmara Colégio,Câmara Alves e Filhos,78.499.121/6558-52,School,,11 9937-1240,Feira de Santana,BA,Digital,Premium,005Qs000000000000035,false,2022-08-08 00:00:00,2024-04-20 00:00:00
001Qs000000000000202,Guerra Instituto,Guerra Farias Ltda.,39.868.000/2578-72,School,,61 5965 7569,Vila Velha,ES,Digital,Standard,005Qs000000000000015,false,2022-04-05 00:00:00,2025-07-04 00:00:00
001Qs000000000000203,Vargas Instituto,Vargas Ltda.,98.259.526/9495-88,School,,+55 84 4593 7526,Belém,PA,Indireto,Standard,005Qs000000000000005,false,2023-06-28 00:00:00,2024-10-29 00:00:00
001Qs000000000000204,Ramos Escola,Ramos,87.947.055/1694-09,School,,(051) 4793 5646,Cuiabá,MT,Consultivo,Básico,005Qs000000000000020,false,2023-06-01 00:00:00,2025-10-01 00:00:00
001Qs000000000000205,Rocha Colégio,Rocha,74.993.097/2896-23,School,,21 1939 8280,João Pessoa,PB,Indireto,Premium,005Qs000000000000027,false,2023-02-16 00:00:00,2024-03-14 00:00:00
001Qs000000000000206,Alves Escola,Alves,09.130.756/2636-89,School,,(061) 3741-6724,João Pessoa,PB,Digital,Premium,005Qs000000000000002,false,2023-06-13 00:00:00,2025-11-30 00:00:00
001Qs000000000000207,da Escola,da Luz S.A.,70.283.857/8652-78,School,001Qs000000000000032,+55 41 4266-1797,Pelotas,RS,Digital,Standard,005Qs000000000000018,false,2023-06-30 00:00:00,2025-10-06 00:00:00
001Qs000000000000208,Andrade Escola,Andrade,58.549.733/4843-44,School,,0800 688 6805,Fortaleza,CE,Indireto,Básico,005Qs000000000000004,false,2023-06-19 00:00:00,2024-01-22 00:00:00
001Qs000000000000209,Peixoto Centro Educacional,Peixoto - ME,37.575.844/1986-65,School,,61 9113-5290,Natal,RN,Consultivo,Básico,005Qs000000000000020,false,2023-03-22 00:00:00,2024-08-24 00:00:00
001Qs000000000000210,Siqueira Escola,Siqueira,24.041.574/7338-48,School,,0300 656 1014,Belém,PA,Consultivo,Básico,005Qs000000000000014,false,2023-02-27 00:00:00,2024-03-30 00:00:00
001Qs000000000000211,Lopes Instituto,Lopes,42.199.330/8330-16,School,,+55 21 8889-9375,Maringá,PR,Indireto,Básico,005Qs000000000000039,false,2022-08-30 00:00:00,2024-08-19 00:00:00
001Qs000000000000212,Gomes Colégio,Gomes - EI,57.120.826/7734-54,School,001Qs000000000000010,61 7982 5071,Londrina,PR,Consultivo,Standard,005Qs000000000000030,false,2023-05-13 00:00:00,2025-01-24 00:00:00
001Qs000000000000213,da Instituto,da Cunha Aparecida e Filhos,01.938.026/2067-24,School,,(021) 6112 5457,Campinas,SP,Consultivo,Premium,005Qs000000000000011,false,2022-10-07 00:00:00,2023-11-17 00:00:00
001Qs000000000000214,Abreu Colégio,Abreu,00.499.154/7887-28,School,001Qs000000000000018,+55 (084) 8757-1775,São Luís,MA,Consultivo,Básico,005Qs000000000000003,false,2023-05-13 00:00:00,2025-09-09 00:00:00
001Qs000000000000215,Fonseca Centro Educacional,Fonseca Lopes S/A,74.315.274/2054-93,School,001Qs000000000000006,+55 (084) 4010 5123,Maringá,PR,Indireto,Premium,005Qs000000000000027,false,2023-01-08 00:00:00,2025-05-18 00:00:00
001Qs000000000000216,Pinto Colégio,Pinto,29.668.516/1227-53,School,,41 2825-8673,Manaus,AM,Digital,Premium,005Qs000000000000016,false,2022-04-25 00:00:00,2025-02-04 00:00:00
001Qs000000000000217,Ribeiro Colégio,Ribeiro,04.637.454/9904-53,School,,71 2266 0937,Campo Grande,MS,Digital,Básico,005Qs000000000000038,false,2023-06-22 00:00:00,2024-03-14 00:00:00
001Qs000000000000218,Silveira Colégio,Silveira Ltda.,01.742.684/1459-33,School,,0900 660 3341,Fortaleza,CE,Digital,Premium,005Qs000000000000021,false,2022-12-04 00:00:00,2025-10-30 00:00:00
001Qs000000000000219,Rios Colégio,Rios,27.279.568/7833-91,School,,0500 182 5537,Belém,PA,Digital,Básico,005Qs000000000000016,false,2023-03-10 00:00:00,2024-02-09 00:00:00
001Qs000000000000220,Duarte Instituto,Duarte,87.851.910/8839-82,School,001Qs000000000000012,+55 61 4785 9696,Florianópolis,SC,Indireto,Standard,005Qs000000000000027,false,2022-09-18 00:00:00,2025-11-30 00:00:00
001Qs000000000000221,Sampaio Colégio,Sampaio,25.871.397/1870-72,School,,0900 155 7924,Feira de Santana,BA,Indireto,Básico,005Qs000000000000008,false,2022-11-21 00:00:00,2025-01-09 00:00:00
001Qs000000000000222,Novaes Escola,Novaes,86.790.874/0640-39,School,,0800-912-5134,Campo Grande,MS,Indireto,Premium,005Qs000000000000024,false,2023-05-02 00:00:00,2025-07-02 00:00:00
001Qs000000000000223,Correia Colégio,Correia Leão e Filhos,10.651.801/7046-22,School,,+55 61 2528 6692,Cuiabá,MT,Digital,Básico,005Qs000000000000003,false,2022-02-25 00:00:00,2025-06-07 00:00:00
001Qs000000000000224,Rocha Escola,Rocha,65.676.618/2512-86,School,,0500 662 7828,Juazeiro do Norte,CE,Indireto,Básico,005Qs000000000000025,false,2022-11-13 00:00:00,2025-04-15 00:00:00
001Qs000000000000225,Pimenta Centro Educacional,Pimenta Nunes Ltda.,82.300.478/6863-37,School,,+55 (041) 7422-5790,Vila Velha,ES,Digital,Premium,005Qs000000000000035,false,2022-08-31 00:00:00,2025-11-25 00:00:00
001Qs000000000000226,Novaes Escola,Novaes,52.431.069/0331-19,School,,11 0723 6887,Vitória,ES,Indireto,Standard,005Qs000000000000020,true,2022-04-03 00:00:00,2025-10-20 00:00:00
001Qs000000000000227,da Instituto,da Rosa Ltda.,07.903.067/3830-28,School,,81 7677 2190,São Luís,MA,Consultivo,Standard,005Qs000000000000021,false,2023-02-21 00:00:00,2025-09-16 00:00:00
001Qs000000000000228,Lopes Escola,Lopes Viana - EI,43.959.953/4283-64,School,001Qs000000000000006,+55 21 4043-8427,Vitória,ES,Indireto,Standard,005Qs000000000000027,false,2022-12-07 00:00:00,2025-07-04 00:00:00
001Qs000000000000229,Martins Instituto,Martins,40.892.687/0568-56,School,,0300 788 1914,João Pessoa,PB,Consultivo,Premium,005Qs000000000000017,false,2023-06-03 00:00:00,2023-09-06 00:00:00
001Qs000000000000230,Macedo Escola,Macedo,62.462.873/3427-08,School,,71 5807-8361,Anápolis,GO,Digital,Básico,005Qs000000000000021,false,2023-04-10 00:00:00,2025-06-11 00:00:00
001Qs000000000000231,Moraes Colégio,Moraes Melo e Filhos,66.882.634/3517-51,School,001Qs000000000000004,+55 51 4074 5171,Brasília,DF,Consultivo,Básico,005Qs000000000000029,false,2022-05-20 00:00:00,2023-07-04 00:00:00
001Qs000000000000232,Ribeiro Centro Educacional,Ribeiro Barros Ltda.,83.046.990/1398-37,School,,+55 41 3959-6292,Cuiabá,MT,Indireto,Básico,005Qs000000000000006,false,2022-04-24 00:00:00,2023-12-09 00:00:00
001Qs000000000000233,Borges Instituto,Borges,35.403.317/3936-38,School,001Qs000000000000046,+55 (084) 3095-8498,Belém,PA,Digital,Premium,005Qs000000000000039,false,2023-02-25 00:00:00,2025-09-19 00:00:00
001Qs000000000000234,Rocha Instituto,Rocha das Neves S.A.,54.678.544/5877-17,School,,+55 (041) 5449-4812,Cuiabá,MT,Digital,Premium,005Qs000000000000017,false,2022-06-27 00:00:00,2025-06-03 00:00:00
001Qs000000000000235,Casa Colégio,Casa Grande Alves S/A,53.556.093/2048-99,School,,81 0422 3253,Blumenau,SC,Indireto,Premium,005Qs000000000000006,false,2023-03-01 00:00:00,2024-07-11 00:00:00
001Qs000000000000236,Melo Colégio,Melo Pimenta S/A,64.235.369/3785-47,School,001Qs000000000000025,61 7294 6671,Brasília,DF,Digital,Premium,005Qs000000000000002,false,2022-01-24 00:00:00,2025-01-22 00:00:00
001Qs000000000000237,Leão Escola,Leão,77.252.287/2808-01,School,,+55 31 6845 7759,Maceió,AL,Consultivo,Standard,005Qs000000000000013,false,2022-09-26 00:00:00,2025-06-18 00:00:00
001Qs000000000000238,Silva Instituto,Silva Sampaio - ME,00.623.120/3875-09,School,,+55 (011) 1751 8636,Belo Horizonte,MG,Digital,Standard,005Qs000000000000039,false,2022-09-24 00:00:00,2023-11-30 00:00:00
001Qs000000000000239,Guerra Escola,Guerra,97.700.886/0084-84,School,001Qs000000000000024,+55 11 7454-5892,Joinville,SC,Digital,Premium,005Qs000000000000001,false,2023-06-23 00:00:00,2024-09-18 00:00:00
001Qs000000000000240,Casa Colégio,Casa Grande Rezende e Filhos,08.621.182/3398-45,School,,0300 750 0170,Olinda,PE,Digital,Standard,005Qs000000000000008,false,2022-08-18 00:00:00,2025-06-30 00:00:00
001Qs000000000000241,Sá Instituto,Sá S/A,46.156.793/3410-16,School,001Qs000000000000018,+55 71 2770 6324,Brasília,DF,Indireto,Standard,005Qs000000000000009,false,2023-03-18 00:00:00,2025-11-23 00:00:00
001Qs000000000000242,Câmara Centro Educacional,Câmara,66.870.021/7659-18,School,001Qs000000000000014,+55 (031) 4154-1520,Juazeiro do Norte,CE,Indireto,Básico,005Qs000000000000013,false,2023-03-05 00:00:00,2024-01-01 00:00:00
001Qs000000000000243,Sampaio Centro Educacional,Sampaio Moreira - ME,03.397.401/4890-25,School,,61 4361 1037,Juazeiro do Norte,CE,Indireto,Standard,005Qs000000000000016,false,2023-04-07 00:00:00,2024-03-11 00:00:00
001Qs000000000000244,Novais Instituto,Novais S.A.,03.926.142/9396-85,School,,+55 11 2938 7005,Vila Velha,ES,Indireto,Premium,005Qs000000000000001,false,2023-04-26 00:00:00,2023-11-14 00:00:00
001Qs000000000000245,Marques Instituto,Marques S.A.,62.185.016/3159-99,School,,+55 71 6271 3611,São Luís,MA,Indireto,Básico,005Qs000000000000014,false,2023-01-28 00:00:00,2025-06-25 00:00:00
001Qs000000000000246,Rios Colégio,Rios,65.047.735/8662-96,School,,+55 51 5542 6221,Florianópolis,SC,Consultivo,Premium,005Qs000000000000036,false,2022-03-02 00:00:00,2023-08-23 00:00:00
001Qs000000000000247,Sá Instituto,Sá,19.431.142/6265-51,School,,51 9092 7532,Maringá,PR,Indireto,Básico,005Qs000000000000039,false,2022-02-16 00:00:00,2023-07-06 00:00:00
001Qs000000000000248,Pimenta Instituto,Pimenta,10.475.412/1267-88,School,,81 9731 1219,Olinda,PE,Indireto,Standard,005Qs000000000000024,false,2022-05-16 00:00:00,2025-12-30 00:00:00
001Qs000000000000249,Novaes Centro Educacional,Novaes,86.101.581/9956-04,School,,51 5652 3413,Belo Horizonte,MG,Indireto,Premium,005Qs000000000000033,false,2023-05-20 00:00:00,2024-06-12 00:00:00
001Qs000000000000250,Castro Colégio,Castro,66.183.982/6224-44,School,,81 9994-0438,Joinville,SC,Indireto,Básico,005Qs000000000000034,false,2023-03-20 00:00:00,2023-11-23 00:00:00
001Qs000000000000251,Machado Escola,Machado,72.126.464/7154-37,School,,0500-836-4037,Porto Alegre,RS,Consultivo,Standard,005Qs000000000000018,false,2023-01-05 00:00:00,2024-09-13 00:00:00
001Qs000000000000252,Sá Instituto,Sá,99.371.240/6596-57,School,,51 1379 1805,Uberlândia,MG,Digital,Standard,005Qs000000000000034,false,2022-11-17 00:00:00,2024-09-19 00:00:00
001Qs000000000000253,Porto Colégio,Porto da Mota - EI,56.924.593/7526-54,School,,(051) 2696 5827,Natal,RN,Indireto,Premium,005Qs000000000000036,false,2023-03-27 00:00:00,2023-08-24 00:00:00
001Qs000000000000254,Pires Colégio,Pires,79.356.465/1939-82,School,001Qs000000000000004,+55 11 0910 4300,Ribeirão Preto,SP,Consultivo,Standard,005Qs000000000000017,false,2022-06-17 00:00:00,2025-06-22 00:00:00
001Qs000000000000255,da Centro Educacional,da Mota Macedo S/A,80.737.416/7243-42,School,,61 8486 6618,Manaus,AM,Indireto,Premium,005Qs000000000000029,false,2023-01-01 00:00:00,2025-06-26 00:00:00
001Qs000000000000256,da Instituto,da Costa,66.179.796/8868-05,School,,61 9241-4183,Caxias do Sul,RS,Consultivo,Básico,005Qs000000000000010,false,2022-05-07 00:00:00,2024-06-22 00:00:00
001Qs000000000000257,Farias Instituto,Farias,89.113.529/0965-61,School,001Qs000000000000019,+55 (021) 8569-1463,Maceió,AL,Consultivo,Básico,005Qs000000000000033,false,2022-10-07 00:00:00,2025-01-27 00:00:00
001Qs000000000000258,Nogueira Colégio,Nogueira,01.438.889/9375-67,School,,+55 (081) 3161 7990,Juiz de Fora,MG,Digital,Premium,005Qs000000000000034,false,2022-07-04 00:00:00,2024-08-30 00:00:00
001Qs000000000000259,Carvalho Instituto,Carvalho S.A.,98.250.714/6112-54,School,,(041) 2102 0275,Belém,PA,Indireto,Básico,005Qs000000000000007,false,2022-12-03 00:00:00,2023-07-27 00:00:00
001Qs000000000000260,Gomes Centro Educacional,Gomes Sales S.A.,57.387.571/7751-40,School,,41 8425-2410,Recife,PE,Consultivo,Standard,005Qs000000000000024,false,2022-04-19 00:00:00,2025-11-04 00:00:00
001Qs000000000000261,Azevedo Centro Educacional,Azevedo Leão - ME,10.512.382/8258-67,School,,(071) 6481 4917,Anápolis,GO,Indireto,Básico,005Qs000000000000031,true,2023-04-10 00:00:00,2025-04-04 00:00:00
001Qs000000000000262,Nogueira Centro Educacional,Nogueira,36.226.609/3796-60,School,,(051) 8507-9252,Curitiba,PR,Consultivo,Standard,005Qs000000000000003,false,2023-04-09 00:00:00,2024-05-28 00:00:00
001Qs000000000000263,Leão Instituto,Leão,33.419.182/5537-14,School,,+55 61 1913-8000,Manaus,AM,Digital,Premium,005Qs000000000000014,false,2022-02-19 00:00:00,2025-09-28 00:00:00
001Qs000000000000264,Costela Instituto,Costela - ME,78.596.969/1557-92,School,,+55 51 0756 2208,São Paulo,SP,Consultivo,Básico,005Qs000000000000005,false,2023-01-26 00:00:00,2023-10-03 00:00:00
001Qs000000000000265,Vargas Centro Educacional,Vargas,49.912.513/4125-28,School,,84 3536 5419,Vila Velha,ES,Indireto,Premium,005Qs000000000000002,false,2022-08-02 00:00:00,2023-12-14 00:00:00
001Qs000000000000266,Teixeira Escola,Teixeira - EI,66.929.662/7828-27,School,,31 1802 3806,Campo Grande,MS,Digital,Básico,005Qs000000000000010,false,2022-05-04 00:00:00,2024-05-01 00:00:00
001Qs000000000000267,Mendes Colégio,Mendes,42.257.905/0723-68,School,,+55 (084) 7445 1870,Natal,RN,Indireto,Básico,005Qs000000000000039,false,2022-05-15 00:00:00,2024-07-02 00:00:00
001Qs000000000000268,Fogaça Escola,Fogaça Ltda.,87.676.772/1903-40,School,,31 3494 9375,Natal,RN,Digital,Premium,005Qs000000000000032,false,2023-04-02 00:00:00,2025-12-23 00:00:00
001Qs000000000000269,Leão Instituto,Leão,43.842.797/8819-14,School,,0900 738 3206,Maringá,PR,Digital,Standard,005Qs000000000000006,false,2023-03-09 00:00:00,2025-10-08 00:00:00
001Qs000000000000270,Mendonça Colégio,Mendonça Câmara Ltda.,85.807.836/1340-74,School,,+55 (041) 3850 5064,Natal,RN,Digital,Standard,005Qs000000000000006,false,2022-02-11 00:00:00,2024-12-07 00:00:00
001Qs000000000000271,Mendonça Colégio,Mendonça,51.713.395/9629-23,School,,+55 51 3836 7024,João Pessoa,PB,Consultivo,Básico,005Qs000000000000010,false,2023-05-23 00:00:00,2024-12-21 00:00:00
001Qs000000000000272,Gomes Instituto,Gomes Ltda.,30.958.498/2544-94,School,,+55 31 0386 5719,João Pessoa,PB,Indireto,Standard,005Qs000000000000028,false,2022-03-23 00:00:00,2025-09-28 00:00:00
001Qs000000000000273,Silveira Escola,Silveira,81.260.422/3253-67,School,,+55 41 8261 9906,Manaus,AM,Consultivo,Básico,005Qs000000000000020,false,2022-09-12 00:00:00,2024-12-17 00:00:00
001Qs000000000000274,Martins Escola,Martins Cardoso - EI,29.466.711/6845-77,School,,+55 81 3445 6557,Vila Velha,ES,Digital,Premium,005Qs000000000000003,false,2023-06-10 00:00:00,2023-10-19 00:00:00
001Qs000000000000275,Gonçalves Escola,Gonçalves - EI,59.017.518/6363-74,School,,+55 81 3132-9121,Natal,RN,Indireto,Básico,005Qs000000000000037,false,2022-09-17 00:00:00,2024-06-28 00:00:00
001Qs000000000000276,Barros Escola,Barros e Filhos,54.589.297/5001-70,School,,+55 (041) 7756-1853,Uberlândia,MG,Digital,Premium,005Qs000000000000008,false,2023-04-19 00:00:00,2023-12-31 00:00:00
001Qs000000000000277,Carvalho Centro Educacional,Carvalho,12.770.632/4241-54,School,,(041) 4741-1249,Anápolis,GO,Consultivo,Premium,005Qs000000000000027,false,2022-11-01 00:00:00,2024-05-17 00:00:00
001Qs000000000000278,Cirino Colégio,Cirino,15.206.436/1103-71,School,,+55 (061) 3521 3568,São Luís,MA,Digital,Standard,005Qs000000000000040,false,2022-09-29 00:00:00,2024-06-14 00:00:00
001Qs000000000000279,da Escola,da Luz - ME,29.387.005/1627-13,School,,+55 (071) 4420 6788,Londrina,PR,Consultivo,Premium,005Qs000000000000012,false,2022-03-22 00:00:00,2025-08-03 00:00:00
001Qs000000000000280,Cunha Instituto,Cunha,61.115.542/6221-89,School,,+55 51 1712 1003,São Paulo,SP,Digital,Premium,005Qs000000000000028,false,2022-01-19 00:00:00,2023-07-06 00:00:00
001Qs000000000000281,Duarte Centro Educacional,Duarte,09.275.326/9731-12,School,,+55 81 3651 9941,Manaus,AM,Digital,Standard,005Qs000000000000030,true,2023-02-19 00:00:00,2025-12-06 00:00:00
001Qs000000000000282,Teixeira Colégio,Teixeira,19.656.523/4138-99,School,,+55 (031) 1372 1510,Vila Velha,ES,Digital,Standard,005Qs000000000000020,false,2023-01-05 00:00:00,2025-06-07 00:00:00
001Qs000000000000283,da Instituto,da Mota,94.043.898/3640-37,School,,(061) 0296-6706,Campo Grande,MS,Indireto,Standard,005Qs000000000000006,false,2022-05-09 00:00:00,2023-11-16 00:00:00
001Qs000000000000284,da Centro Educacional,da Cunha,61.379.180/5526-96,School,001Qs000000000000008,(011) 2532-4472,Campo Grande,MS,Digital,Premium,005Qs000000000000002,false,2022-08-03 00:00:00,2024-11-04 00:00:00
001Qs000000000000285,Melo Colégio,Melo S/A,58.271.091/0430-06,School,,+55 (051) 9993 4768,Goiânia,GO,Indireto,Básico,005Qs000000000000035,false,2022-07-15 00:00:00,2023-09-27 00:00:00
001Qs000000000000286,Ferreira Instituto,Ferreira S.A.,84.866.618/8924-14,School,,(081) 0146-2638,São Luís,MA,Indireto,Standard,005Qs000000000000002,false,2022-04-30 00:00:00,2023-12-18 00:00:00
001Qs000000000000287,Vasconcelos Colégio,Vasconcelos e Filhos,18.328.569/1463-03,School,,+55 51 8065 7875,Maceió,AL,Indireto,Standard,005Qs000000000000031,false,2022-01-21 00:00:00,2025-11-27 00:00:00
001Qs000000000000288,Sá Centro Educacional,Sá S/A,16.179.904/2102-02,School,,0300 856 4205,Sorocaba,SP,Indireto,Básico,005Qs000000000000026,false,2022-02-22 00:00:00,2024-06-06 00:00:00
001Qs000000000000289,Costa Escola,Costa Almeida - EI,75.884.252/4105-64,School,001Qs000000000000041,0300-304-0785,Vitória,ES,Indireto,Standard,005Qs000000000000032,false,2022-10-25 00:00:00,2023-08-07 00:00:00
001Qs000000000000290,da Centro Educacional,da Costa Cardoso - ME,81.491.778/5079-25,School,,0800 321 3348,São Luís,MA,Digital,Básico,005Qs000000000000040,false,2023-05-15 00:00:00,2024-02-23 00:00:00
001Qs000000000000291,Nunes Instituto,Nunes S.A.,24.191.380/0030-75,School,,+55 (081) 3965 2239,Belém,PA,Indireto,Básico,005Qs000000000000021,false,2022-03-07 00:00:00,2024-03-31 00:00:00
001Qs000000000000292,Sampaio Escola,Sampaio,62.208.635/3654-19,School,,(051) 5905 9929,Blumenau,SC,Indireto,Premium,005Qs000000000000032,false,2022-12-22 00:00:00,2024-10-02 00:00:00
001Qs000000000000293,Vargas Colégio,Vargas,51.802.380/6174-45,School,,+55 (071) 7842-7010,Belém,PA,Indireto,Básico,005Qs000000000000013,true,2023-04-26 00:00:00,2024-06-17 00:00:00
001Qs000000000000294,Cavalcante Colégio,Cavalcante,18.705.349/4937-59,School,,+55 31 9308-7059,Olinda,PE,Digital,Básico,005Qs000000000000022,false,2023-04-25 00:00:00,2023-11-12 00:00:00
001Qs000000000000295,Vasconcelos Colégio,Vasconcelos S.A.,73.832.060/3850-50,School,,+55 (081) 2525-0029,Uberlândia,MG,Indireto,Standard,005Qs000000000000024,false,2023-04-29 00:00:00,2025-09-26 00:00:00
001Qs000000000000296,Caldeira Centro Educacional,Caldeira,64.138.367/0241-03,School,,+55 (011) 1851-5691,Olinda,PE,Consultivo,Standard,005Qs000000000000006,false,2023-05-10 00:00:00,2023-11-10 00:00:00
001Qs000000000000297,das Colégio,das Neves - EI,86.571.918/2619-90,School,001Qs000000000000011,(081) 4522 6752,Anápolis,GO,Consultivo,Standard,005Qs000000000000032,false,2022-11-07 00:00:00,2024-02-26 00:00:00
001Qs000000000000298,Gonçalves Colégio,Gonçalves,62.344.565/5743-13,School,001Qs000000000000004,84 9539-2644,São Luís,MA,Indireto,Standard,005Qs000000000000023,false,2022-06-12 00:00:00,2023-12-26 00:00:00
001Qs000000000000299,Barbosa Colégio,Barbosa Pastor e Filhos,29.121.277/5618-53,School,,+55 81 2096 9029,Belo Horizonte,MG,Consultivo,Premium,005Qs000000000000022,false,2023-03-17 00:00:00,2023-10-25 00:00:00
001Qs000000000000300,Caldeira Centro Educacional,Caldeira Sampaio Ltda.,74.741.124/9035-21,School,,(051) 9391 7251,Londrina,PR,Consultivo,Standard,005Qs000000000000017,false,2022-12-15 00:00:00,2025-09-11 00:00:00
001Qs000000000000301,Vieira Instituto,Vieira - EI,35.680.442/0678-83,School,,+55 41 5521-5704,Pelotas,RS,Digital,Standard,005Qs000000000000010,false,2023-06-12 00:00:00,2025-03-10 00:00:00
001Qs000000000000302,Ferreira Escola,Ferreira - EI,17.121.003/2365-19,School,,+55 (084) 3154-1006,Cuiabá,MT,Indireto,Standard,005Qs000000000000008,false,2022-04-19 00:00:00,2025-09-08 00:00:00
001Qs000000000000303,Ribeiro Colégio,Ribeiro,94.101.372/1510-70,School,,(031) 6267-6586,Juazeiro do Norte,CE,Consultivo,Básico,005Qs000000000000003,false,2023-06-04 00:00:00,2023-10-16 00:00:00
001Qs000000000000304,Azevedo Centro Educacional,Azevedo,29.667.066/2532-44,School,001Qs000000000000008,+55 41 7932 7104,Feira de Santana,BA,Indireto,Premium,005Qs000000000000019,false,2023-03-29 00:00:00,2025-08-19 00:00:00
001Qs000000000000305,Albuquerque Colégio,Albuquerque,72.099.934/7687-01,School,,+55 (031) 5411 5262,Campinas,SP,Consultivo,Premium,005Qs000000000000024,false,2022-12-09 00:00:00,2025-10-16 00:00:00
001Qs000000000000306,Mendonça Escola,Mendonça,46.263.838/0657-87,School,001Qs000000000000013,+55 11 8159 9706,Petrópolis,RJ,Indireto,Premium,005Qs000000000000016,false,2023-05-01 00:00:00,2024-06-14 00:00:00
001Qs000000000000307,Lopes Instituto,Lopes Ltda.,59.856.420/5930-40,School,,+55 (041) 9620-1533,Campinas,SP,Indireto,Standard,005Qs000000000000027,false,2023-01-05 00:00:00,2025-04-05 00:00:00
001Qs000000000000308,Santos Instituto,Santos,78.593.213/3480-39,School,,81 8844 4310,Caxias do Sul,RS,Digital,Standard,005Qs000000000000015,false,2022-05-22 00:00:00,2025-09-29 00:00:00
001Qs000000000000309,Lopes Colégio,Lopes Cavalcanti e Filhos,65.223.955/9059-92,School,,61 9872 0506,Fortaleza,CE,Indireto,Básico,005Qs000000000000024,false,2022-01-31 00:00:00,2024-09-26 00:00:00
001Qs000000000000310,Pimenta Escola,Pimenta,93.784.270/1039-30,School,001Qs000000000000001,+55 31 4973 1032,Cuiabá,MT,Digital,Premium,005Qs000000000000006,false,2022-12-13 00:00:00,2024-05-18 00:00:00
001Qs000000000000311,Martins Colégio,Martins,87.059.325/2500-29,School,,(021) 1714 6774,Recife,PE,Indireto,Premium,005Qs000000000000026,false,2022-02-07 00:00:00,2025-05-07 00:00:00
001Qs000000000000312,Siqueira Instituto,Siqueira,21.851.569/1545-22,School,,+55 31 8625 6527,Curitiba,PR,Digital,Premium,005Qs000000000000034,false,2022-10-30 00:00:00,2024-09-02 00:00:00
001Qs000000000000313,Duarte Centro Educacional,Duarte,67.528.953/9264-42,School,,+55 (061) 4774 3490,Campo Grande,MS,Digital,Standard,005Qs000000000000021,false,2022-12-19 00:00:00,2023-07-09 00:00:00
001Qs000000000000314,Borges Centro Educacional,Borges da Mota - ME,20.969.029/5939-17,School,,+55 (021) 1158-6938,Brasília,DF,Digital,Premium,005Qs000000000000026,false,2023-04-02 00:00:00,2025-04-20 00:00:00
001Qs000000000000315,Sá Centro Educacional,Sá Martins - EI,25.135.521/5704-33,School,001Qs000000000000035,+55 (081) 6868 7937,Anápolis,GO,Digital,Básico,005Qs000000000000029,false,2022-12-20 00:00:00,2025-12-25 00:00:00
001Qs000000000000316,Fernandes Escola,Fernandes,15.410.067/6267-65,School,,(031) 1608 9899,Vila Velha,ES,Consultivo,Standard,005Qs000000000000006,false,2022-02-07 00:00:00,2025-01-01 00:00:00
001Qs000000000000317,Monteiro Escola,Monteiro Ltda.,86.179.327/1040-54,School,,+55 (011) 1722-3320,Niterói,RJ,Digital,Premium,005Qs000000000000034,false,2022-10-18 00:00:00,2024-02-04 00:00:00
001Qs000000000000318,Mendonça Instituto,Mendonça Cunha Ltda.,11.526.218/1599-70,School,001Qs000000000000036,(011) 1632-9451,Belo Horizonte,MG,Indireto,Básico,005Qs000000000000011,false,2022-01-24 00:00:00,2023-07-29 00:00:00
001Qs000000000000319,Fernandes Escola,Fernandes,62.962.015/3368-84,School,,+55 31 6868 5487,Niterói,RJ,Indireto,Premium,005Qs000000000000020,false,2023-03-09 00:00:00,2024-11-29 00:00:00
001Qs000000000000320,Peixoto Instituto,Peixoto,44.310.698/7205-06,School,001Qs000000000000004,+55 (021) 9986 1622,Belém,PA,Indireto,Básico,005Qs000000000000033,false,2022-12-29 00:00:00,2023-11-04 00:00:00
001Qs000000000000321,Novais Instituto,Novais,14.973.103/2417-14,School,001Qs000000000000042,0300 991 1914,Natal,RN,Indireto,Standard,005Qs000000000000037,false,2022-01-06 00:00:00,2024-10-07 00:00:00
001Qs000000000000322,Moreira Colégio,Moreira S.A.,67.741.862/5652-70,School,,61 5646-7997,Florianópolis,SC,Digital,Básico,005Qs000000000000037,false,2022-08-28 00:00:00,2024-06-23 00:00:00
001Qs000000000000323,da Centro Educacional,da Costa e Filhos,47.743.490/2115-86,School,,+55 (051) 2462 9960,Juazeiro do Norte,CE,Digital,Básico,005Qs000000000000009,false,2023-01-22 00:00:00,2024-12-14 00:00:00
001Qs000000000000324,Mendonça Centro Educacional,Mendonça,93.806.868/7937-41,School,,61 5307 4505,São Paulo,SP,Digital,Básico,005Qs000000000000013,false,2023-01-05 00:00:00,2024-10-08 00:00:00
001Qs000000000000325,Sales Instituto,Sales Melo e Filhos,60.898.992/1722-33,School,001Qs000000000000046,(031) 4471 3247,Olinda,PE,Indireto,Premium,005Qs000000000000006,false,2022-03-05 00:00:00,2024-09-08 00:00:00
001Qs000000000000326,Machado Escola,Machado,20.616.329/4511-68,School,,(061) 4691 3736,Cuiabá,MT,Indireto,Premium,005Qs000000000000024,false,2023-06-23 00:00:00,2024-08-16 00:00:00
001Qs000000000000327,Borges Instituto,Borges Ltda.,68.548.709/9861-62,School,,(084) 8508-2148,Rio de Janeiro,RJ,Indireto,Standard,005Qs000000000000038,false,2023-05-26 00:00:00,2025-04-12 00:00:00
001Qs000000000000328,Guerra Centro Educacional,Guerra Sales S.A.,29.991.191/4856-46,School,,71 2890 2330,Cuiabá,MT,Indireto,Básico,005Qs000000000000027,false,2022-06-16 00:00:00,2023-11-25 00:00:00
001Qs000000000000329,Ribeiro Colégio,Ribeiro,79.970.246/2996-06,School,,+55 51 0705 3457,Manaus,AM,Indireto,Premium,005Qs000000000000033,false,2023-06-26 00:00:00,2023-10-29 00:00:00
001Qs000000000000330,Melo Centro Educacional,Melo,53.074.505/4447-13,School,,21 6103-5797,Campo Grande,MS,Consultivo,Básico,005Qs000000000000011,false,2023-01-14 00:00:00,2023-10-30 00:00:00
001Qs000000000000331,Lima Instituto,Lima,24.754.691/3736-78,School,,+55 (051) 7985-5241,Anápolis,GO,Consultivo,Standard,005Qs000000000000037,false,2022-10-24 00:00:00,2023-08-11 00:00:00
001Qs000000000000332,Fogaça Instituto,Fogaça,50.821.486/2890-23,School,,(011) 0602 9333,Blumenau,SC,Indireto,Standard,005Qs000000000000020,false,2022-10-29 00:00:00,2024-11-09 00:00:00
001Qs000000000000333,da Centro Educacional,da Mata,30.307.053/4578-61,School,001Qs000000000000010,+55 (084) 4680-0722,Petrópolis,RJ,Digital,Standard,005Qs000000000000004,false,2022-11-09 00:00:00,2025-12-27 00:00:00
001Qs000000000000334,da Centro Educacional,da Cunha,03.579.727/9855-24,School,,0300-034-9446,Natal,RN,Digital,Standard,005Qs000000000000001,false,2022-05-06 00:00:00,2025-01-11 00:00:00
001Qs000000000000335,Campos Escola,Campos Silveira S.A.,14.060.293/3334-68,School,,41 5743 7489,Juazeiro do Norte,CE,Indireto,Standard,005Qs000000000000037,false,2022-11-14 00:00:00,2025-01-30 00:00:00
001Qs000000000000336,Campos Colégio,Campos,00.722.903/4944-66,School,,61 9108 5899,Goiânia,GO,Indireto,Standard,005Qs000000000000039,false,2022-05-16 00:00:00,2025-08-19 00:00:00
001Qs000000000000337,Correia Centro Educacional,Correia Cunha e Filhos,57.437.489/6910-85,School,001Qs000000000000041,(011) 4171 5454,Vitória,ES,Indireto,Básico,005Qs000000000000029,false,2022-06-02 00:00:00,2025-12-04 00:00:00
001Qs000000000000338,da Colégio,da Mota,89.944.171/5454-44,School,,+55 71 4328-3096,Salvador,BA,Digital,Básico,005Qs000000000000040,false,2023-02-24 00:00:00,2024-07-31 00:00:00
001Qs000000000000339,Brito Colégio,Brito,32.830.965/2074-46,School,001Qs000000000000026,(051) 2074 4666,Olinda,PE,Consultivo,Básico,005Qs000000000000029,false,2022-10-12 00:00:00,2025-04-22 00:00:00
001Qs000000000000340,da Escola,da Rocha da Conceição Ltda.,66.099.353/8758-42,School,001Qs000000000000011,+55 (051) 9935 3875,Brasília,DF,Digital,Básico,005Qs000000000000020,false,2022-05-07 00:00:00,2025-04-20 00:00:00
001Qs000000000000341,da Instituto,da Rosa Albuquerque e Filhos,82.417.248/2513-53,School,,21 4282-4172,Joinville,SC,Digital,Básico,005Qs000000000000037,false,2022-02-24 00:00:00,2025-02-03 00:00:00
001Qs000000000000342,da Colégio,da Mota Aparecida S/A,46.554.947/1709-99,School,,+55 71 8251-3534,João Pessoa,PB,Digital,Premium,005Qs000000000000008,false,2023-06-29 00:00:00,2024-01-01 00:00:00
001Qs000000000000343,Sampaio Colégio,Sampaio,17.381.684/6022-35,School,,84 5549 4717,Belém,PA,Consultivo,Premium,005Qs000000000000038,false,2023-03-31 00:00:00,2023-09-25 00:00:00
001Qs000000000000344,Porto Colégio,Porto Sá - ME,69.725.217/5250-07,School,,+55 (071) 9991 7381,São Paulo,SP,Indireto,Básico,005Qs000000000000003,false,2023-05-19 00:00:00,2025-11-29 00:00:00
001Qs000000000000345,Albuquerque Colégio,Albuquerque - EI,43.292.712/9666-67,School,,41 8460 2235,João Pessoa,PB,Consultivo,Standard,005Qs000000000000002,false,2023-06-25 00:00:00,2024-05-20 00:00:00
001Qs000000000000346,Melo Instituto,Melo,60.083.505/8300-33,School,,81 9725 2175,Maceió,AL,Consultivo,Básico,005Qs000000000000011,false,2022-10-20 00:00:00,2023-11-25 00:00:00
001Qs000000000000347,Macedo Escola,Macedo,54.216.894/2104-47,School,001Qs000000000000050,+55 (051) 5007-4329,Vitória,ES,Indireto,Standard,005Qs000000000000011,false,2022-03-02 00:00:00,2025-03-21 00:00:00
001Qs000000000000348,Cirino Colégio,Cirino,89.856.257/5326-03,School,,+55 (031) 7129-6666,Recife,PE,Digital,Premium,005Qs000000000000020,false,2023-02-04 00:00:00,2023-10-10 00:00:00
001Qs000000000000349,da Centro Educacional,da Cunha - ME,32.309.821/5064-89,School,,(081) 6008-3505,Campo Grande,MS,Indireto,Standard,005Qs000000000000025,false,2022-05-04 00:00:00,2023-08-23 00:00:00
001Qs000000000000350,Azevedo Instituto,Azevedo - ME,09.010.016/7618-47,School,001Qs000000000000049,51 3003 3542,Maceió,AL,Consultivo,Standard,005Qs000000000000033,false,2023-06-01 00:00:00,2024-07-29 00:00:00
001Qs000000000000351,ESCOLA TESTE,ESCOLA TESTE,14.057.861/7063-04,School,,,São Paulo,SP,Digital,Standard,005Qs000000000000001,false,2022-10-11 00:00:00,2023-07-27 00:00:00
001Qs000000000000352,DEMO - NÃO USAR,DEMO - NÃO USAR,38.249.671/8325-82,School,,,São Paulo,SP,Digital,Standard,005Qs000000000000001,false,2022-05-06 00:00:00,2025-05-17 00:00:00
001Qs000000000000353,QA 001,QA 001,87.007.942/0074-94,School,,,São Paulo,SP,Digital,Standard,005Qs000000000000001,false,2022-12-15 00:00:00,2025-02-17 00:00:00
001Qs000000000000354,ESCOLA DE HOMOLOGAÇÃO,ESCOLA DE HOMOLOGAÇÃO,53.984.028/9141-61,School,,,São Paulo,SP,Digital,Standard,005Qs000000000000001,false,2022-03-13 00:00:00,2024-07-26 00:00:00
001Qs000000000000355,Gomes - EI (inativo),Cavalcante,63.985.547/4355-37,School,,+55 (084) 0447 8985,São Paulo,SP,Digital,Standard,005Qs000000000000002,true,2022-12-21 00:00:00,2023-10-01 00:00:00
001Qs000000000000356,Rodrigues (inativo),Fernandes Mendonça Ltda.,09.700.268/7681-18,School,,+55 (071) 2603-3230,São Paulo,SP,Consultivo,Básico,005Qs000000000000029,true,2022-12-11 00:00:00,2023-09-10 00:00:00
001Qs000000000000357,Campos Fonseca e Filhos (inativo),Garcia e Filhos,56.956.201/7537-03,School,,+55 61 8909-0100,São Paulo,SP,Digital,Premium,005Qs000000000000018,true,2022-12-15 00:00:00,2025-01-02 00:00:00
001Qs000000000000358,Leão - ME (inativo),Campos,31.943.375/0479-30,School,,81 4723-0461,São Paulo,SP,Consultivo,Básico,005Qs000000000000026,true,2022-02-26 00:00:00,2024-07-22 00:00:00
001Qs000000000000359,Pinto (inativo),Leão Caldeira - EI,98.728.399/9219-21,School,,0900-141-1739,São Paulo,SP,Consultivo,Standard,005Qs000000000000037,true,2022-04-27 00:00:00,2025-12-07 00:00:00
001Qs000000000000360,Vasconcelos da Luz - EI (inativo),Fogaça Santos - ME,43.089.487/0605-66,School,,(021) 2087 3753,São Paulo,SP,Indireto,Premium,005Qs000000000000034,true,2022-08-27 00:00:00,2025-10-11 00:00:00
