Id,ContractNumber,Name,AccountId,OwnerId,Status,StartDate,EndDate,Brand__c,GrandTotal,TotalPrice,Discount,MarketingModel__c,IsDeleted,CreatedDate,LastModifiedDate
800000000000000001,ARCO-2023-00001,Contrato ARCO-2023-00001,001Qs000000000000332,005Qs000000000000003,Activated,2023-06-27,2023-10-04,NSE,58364.19,67000.56,0.1289,Franquia,false,2023-01-25 00:00:00,2025-08-22 00:00:00
800000000000000002,ARCO-2024-00002,Contrato ARCO-2024-00002,001Qs000000000000129,005Qs000000000000033,Activated,2024-03-04,2024-07-14,NSE,117013.99,127744.53,0.084,Direto,false,2024-01-27 00:00:00,2024-06-23 00:00:00
800000000000000003,ARCO-2025-00003,Contrato ARCO-2025-00003,001Qs000000000000084,005Qs000000000000032,Activated,2025-05-11,2025-10-08,NSE,122188.84,151505.07,0.1935,Direto,false,2025-01-23 00:00:00,2025-09-12 00:00:00
800000000000000004,ARCO-2024-00004,Contrato ARCO-2024-00004,001Qs000000000000329,005Qs000000000000038,Cancelled,2024-05-03,2024-12-31,Isaac,164177.71,191371.62,0.1421,Parceiro,false,2024-01-29 00:00:00,2024-10-25 00:00:00
800000000000000005,ARCO-2025-00005,Contrato ARCO-2025-00005,001Qs000000000000175,005Qs000000000000024,Activated,2025-02-25,2025-09-17,SAE,77940.29,87879.46,0.1131,Franquia,false,2025-01-11 00:00:00,2025-06-08 00:00:00
800000000000000006,ARCO-2022-00006,Contrato ARCO-2022-00006,001Qs000000000000207,005Qs000000000000022,Activated,2022-05-13,2022-09-29,PGS,49271.05,49884.63,0.0123,Direto,false,2022-03-01 00:00:00,2024-09-02 00:00:00
800000000000000007,ARCO-2025-00007,Contrato ARCO-2025-00007,001Qs000000000000245,005Qs000000000000005,Activated,2025-03-23,2025-09-08,SAE,75273.92,79562.33,0.0539,Parceiro,false,2025-02-07 00:00:00,2025-12-13 00:00:00
800000000000000008,ARCO-2022-00008,Contrato ARCO-2022-00008,001Qs000000000000197,005Qs000000000000013,Activated,2022-01-26,2022-07-31,SAE,18695.49,18912.99,0.0115,Direto,false,2022-02-08 00:00:00,2023-10-15 00:00:00
800000000000000009,ARCO-2023-00009,Contrato ARCO-2023-00009,001Qs000000000000123,005Qs000000000000026,Cancelled,2023-05-20,2023-09-05,PGS,6065.67,6664.11,0.0898,Franquia,false,2023-03-25 00:00:00,2023-04-13 00:00:00
800000000000000010,ARCO-2025-00010,Contrato ARCO-2025-00010,001Qs000000000000322,005Qs000000000000034,Activated,2025-04-12,2025-08-28,NSE,38184.01,49250.63,0.2247,Franquia,false,2025-03-01 00:00:00,2025-11-23 00:00:00
800000000000000011,ARCO-2024-00011,Contrato ARCO-2024-00011,001Qs000000000000094,005Qs000000000000029,Activated,2024-02-18,2024-10-18,NSE,122681.8,155175.56,0.2094,Parceiro,false,2024-02-17 00:00:00,2024-08-21 00:00:00
800000000000000012,ARCO-2023-00012,Contrato ARCO-2023-00012,001Qs000000000000212,005Qs000000000000027,Cancelled,2023-01-03,2023-11-05,PGS,122222.29,163028.27,0.2503,Franquia,false,2023-02-21 00:00:00,2025-05-21 00:00:00
800000000000000013,ARCO-2024-00013,Contrato ARCO-2024-00013,001Qs000000000000222,005Qs000000000000022,Expired,2024-01-06,2024-11-23,NSE,114401.93,158144.77,0.2766,Franquia,false,2024-03-18 00:00:00,2025-12-14 00:00:00
800000000000000014,ARCO-2025-00014,Contrato ARCO-2025-00014,001Qs000000000000252,005Qs000000000000037,Activated,2025-04-11,2025-07-17,PGS,103054.41,109225.66,0.0565,Franquia,false,2025-02-08 00:00:00,2025-05-18 00:00:00
800000000000000015,ARCO-2023-00015,Contrato ARCO-2023-00015,001Qs000000000000105,005Qs000000000000012,Cancelled,2023-05-22,2023-08-15,COC,8925.85,11251.54,0.2067,Parceiro,false,2023-02-19 00:00:00,2024-01-16 00:00:00
800000000000000016,ARCO-2023-00016,Contrato ARCO-2023-00016,001Qs000000000000174,005Qs000000000000011,Activated,2023-06-18,2023-11-12,SAE,18325.28,18645.99,0.0172,Direto,false,2023-02-20 00:00:00,2023-09-08 00:00:00
800000000000000017,ARCO-2022-00017,Contrato ARCO-2022-00017,001Qs000000000000118,005Qs000000000000014,Expired,2022-04-18,2022-10-31,COC,132418.01,149912.84,0.1167,Parceiro,false,2022-02-09 00:00:00,2024-09-02 00:00:00
800000000000000018,ARCO-2025-00018,Contrato ARCO-2025-00018,001Qs000000000000134,005Qs000000000000018,Expired,2025-05-28,2025-09-18,COC,101543.1,119560.93,0.1507,Parceiro,false,2025-01-19 00:00:00,2025-11-15 00:00:00
800000000000000019,ARCO-2022-00019,Contrato ARCO-2022-00019,001Qs000000000000262,005Qs000000000000030,Expired,2022-03-05,2022-11-12,NSE,57325.78,69133.84,0.1708,Parceiro,false,2022-01-12 00:00:00,2023-11-11 00:00:00
800000000000000020,ARCO-2025-00020,Contrato ARCO-2025-00020,001Qs000000000000234,005Qs000000000000016,Cancelled,2025-03-18,2025-10-09,COC,94277.05,124540.36,0.243,Franquia,false,2025-02-25 00:00:00,2025-11-21 00:00:00
800000000000000021,ARCO-2025-00021,Contrato ARCO-2025-00021,001Qs000000000000146,005Qs000000000000011,Cancelled,2025-05-26,2025-07-25,SAE,58552.16,81742.51,0.2837,Franquia,false,2025-03-10 00:00:00,2025-08-28 00:00:00
800000000000000022,ARCO-2022-00022,Contrato ARCO-2022-00022,001Qs000000000000166,005Qs000000000000033,Activated,2022-04-16,2022-11-19,SAE,25472.39,28639.97,0.1106,Direto,false,2022-02-27 00:00:00,2023-03-04 00:00:00
800000000000000023,ARCO-2024-00023,Contrato ARCO-2024-00023,001Qs000000000000160,005Qs000000000000030,Expired,2024-01-12,2024-10-27,PGS,8252.73,10209.99,0.1917,Direto,false,2024-02-21 00:00:00,2024-10-17 00:00:00
800000000000000024,ARCO-2025-00024,Contrato ARCO-2025-00024,001Qs000000000000070,005Qs000000000000030,Draft,2025-03-06,2025-07-30,PGS,137414.5,143274.42,0.0409,Direto,false,2025-01-09 00:00:00,2025-05-13 00:00:00
800000000000000025,ARCO-2023-00025,Contrato ARCO-2023-00025,001Qs000000000000283,005Qs000000000000007,Activated,2023-05-01,2023-09-10,COC,160446.53,169104.69,0.0512,Direto,true,2023-01-16 00:00:00,2024-09-29 00:00:00
800000000000000026,ARCO-2025-00026,Contrato ARCO-2025-00026,001Qs000000000000139,005Qs000000000000014,Draft,2025-06-21,2025-07-03,Isaac,130783.58,137089.71,0.046,Franquia,false,2025-03-10 00:00:00,2025-07-20 00:00:00
800000000000000027,ARCO-2025-00027,Contrato ARCO-2025-00027,001Qs000000000000075,005Qs000000000000020,Cancelled,2025-05-14,2025-12-12,PGS,107624.62,134195.29,0.198,Parceiro,false,2025-03-18 00:00:00,2025-04-03 00:00:00
800000000000000028,ARCO-2022-00028,Contrato ARCO-2022-00028,001Qs000000000000250,005Qs000000000000002,Activated,2022-03-05,2022-10-04,Isaac,171275.04,182207.49,0.06,Direto,true,2022-01-25 00:00:00,2025-12-31 00:00:00
800000000000000029,ARCO-2022-00029,Contrato ARCO-2022-00029,001Qs000000000000167,005Qs000000000000021,Draft,2022-06-20,2022-08-12,SAE,144252.63,146182.24,0.0132,Franquia,false,2022-03-22 00:00:00,2023-04-24 00:00:00
800000000000000030,ARCO-2023-00030,Contrato ARCO-2023-00030,001Qs000000000000337,005Qs000000000000001,Activated,2023-04-20,2023-07-31,PGS,48719.43,50319.59,0.0318,Franquia,false,2023-02-10 00:00:00,2023-04-13 00:00:00
800000000000000031,ARCO-2025-00031,Contrato ARCO-2025-00031,001Qs000000000000162,005Qs000000000000003,Activated,2025-02-26,2025-07-17,Isaac,122171.77,133302.53,0.0835,Parceiro,false,2025-02-22 00:00:00,2025-09-02 00:00:00
800000000000000032,ARCO-2025-00032,Contrato ARCO-2025-00032,001Qs000000000000104,005Qs000000000000025,Cancelled,2025-05-18,2025-11-23,COC,27376.92,38434.53,0.2877,Direto,false,2025-01-23 00:00:00,2025-09-10 00:00:00
800000000000000033,ARCO-2025-00033,Contrato ARCO-2025-00033,001Qs000000000000085,005Qs000000000000015,Activated,2025-01-05,2025-12-03,NSE,158228.87,182860.13,0.1347,Franquia,false,2025-01-02 00:00:00,2025-07-29 00:00:00
800000000000000034,ARCO-2022-00034,Contrato ARCO-2022-00034,001Qs000000000000115,005Qs000000000000024,Activated,2022-03-02,2022-10-18,PGS,124282.88,152662.92,0.1859,Direto,false,2022-01-26 00:00:00,2023-02-05 00:00:00
800000000000000035,ARCO-2025-00035,Contrato ARCO-2025-00035,001Qs000000000000158,005Qs000000000000022,Cancelled,2025-01-10,2025-08-30,COC,151864.16,185064.78,0.1794,Direto,false,2025-02-10 00:00:00,2025-04-21 00:00:00
800000000000000036,ARCO-2025-00036,Contrato ARCO-2025-00036,001Qs000000000000203,005Qs000000000000016,Draft,2025-02-28,2025-09-23,COC,67400.0,71832.04,0.0617,Franquia,false,2025-02-18 00:00:00,2025-12-23 00:00:00
800000000000000037,ARCO-2024-00037,Contrato ARCO-2024-00037,001Qs000000000000146,005Qs000000000000004,Activated,2024-06-10,2024-07-02,COC,15004.25,17600.29,0.1475,Parceiro,false,2024-01-17 00:00:00,2024-07-03 00:00:00
800000000000000038,ARCO-2023-00038,Contrato ARCO-2023-00038,001Qs000000000000341,005Qs000000000000013,Activated,2023-03-02,2023-11-07,COC,15839.43,20242.08,0.2175,Direto,false,2023-01-23 00:00:00,2024-12-11 00:00:00
800000000000000039,ARCO-2023-00039,Contrato ARCO-2023-00039,001Qs000000000000211,005Qs000000000000031,Activated,2023-05-28,2023-10-23,Isaac,182006.66,193706.53,0.0604,Direto,false,2023-02-20 00:00:00,2024-04-21 00:00:00
800000000000000040,ARCO-2023-00040,Contrato ARCO-2023-00040,001Qs000000000000301,005Qs000000000000031,Activated,2023-04-19,2023-11-07,Isaac,107733.73,123831.87,0.13,Direto,false,2023-02-24 00:00:00,2025-08-22 00:00:00
800000000000000041,ARCO-2022-00041,Contrato ARCO-2022-00041,001Qs000000000000209,005Qs000000000000020,Expired,2022-05-18,2022-08-09,PGS,106861.28,112806.17,0.0527,Direto,false,2022-02-18 00:00:00,2025-05-26 00:00:00
800000000000000042,ARCO-2025-00042,Contrato ARCO-2025-00042,001Qs000000000000087,005Qs000000000000001,Activated,2025-02-04,2025-12-31,NSE,92027.55,96505.4,0.0464,Franquia,false,2025-02-17 00:00:00,2025-12-08 00:00:00
800000000000000043,ARCO-2025-00043,Contrato ARCO-2025-00043,001Qs000000000000270,005Qs000000000000027,Activated,2025-04-06,2025-10-07,Isaac,81143.54,100462.47,0.1923,Parceiro,false,2025-02-19 00:00:00,2025-06-23 00:00:00
800000000000000044,ARCO-2023-00044,Contrato ARCO-2023-00044,001Qs000000000000282,005Qs000000000000004,Activated,2023-03-31,2023-11-08,PGS,115985.2,143280.05,0.1905,Direto,false,2023-02-01 00:00:00,2023-12-05 00:00:00
800000000000000045,ARCO-2025-00045,Contrato ARCO-2025-00045,001Qs000000000000068,005Qs000000000000017,Activated,2025-06-11,2025-12-28,NSE,108262.88,136902.99,0.2092,Direto,false,2025-03-29 00:00:00,2025-06-15 00:00:00
800000000000000046,ARCO-2024-00046,Contrato ARCO-2024-00046,001Qs000000000000182,005Qs000000000000025,Expired,2024-05-28,2024-12-17,PGS,168469.95,169095.6,0.0037,Franquia,false,2024-03-16 00:00:00,2024-06-22 00:00:00
800000000000000047,ARCO-2023-00047,Contrato ARCO-2023-00047,001Qs000000000000274,005Qs000000000000025,Activated,2023-04-20,2023-09-03,NSE,118893.97,139908.18,0.1502,Direto,false,2023-02-22 00:00:00,2025-05-10 00:00:00
800000000000000048,ARCO-2022-00048,Contrato ARCO-2022-00048,001Qs000000000000107,005Qs000000000000026,Cancelled,2022-05-27,2022-09-27,SAE,150557.86,163774.46,0.0807,Parceiro,false,2022-01-22 00:00:00,2025-01-02 00:00:00
800000000000000049,ARCO-2022-00049,Contrato ARCO-2022-00049,001Qs000000000000100,005Qs000000000000011,Draft,2022-06-28,2022-10-15,COC,86280.6,107367.59,0.1964,Direto,false,2022-01-24 00:00:00,2023-01-01 00:00:00
800000000000000050,ARCO-2023-00050,Contrato ARCO-2023-00050,001Qs000000000000309,005Qs000000000000004,Activated,2023-05-09,2023-07-29,COC,70188.55,92878.85,0.2443,Parceiro,false,2023-02-03 00:00:00,2025-10-10 00:00:00
800000000000000051,ARCO-2025-00051,Contrato ARCO-2025-00051,001Qs000000000000284,005Qs000000000000025,Cancelled,2025-06-09,2025-07-28,Isaac,165648.93,174330.59,0.0498,Direto,false,2025-01-09 00:00:00,2025-09-23 00:00:00
800000000000000052,ARCO-2022-00052,Contrato ARCO-2022-00052,001Qs000000000000175,005Qs000000000000001,Activated,2022-05-05,2022-12-20,NSE,152859.47,153304.05,0.0029,Parceiro,false,2022-01-13 00:00:00,2023-06-07 00:00:00
800000000000000053,ARCO-2022-00053,Contrato ARCO-2022-00053,001Qs000000000000249,005Qs000000000000028,Expired,2022-05-14,2022-09-07,SAE,160244.4,186765.03,0.142,Direto,false,2022-03-29 00:00:00,2024-03-03 00:00:00
800000000000000054,ARCO-2024-00054,Contrato ARCO-2024-00054,001Qs000000000000178,005Qs000000000000022,Activated,2024-06-19,2024-10-11,Isaac,77439.69,78794.96,0.0172,Parceiro,false,2024-02-28 00:00:00,2025-05-17 00:00:00
800000000000000055,ARCO-2023-00055,Contrato ARCO-2023-00055,001Qs000000000000064,005Qs000000000000024,Expired,2023-02-01,2023-11-13,PGS,47013.87,59496.17,0.2098,Franquia,false,2023-03-29 00:00:00,2025-02-03 00:00:00
800000000000000056,ARCO-2025-00056,Contrato ARCO-2025-00056,001Qs000000000000323,005Qs000000000000021,Activated,2025-06-19,2025-08-18,Isaac,4536.39,5610.18,0.1914,Franquia,false,2025-02-16 00:00:00,2025-04-24 00:00:00
800000000000000057,ARCO-2024-00057,Contrato ARCO-2024-00057,001Qs000000000000286,005Qs000000000000028,Activated,2024-06-04,2024-11-02,PGS,67770.89,83032.21,0.1838,Franquia,false,2024-03-30 00:00:00,2024-07-12 00:00:00
800000000000000058,ARCO-2025-00058,Contrato ARCO-2025-00058,001Qs000000000000206,005Qs000000000000033,Expired,2025-02-19,2025-12-30,Isaac,27781.51,32916.48,0.156,Parceiro,false,2025-03-05 00:00:00,2025-05-15 00:00:00
800000000000000059,ARCO-2024-00059,Contrato ARCO-2024-00059,001Qs000000000000340,005Qs000000000000016,Activated,2024-02-13,2024-10-23,COC,163563.29,191234.99,0.1447,Parceiro,false,2024-03-25 00:00:00,2024-07-01 00:00:00
800000000000000060,ARCO-2022-00060,Contrato ARCO-2022-00060,001Qs000000000000280,005Qs000000000000018,Cancelled,2022-01-08,2022-08-11,COC,167912.42,186155.68,0.098,Franquia,false,2022-02-02 00:00:00,2025-12-24 00:00:00
800000000000000061,ARCO-2025-00061,Contrato ARCO-2025-00061,001Qs000000000000115,005Qs000000000000022,Cancelled,2025-02-04,2025-11-14,COC,109569.12,128541.9,0.1476,Franquia,false,2025-03-18 00:00:00,2025-05-04 00:00:00
800000000000000062,ARCO-2024-00062,Contrato ARCO-2024-00062,001Qs000000000000250,005Qs000000000000015,Cancelled,2024-04-07,2024-12-15,COC,108256.54,130209.93,0.1686,Direto,false,2024-01-15 00:00:00,2025-01-23 00:00:00
800000000000000063,ARCO-2022-00063,Contrato ARCO-2022-00063,001Qs000000000000109,005Qs000000000000024,Draft,2022-03-29,2022-11-29,COC,145811.37,187756.08,0.2234,Direto,false,2022-02-18 00:00:00,2025-06-25 00:00:00
800000000000000064,ARCO-2022-00064,Contrato ARCO-2022-00064,001Qs000000000000215,005Qs000000000000024,Draft,2022-06-01,2022-11-15,COC,37130.86,42022.25,0.1164,Franquia,false,2022-03-26 00:00:00,2025-08-15 00:00:00
800000000000000065,ARCO-2023-00065,Contrato ARCO-2023-00065,001Qs000000000000106,005Qs000000000000019,Activated,2023-01-03,2023-11-15,COC,154979.83,171210.59,0.0948,Direto,false,2023-03-29 00:00:00,2024-07-10 00:00:00
800000000000000066,ARCO-2023-00066,Contrato ARCO-2023-00066,001Qs000000000000201,005Qs000000000000008,Activated,2023-06-20,2023-12-27,SAE,10574.13,11697.05,0.096,Franquia,false,2023-03-15 00:00:00,2024-08-02 00:00:00
800000000000000067,ARCO-2023-00067,Contrato ARCO-2023-00067,001Qs000000000000313,005Qs000000000000014,Activated,2023-06-30,2023-10-05,COC,12464.97,16468.45,0.2431,Franquia,false,2023-01-07 00:00:00,2025-11-01 00:00:00
800000000000000068,ARCO-2023-00068,Contrato ARCO-2023-00068,001Qs000000000000309,005Qs000000000000002,Cancelled,2023-04-11,2023-09-15,NSE,157998.07,196955.96,0.1978,Direto,false,2023-02-13 00:00:00,2024-06-06 00:00:00
800000000000000069,ARCO-2025-00069,Contrato ARCO-2025-00069,001Qs000000000000235,005Qs000000000000013,Activated,2025-04-11,2025-07-19,NSE,98766.43,107929.66,0.0849,Direto,false,2025-01-13 00:00:00,2025-06-07 00:00:00
800000000000000070,ARCO-2024-00070,Contrato ARCO-2024-00070,001Qs000000000000078,005Qs000000000000031,Cancelled,2024-03-18,2024-10-26,SAE,109691.29,132653.63,0.1731,Parceiro,false,2024-01-27 00:00:00,2024-11-10 00:00:00
800000000000000071,ARCO-2023-00071,Contrato ARCO-2023-00071,001Qs000000000000055,005Qs000000000000028,Activated,2023-05-28,2023-07-27,COC,96570.83,137271.97,0.2965,Parceiro,false,2023-01-13 00:00:00,2024-03-30 00:00:00
800000000000000072,ARCO-2025-00072,Contrato ARCO-2025-00072,001Qs000000000000144,005Qs000000000000026,Draft,2025-01-31,2025-11-09,COC,108314.18,131769.07,0.178,Parceiro,false,2025-01-16 00:00:00,2025-08-02 00:00:00
800000000000000073,ARCO-2025-00073,Contrato ARCO-2025-00073,001Qs000000000000310,005Qs000000000000006,Activated,2025-06-26,2025-11-30,PGS,153713.42,191138.3,0.1958,Franquia,false,2025-02-18 00:00:00,2025-08-19 00:00:00
800000000000000074,ARCO-2025-00074,Contrato ARCO-2025-00074,001Qs000000000000245,005Qs000000000000033,Draft,2025-01-31,2025-07-30,COC,18014.64,21114.21,0.1468,Parceiro,false,2025-03-17 00:00:00,2025-12-02 00:00:00
800000000000000075,ARCO-2024-00075,Contrato ARCO-2024-00075,001Qs000000000000099,005Qs000000000000037,Expired,2024-02-16,2024-10-07,COC,80190.03,99417.34,0.1934,Parceiro,false,2024-02-11 00:00:00,2024-06-05 00:00:00
800000000000000076,ARCO-2023-00076,Contrato ARCO-2023-00076,001Qs000000000000265,005Qs000000000000032,Cancelled,2023-01-06,2023-10-09,Isaac,95180.56,113431.73,0.1609,Franquia,false,2023-03-16 00:00:00,2024-10-03 00:00:00
800000000000000077,ARCO-2022-00077,Contrato ARCO-2022-00077,001Qs000000000000160,005Qs000000000000029,Cancelled,2022-01-31,2022-08-16,SAE,136983.96,173090.67,0.2086,Parceiro,true,2022-01-06 00:00:00,2022-12-20 00:00:00
800000000000000078,ARCO-2023-00078,Contrato ARCO-2023-00078,001Qs000000000000135,005Qs000000000000033,Draft,2023-05-24,2023-09-04,SAE,169236.93,171032.77,0.0105,Direto,false,2023-03-11 00:00:00,2023-09-23 00:00:00
800000000000000079,ARCO-2025-00079,Contrato ARCO-2025-00079,001Qs000000000000051,005Qs000000000000035,Activated,2025-03-18,2025-07-12,PGS,159985.9,189511.85,0.1558,Parceiro,false,2025-03-15 00:00:00,2025-12-08 00:00:00
800000000000000080,ARCO-2024-00080,Contrato ARCO-2024-00080,001Qs000000000000327,005Qs000000000000003,Activated,2024-06-04,2024-11-15,COC,82982.88,104565.12,0.2064,Parceiro,false,2024-01-25 00:00:00,2024-08-24 00:00:00
800000000000000081,ARCO-2024-00081,Contrato ARCO-2024-00081,001Qs000000000000165,005Qs000000000000040,Activated,2024-06-03,2024-11-19,PGS,42052.13,47127.79,0.1077,Parceiro,false,2024-03-11 00:00:00,2024-12-18 00:00:00
800000000000000082,ARCO-2024-00082,Contrato ARCO-2024-00082,001Qs000000000000252,005Qs000000000000010,Cancelled,2024-02-11,2024-10-11,NSE,67312.54,93933.21,0.2834,Parceiro,false,2024-01-10 00:00:00,2025-01-01 00:00:00
800000000000000083,ARCO-2023-00083,Contrato ARCO-2023-00083,001Qs000000000000247,005Qs000000000000010,Expired,2023-06-18,2023-12-13,SAE,135051.76,164999.1,0.1815,Direto,false,2023-02-18 00:00:00,2023-04-27 00:00:00
800000000000000084,ARCO-2023-00084,Contrato ARCO-2023-00084,001Qs000000000000090,005Qs000000000000006,Activated,2023-02-01,2023-11-14,SAE,22097.37,26448.08,0.1645,Direto,false,2023-02-04 00:00:00,2023-08-28 00:00:00
800000000000000085,ARCO-2023-00085,Contrato ARCO-2023-00085,001Qs000000000000196,005Qs000000000000008,Draft,2023-01-26,2023-10-05,COC,182926.45,195999.62,0.0667,Franquia,false,2023-02-09 00:00:00,2024-11-23 00:00:00
800000000000000086,ARCO-2025-00086,Contrato ARCO-2025-00086,001Qs000000000000099,005Qs000000000000007,Expired,2025-03-31,2025-12-27,Isaac,106708.93,116570.82,0.0846,Parceiro,false,2025-02-10 00:00:00,2025-10-17 00:00:00
800000000000000087,ARCO-2023-00087,Contrato ARCO-2023-00087,001Qs000000000000233,005Qs000000000000038,Cancelled,2023-06-23,2023-11-14,COC,82788.38,112575.98,0.2646,Direto,false,2023-01-02 00:00:00,2025-03-04 00:00:00
800000000000000088,ARCO-2023-00088,Contrato ARCO-2023-00088,001Qs000000000000116,005Qs000000000000024,Activated,2023-04-07,2023-11-23,COC,146047.68,148407.36,0.0159,Franquia,false,2023-03-19 00:00:00,2024-06-02 00:00:00
800000000000000089,ARCO-2025-00089,Contrato ARCO-2025-00089,001Qs000000000000146,005Qs000000000000015,Activated,2025-04-01,2025-10-28,SAE,94422.0,102934.7,0.0827,Franquia,false,2025-01-12 00:00:00,2025-09-04 00:00:00
800000000000000090,ARCO-2025-00090,Contrato ARCO-2025-00090,001Qs000000000000216,005Qs000000000000037,Draft,2025-06-12,2025-07-21,Isaac,18518.41,19955.18,0.072,Parceiro,false,2025-02-06 00:00:00,2025-12-09 00:00:00
800000000000000091,ARCO-2022-00091,Contrato ARCO-2022-00091,001Qs000000000000275,005Qs000000000000035,Cancelled,2022-05-11,2022-08-04,Isaac,83309.58,98532.91,0.1545,Direto,false,2022-01-02 00:00:00,2025-09-14 00:00:00
800000000000000092,ARCO-2023-00092,Contrato ARCO-2023-00092,001Qs000000000000054,005Qs000000000000034,Cancelled,2023-04-19,2023-12-27,NSE,97891.83,109193.34,0.1035,Parceiro,false,2023-03-19 00:00:00,2024-07-03 00:00:00
800000000000000093,ARCO-2023-00093,Contrato ARCO-2023-00093,001Qs000000000000328,005Qs000000000000004,Activated,2023-02-14,2023-07-20,PGS,73511.93,76574.93,0.04,Direto,false,2023-02-18 00:00:00,2023-09-22 00:00:00
800000000000000094,ARCO-2024-00094,Contrato ARCO-2024-00094,001Qs000000000000109,005Qs000000000000019,Activated,2024-06-22,2024-09-02,SAE,124520.62,167186.65,0.2552,Direto,false,2024-02-07 00:00:00,2024-12-28 00:00:00
800000000000000095,ARCO-2023-00095,Contrato ARCO-2023-00095,001Qs000000000000052,005Qs000000000000033,Cancelled,2023-06-11,2023-11-23,Isaac,59117.9,81756.19,0.2769,Direto,false,2023-03-21 00:00:00,2025-08-16 00:00:00
800000000000000096,ARCO-2025-00096,Contrato ARCO-2025-00096,001Qs000000000000080,005Qs000000000000023,Activated,2025-01-02,2025-12-05,COC,86287.18,94769.01,0.0895,Direto,false,2025-02-15 00:00:00,2025-04-05 00:00:00
800000000000000097,ARCO-2022-00097,Contrato ARCO-2022-00097,001Qs000000000000278,005Qs000000000000032,Activated,2022-02-20,2022-07-22,Isaac,79010.17,108173.83,0.2696,Parceiro,false,2022-03-26 00:00:00,2023-08-26 00:00:00
800000000000000098,ARCO-2023-00098,Contrato ARCO-2023-00098,001Qs000000000000300,005Qs000000000000018,Activated,2023-04-06,2023-09-15,Isaac,55710.94,76076.66,0.2677,Direto,false,2023-03-26 00:00:00,2025-08-07 00:00:00
800000000000000099,ARCO-2025-00099,Contrato ARCO-2025-00099,001Qs000000000000135,005Qs000000000000008,Activated,2025-04-01,2025-10-20,COC,4507.13,6132.99,0.2651,Direto,false,2025-01-06 00:00:00,2025-06-08 00:00:00
800000000000000100,ARCO-2025-00100,Contrato ARCO-2025-00100,001Qs000000000000273,005Qs000000000000018,Cancelled,2025-03-26,2025-07-09,Isaac,34096.16,36260.94,0.0597,Direto,false,2025-03-04 00:00:00,2025-12-10 00:00:00
800000000000000101,ARCO-2023-00101,Contrato ARCO-2023-00101,001Qs000000000000222,005Qs000000000000009,Activated,2023-05-09,2023-10-08,COC,21827.47,30626.45,0.2873,Direto,false,2023-03-06 00:00:00,2023-04-14 00:00:00
800000000000000102,ARCO-2023-00102,Contrato ARCO-2023-00102,001Qs000000000000077,005Qs000000000000019,Cancelled,2023-03-29,2023-10-18,SAE,152181.81,195405.51,0.2212,Direto,false,2023-01-11 00:00:00,2025-05-19 00:00:00
800000000000000103,ARCO-2025-00103,Contrato ARCO-2025-00103,001Qs000000000000182,005Qs000000000000017,Expired,2025-02-09,2025-11-08,COC,37944.55,41437.75,0.0843,Franquia,false,2025-02-24 00:00:00,2025-07-11 00:00:00
800000000000000104,ARCO-2025-00104,Contrato ARCO-2025-00104,001Qs000000000000104,005Qs000000000000010,Cancelled,2025-05-09,2025-12-04,COC,28320.93,40331.71,0.2978,Parceiro,false,2025-01-17 00:00:00,2025-10-23 00:00:00
800000000000000105,ARCO-2022-00105,Contrato ARCO-2022-00105,001Qs000000000000196,005Qs000000000000025,Activated,2022-02-07,2022-10-18,PGS,7938.17,8443.96,0.0599,Franquia,false,2022-02-09 00:00:00,2025-10-19 00:00:00
800000000000000106,ARCO-2023-00106,Contrato ARCO-2023-00106,001Qs000000000000168,005Qs000000000000008,Activated,2023-04-20,2023-10-31,SAE,14790.21,16963.2,0.1281,Direto,false,2023-02-05 00:00:00,2025-11-21 00:00:00
800000000000000107,ARCO-2024-00107,Contrato ARCO-2024-00107,001Qs000000000000272,005Qs000000000000021,Activated,2024-03-22,2024-07-13,COC,40433.48,40441.57,0.0002,Direto,false,2024-03-01 00:00:00,2025-01-12 00:00:00
800000000000000108,ARCO-2022-00108,Contrato ARCO-2022-00108,001Qs000000000000278,005Qs000000000000001,Activated,2022-03-06,2022-11-03,NSE,68968.82,75898.34,0.0913,Parceiro,false,2022-02-12 00:00:00,2024-04-08 00:00:00
800000000000000109,ARCO-2024-00109,Contrato ARCO-2024-00109,001Qs000000000000330,005Qs000000000000007,Expired,2024-04-05,2024-08-30,COC,123495.13,131798.43,0.063,Franquia,false,2024-03-18 00:00:00,2024-08-02 00:00:00
800000000000000110,ARCO-2022-00110,Contrato ARCO-2022-00110,001Qs000000000000151,005Qs000000000000022,Activated,2022-06-30,2022-10-23,SAE,181299.49,185472.62,0.0225,Franquia,false,2022-03-02 00:00:00,2023-05-19 00:00:00
800000000000000111,ARCO-2023-00111,Contrato ARCO-2023-00111,001Qs000000000000073,005Qs000000000000036,Activated,2023-02-19,2023-10-16,SAE,103830.78,112346.66,0.0758,Direto,false,2023-02-27 00:00:00,2025-01-04 00:00:00
800000000000000112,ARCO-2022-00112,Contrato ARCO-2022-00112,001Qs000000000000282,005Qs000000000000011,Draft,2022-05-04,2022-10-16,NSE,76525.63,107133.74,0.2857,Direto,false,2022-03-31 00:00:00,2022-12-21 00:00:00
800000000000000113,ARCO-2024-00113,Contrato ARCO-2024-00113,001Qs000000000000074,005Qs000000000000035,Expired,2024-01-16,2024-12-25,NSE,31801.11,42087.23,0.2444,Parceiro,false,2024-01-22 00:00:00,2025-06-23 00:00:00
800000000000000114,ARCO-2025-00114,Contrato ARCO-2025-00114,001Qs000000000000347,005Qs000000000000014,Activated,2025-04-13,2025-12-03,NSE,54743.01,57941.37,0.0552,Franquia,false,2025-01-02 00:00:00,2025-12-19 00:00:00
800000000000000115,ARCO-2025-00115,Contrato ARCO-2025-00115,001Qs000000000000317,005Qs000000000000036,Cancelled,2025-05-15,2025-09-05,Isaac,59923.67,64164.98,0.0661,Parceiro,false,2025-01-29 00:00:00,2025-04-24 00:00:00
800000000000000116,ARCO-2023-00116,Contrato ARCO-2023-00116,001Qs000000000000205,005Qs000000000000004,Draft,2023-06-13,2023-08-07,COC,172980.35,188698.97,0.0833,Parceiro,false,2023-03-10 00:00:00,2023-07-28 00:00:00
800000000000000117,ARCO-2022-00117,Contrato ARCO-2022-00117,001Qs000000000000234,005Qs000000000000017,Cancelled,2022-06-04,2022-10-03,COC,48902.16,68289.57,0.2839,Direto,false,2022-03-20 00:00:00,2023-11-25 00:00:00
800000000000000118,ARCO-2024-00118,Contrato ARCO-2024-00118,001Qs000000000000080,005Qs000000000000002,Cancelled,2024-01-03,2024-09-30,NSE,33928.36,47759.52,0.2896,Franquia,false,2024-03-15 00:00:00,2024-07-18 00:00:00
800000000000000119,ARCO-2025-00119,Contrato ARCO-2025-00119,001Qs000000000000187,005Qs000000000000018,Cancelled,2025-06-12,2025-12-02,COC,84866.74,112421.17,0.2451,Franquia,false,2025-03-22 00:00:00,2025-10-20 00:00:00
800000000000000120,ARCO-2023-00120,Contrato ARCO-2023-00120,001Qs000000000000287,005Qs000000000000030,Activated,2023-04-22,2023-10-03,COC,29050.12,33925.17,0.1437,Parceiro,false,2023-01-25 00:00:00,2024-11-04 00:00:00
800000000000000121,ARCO-2025-00121,Contrato ARCO-2025-00121,001Qs000000000000145,005Qs000000000000039,Cancelled,2025-03-14,2025-07-06,COC,48089.42,65481.24,0.2656,Parceiro,false,2025-01-19 00:00:00,2025-05-07 00:00:00
800000000000000122,ARCO-2025-00122,Contrato ARCO-2025-00122,001Qs000000000000181,005Qs000000000000001,Activated,2025-06-15,2025-10-12,NSE,20667.39,24545.59,0.158,Parceiro,false,2025-02-18 00:00:00,2025-10-14 00:00:00
800000000000000123,ARCO-2022-00123,Contrato ARCO-2022-00123,001Qs000000000000108,005Qs000000000000039,Draft,2022-06-14,2022-07-12,Isaac,23665.91,30774.91,0.231,Parceiro,false,2022-01-14 00:00:00,2025-04-15 00:00:00
800000000000000124,ARCO-2024-00124,Contrato ARCO-2024-00124,001Qs000000000000094,005Qs000000000000020,Activated,2024-02-05,2024-10-31,SAE,112141.49,153135.99,0.2677,Direto,false,2024-01-20 00:00:00,2024-12-06 00:00:00
800000000000000125,ARCO-2022-00125,Contrato ARCO-2022-00125,001Qs000000000000338,005Qs000000000000035,Cancelled,2022-03-10,2022-12-08,SAE,110294.09,111004.52,0.0064,Parceiro,false,2022-03-07 00:00:00,2024-07-29 00:00:00
800000000000000126,ARCO-2023-00126,Contrato ARCO-2023-00126,001Qs000000000000051,005Qs000000000000015,Activated,2023-01-07,2023-08-28,PGS,84388.93,88291.41,0.0442,Franquia,false,2023-01-15 00:00:00,2024-08-16 00:00:00
800000000000000127,ARCO-2023-00127,Contrato ARCO-2023-00127,001Qs000000000000108,005Qs000000000000006,Activated,2023-01-27,2023-09-11,Isaac,60882.56,74675.04,0.1847,Franquia,false,2023-01-20 00:00:00,2023-09-30 00:00:00
800000000000000128,ARCO-2025-00128,Contrato ARCO-2025-00128,001Qs000000000000331,005Qs000000000000020,Activated,2025-06-03,2025-08-16,NSE,131288.72,137489.5,0.0451,Direto,false,2025-02-14 00:00:00,2025-05-24 00:00:00
800000000000000129,ARCO-2024-00129,Contrato ARCO-2024-00129,001Qs000000000000315,005Qs000000000000001,Cancelled,2024-04-04,2024-09-06,COC,128286.82,163090.29,0.2134,Franquia,false,2024-01-19 00:00:00,2025-02-22 00:00:00
800000000000000130,ARCO-2023-00130,Contrato ARCO-2023-00130,001Qs000000000000256,005Qs000000000000010,Activated,2023-05-03,2023-07-18,Isaac,23597.0,27066.99,0.1282,Direto,false,2023-01-17 00:00:00,2023-10-04 00:00:00
800000000000000131,ARCO-2025-00131,Contrato ARCO-2025-00131,001Qs000000000000237,005Qs000000000000022,Activated,2025-05-07,2025-10-17,COC,69996.58,98851.27,0.2919,Franquia,false,2025-02-01 00:00:00,2025-10-14 00:00:00
800000000000000132,ARCO-2025-00132,Contrato ARCO-2025-00132,001Qs000000000000341,005Qs000000000000006,Activated,2025-05-18,2025-11-14,NSE,84797.16,101057.27,0.1609,Franquia,false,2025-02-23 00:00:00,2025-12-26 00:00:00
800000000000000133,ARCO-2023-00133,Contrato ARCO-2023-00133,001Qs000000000000095,005Qs000000000000031,Activated,2023-04-03,2023-07-01,COC,33247.52,44639.53,0.2552,Parceiro,false,2023-01-08 00:00:00,2025-10-20 00:00:00
800000000000000134,ARCO-2024-00134,Contrato ARCO-2024-00134,001Qs000000000000241,005Qs000000000000027,Activated,2024-03-16,2024-10-26,COC,24631.87,33107.35,0.256,Parceiro,false,2024-01-29 00:00:00,2024-05-28 00:00:00
800000000000000135,ARCO-2023-00135,Contrato ARCO-2023-00135,001Qs000000000000112,005Qs000000000000024,Cancelled,2023-06-30,2023-08-06,Isaac,77983.87,78604.85,0.0079,Franquia,false,2023-01-14 00:00:00,2025-02-07 00:00:00
800000000000000136,ARCO-2022-00136,Contrato ARCO-2022-00136,001Qs000000000000304,005Qs000000000000001,Expired,2022-02-10,2022-07-08,NSE,32216.44,33642.9,0.0424,Direto,false,2022-01-20 00:00:00,2023-04-09 00:00:00
800000000000000137,ARCO-2025-00137,Contrato ARCO-2025-00137,001Qs000000000000124,005Qs000000000000029,Cancelled,2025-05-16,2025-12-26,Isaac,163199.0,190009.32,0.1411,Direto,false,2025-01-15 00:00:00,2025-06-19 00:00:00
800000000000000138,ARCO-2022-00138,Contrato ARCO-2022-00138,001Qs000000000000067,005Qs000000000000030,Expired,2022-02-14,2022-11-06,NSE,31955.74,36268.01,0.1189,Franquia,false,2022-02-03 00:00:00,2025-06-15 00:00:00
800000000000000139,ARCO-2024-00139,Contrato ARCO-2024-00139,001Qs000000000000171,005Qs000000000000009,Activated,2024-02-10,2024-09-08,COC,164279.09,194758.85,0.1565,Direto,false,2024-03-20 00:00:00,2024-05-28 00:00:00
800000000000000140,ARCO-2023-00140,Contrato ARCO-2023-00140,001Qs000000000000257,005Qs000000000000021,Activated,2023-05-24,2023-12-02,PGS,127696.19,169134.03,0.245,Direto,false,2023-01-22 00:00:00,2023-05-26 00:00:00
800000000000000141,ARCO-2024-00141,Contrato ARCO-2024-00141,001Qs000000000000275,005Qs000000000000022,Activated,2024-03-10,2024-07-28,Isaac,22599.06,25358.01,0.1088,Parceiro,false,2024-02-06 00:00:00,2024-09-14 00:00:00
800000000000000142,ARCO-2022-00142,Contrato ARCO-2022-00142,001Qs000000000000084,005Qs000000000000003,Activated,2022-06-02,2022-07-03,COC,138382.92,152521.68,0.0927,Direto,false,2022-01-11 00:00:00,2025-06-11 00:00:00
800000000000000143,ARCO-2022-00143,Contrato ARCO-2022-00143,001Qs000000000000348,005Qs000000000000023,Activated,2022-01-12,2022-07-13,SAE,47561.41,66343.16,0.2831,Direto,true,2022-03-06 00:00:00,2023-05-05 00:00:00
800000000000000144,ARCO-2024-00144,Contrato ARCO-2024-00144,001Qs000000000000257,005Qs000000000000033,Cancelled,2024-04-01,2024-08-03,Isaac,137871.15,142018.08,0.0292,Franquia,false,2024-01-20 00:00:00,2024-04-25 00:00:00
800000000000000145,ARCO-2025-00145,Contrato ARCO-2025-00145,001Qs000000000000304,005Qs000000000000006,Expired,2025-01-10,2025-09-13,COC,28979.53,36438.49,0.2047,Parceiro,false,2025-03-29 00:00:00,2025-06-12 00:00:00
800000000000000146,ARCO-2023-00146,Contrato ARCO-2023-00146,001Qs000000000000316,005Qs000000000000009,Expired,2023-06-05,2023-12-14,SAE,82357.33,107040.98,0.2306,Direto,false,2023-02-16 00:00:00,2024-12-29 00:00:00
800000000000000147,ARCO-2025-00147,Contrato ARCO-2025-00147,001Qs000000000000071,005Qs000000000000010,Cancelled,2025-06-24,2025-10-08,NSE,36185.06,51626.57,0.2991,Franquia,false,2025-03-05 00:00:00,2025-05-20 00:00:00
800000000000000148,ARCO-2022-00148,Contrato ARCO-2022-00148,001Qs000000000000126,005Qs000000000000019,Activated,2022-05-21,2022-07-23,COC,88335.82,102287.89,0.1364,Parceiro,false,2022-02-05 00:00:00,2025-06-24 00:00:00
800000000000000149,ARCO-2024-00149,Contrato ARCO-2024-00149,001Qs000000000000237,005Qs000000000000017,Draft,2024-01-19,2024-08-15,PGS,123735.29,143577.73,0.1382,Franquia,false,2024-01-18 00:00:00,2024-08-05 00:00:00
800000000000000150,ARCO-2025-00150,Contrato ARCO-2025-00150,001Qs000000000000071,005Qs000000000000029,Activated,2025-03-15,2025-10-11,SAE,69004.32,84761.48,0.1859,Franquia,false,2025-03-21 00:00:00,2025-09-08 00:00:00
800000000000000151,ARCO-2024-00151,Contrato ARCO-2024-00151,001Qs000000000000093,005Qs000000000000003,Cancelled,2024-04-15,2024-11-07,NSE,68351.46,92767.99,0.2632,Franquia,false,2024-01-08 00:00:00,2024-12-07 00:00:00
800000000000000152,ARCO-2022-00152,Contrato ARCO-2022-00152,001Qs000000000000132,005Qs000000000000025,Draft,2022-03-16,2022-10-05,PGS,31555.28,35850.13,0.1198,Franquia,false,2022-01-12 00:00:00,2024-03-15 00:00:00
800000000000000153,ARCO-2025-00153,Contrato ARCO-2025-00153,001Qs000000000000299,005Qs000000000000026,Cancelled,2025-05-17,2025-10-28,PGS,24856.56,26278.21,0.0541,Parceiro,false,2025-02-21 00:00:00,2025-09-16 00:00:00
800000000000000154,ARCO-2022-00154,Contrato ARCO-2022-00154,001Qs000000000000218,005Qs000000000000030,Activated,2022-06-04,2022-11-02,Isaac,36130.3,46463.86,0.2224,Franquia,false,2022-01-20 00:00:00,2024-11-18 00:00:00
800000000000000155,ARCO-2023-00155,Contrato ARCO-2023-00155,001Qs000000000000163,005Qs000000000000024,Activated,2023-05-26,2023-07-09,PGS,151715.25,197623.09,0.2323,Direto,false,2023-01-28 00:00:00,2023-05-26 00:00:00
800000000000000156,ARCO-2023-00156,Contrato ARCO-2023-00156,001Qs000000000000062,005Qs000000000000018,Cancelled,2023-04-19,2023-09-08,PGS,51294.57,54153.9,0.0528,Parceiro,false,2023-02-08 00:00:00,2025-09-11 00:00:00
800000000000000157,ARCO-2025-00157,Contrato ARCO-2025-00157,001Qs000000000000272,005Qs000000000000028,Expired,2025-02-24,2025-12-19,SAE,169260.27,179149.31,0.0552,Direto,false,2025-01-22 00:00:00,2025-07-11 00:00:00
800000000000000158,ARCO-2024-00158,Contrato ARCO-2024-00158,001Qs000000000000272,005Qs000000000000023,Activated,2024-05-01,2024-11-15,NSE,132606.63,139321.95,0.0482,Direto,false,2024-01-02 00:00:00,2025-10-27 00:00:00
800000000000000159,ARCO-2023-00159,Contrato ARCO-2023-00159,001Qs000000000000090,005Qs000000000000021,Cancelled,2023-06-20,2023-11-26,Isaac,113061.06,125219.91,0.0971,Parceiro,false,2023-02-28 00:00:00,2025-11-12 00:00:00
800000000000000160,ARCO-2023-00160,Contrato ARCO-2023-00160,001Qs000000000000315,005Qs000000000000029,Activated,2023-01-30,2023-12-20,COC,71086.26,84245.39,0.1562,Franquia,true,2023-02-27 00:00:00,2025-01-14 00:00:00
800000000000000161,ARCO-2022-00161,Contrato ARCO-2022-00161,001Qs000000000000069,005Qs000000000000014,Activated,2022-02-18,2022-10-16,SAE,108097.53,140806.99,0.2323,Parceiro,false,2022-01-25 00:00:00,2025-06-25 00:00:00
800000000000000162,ARCO-2022-00162,Contrato ARCO-2022-00162,001Qs000000000000246,005Qs000000000000032,Activated,2022-01-05,2022-09-16,PGS,152762.64,179847.71,0.1506,Direto,false,2022-02-22 00:00:00,2024-03-21 00:00:00
800000000000000163,ARCO-2024-00163,Contrato ARCO-2024-00163,001Qs000000000000337,005Qs000000000000012,Activated,2024-05-13,2024-09-24,NSE,25680.45,27109.1,0.0527,Franquia,false,2024-01-21 00:00:00,2025-10-08 00:00:00
800000000000000164,ARCO-2025-00164,Contrato ARCO-2025-00164,001Qs000000000000252,005Qs000000000000007,Activated,2025-06-18,2025-12-24,Isaac,111472.99,137654.96,0.1902,Parceiro,false,2025-01-12 00:00:00,2025-04-09 00:00:00
800000000000000165,ARCO-2025-00165,Contrato ARCO-2025-00165,001Qs000000000000105,005Qs000000000000003,Activated,2025-06-09,2025-11-17,SAE,21186.24,24441.9,0.1332,Direto,false,2025-01-28 00:00:00,2025-07-24 00:00:00
800000000000000166,ARCO-2025-00166,Contrato ARCO-2025-00166,001Qs000000000000342,005Qs000000000000030,Activated,2025-01-30,2025-08-20,PGS,122936.17,171986.81,0.2852,Franquia,false,2025-02-20 00:00:00,2025-04-04 00:00:00
800000000000000167,ARCO-2024-00167,Contrato ARCO-2024-00167,001Qs000000000000169,005Qs000000000000027,Expired,2024-03-13,2024-09-07,COC,162525.09,176523.4,0.0793,Parceiro,false,2024-02-23 00:00:00,2024-05-04 00:00:00
800000000000000168,ARCO-2022-00168,Contrato ARCO-2022-00168,001Qs000000000000064,005Qs000000000000037,Activated,2022-04-06,2022-11-10,PGS,135223.5,164906.71,0.18,Parceiro,false,2022-03-13 00:00:00,2024-06-10 00:00:00
800000000000000169,ARCO-2023-00169,Contrato ARCO-2023-00169,001Qs000000000000258,005Qs000000000000012,Draft,2023-05-28,2023-10-18,PGS,24377.97,30129.74,0.1909,Direto,false,2023-03-08 00:00:00,2023-09-10 00:00:00
800000000000000170,ARCO-2025-00170,Contrato ARCO-2025-00170,001Qs000000000000173,005Qs000000000000017,Draft,2025-02-02,2025-11-07,NSE,23221.57,28082.68,0.1731,Parceiro,false,2025-02-11 00:00:00,2025-07-14 00:00:00
800000000000000171,ARCO-2022-00171,Contrato ARCO-2022-00171,001Qs000000000000098,005Qs000000000000035,Draft,2022-04-22,2022-07-03,Isaac,104915.44,127634.35,0.178,Franquia,false,2022-02-18 00:00:00,2022-05-22 00:00:00
800000000000000172,ARCO-2023-00172,Contrato ARCO-2023-00172,001Qs000000000000291,005Qs000000000000013,Cancelled,2023-06-11,2023-09-30,NSE,33276.4,41378.26,0.1958,Parceiro,false,2023-02-18 00:00:00,2025-05-28 00:00:00
800000000000000173,ARCO-2024-00173,Contrato ARCO-2024-00173,001Qs000000000000077,005Qs000000000000007,Activated,2024-01-22,2024-08-06,Isaac,102962.81,127350.41,0.1915,Direto,false,2024-03-17 00:00:00,2024-08-04 00:00:00
800000000000000174,ARCO-2022-00174,Contrato ARCO-2022-00174,001Qs000000000000125,005Qs000000000000014,Activated,2022-03-09,2022-08-16,PGS,19667.06,23091.54,0.1483,Parceiro,false,2022-03-04 00:00:00,2022-05-15 00:00:00
800000000000000175,ARCO-2025-00175,Contrato ARCO-2025-00175,001Qs000000000000088,005Qs000000000000029,Activated,2025-06-10,2025-07-20,COC,40210.74,46007.71,0.126,Parceiro,false,2025-02-08 00:00:00,2025-04-06 00:00:00
800000000000000176,ARCO-2023-00176,Contrato ARCO-2023-00176,001Qs000000000000350,005Qs000000000000040,Cancelled,2023-06-05,2023-07-09,NSE,24991.86,27855.39,0.1028,Franquia,false,2023-01-01 00:00:00,2023-09-10 00:00:00
800000000000000177,ARCO-2024-00177,Contrato ARCO-2024-00177,001Qs000000000000114,005Qs000000000000014,Activated,2024-06-04,2024-07-08,SAE,92493.04,109511.06,0.1554,Parceiro,false,2024-01-28 00:00:00,2024-05-01 00:00:00
800000000000000178,ARCO-2024-00178,Contrato ARCO-2024-00178,001Qs000000000000123,005Qs000000000000006,Activated,2024-01-22,2024-12-25,SAE,173152.27,188270.38,0.0803,Franquia,false,2024-03-11 00:00:00,2025-01-27 00:00:00
800000000000000179,ARCO-2025-00179,Contrato ARCO-2025-00179,001Qs000000000000313,005Qs000000000000018,Activated,2025-05-12,2025-10-11,PGS,170993.54,184857.88,0.075,Parceiro,false,2025-03-16 00:00:00,2025-09-07 00:00:00
800000000000000180,ARCO-2023-00180,Contrato ARCO-2023-00180,001Qs000000000000159,005Qs000000000000021,Cancelled,2023-05-05,2023-10-19,NSE,154640.5,177157.18,0.1271,Parceiro,false,2023-03-19 00:00:00,2024-04-27 00:00:00
800000000000000181,ARCO-2025-00181,Contrato ARCO-2025-00181,001Qs000000000000156,005Qs000000000000003,Expired,2025-04-01,2025-10-04,NSE,135823.47,180089.46,0.2458,Direto,false,2025-03-17 00:00:00,2025-10-27 00:00:00
800000000000000182,ARCO-2024-00182,Contrato ARCO-2024-00182,001Qs000000000000331,005Qs000000000000012,Activated,2024-04-11,2024-07-08,SAE,20717.26,27356.74,0.2427,Parceiro,false,2024-01-10 00:00:00,2024-11-07 00:00:00
800000000000000183,ARCO-2024-00183,Contrato ARCO-2024-00183,001Qs000000000000247,005Qs000000000000014,Activated,2024-03-21,2024-08-01,PGS,5458.03,6878.43,0.2065,Franquia,false,2024-02-11 00:00:00,2024-11-25 00:00:00
800000000000000184,ARCO-2022-00184,Contrato ARCO-2022-00184,001Qs000000000000254,005Qs000000000000039,Activated,2022-06-04,2022-08-24,Isaac,104484.64,107816.16,0.0309,Franquia,false,2022-03-24 00:00:00,2024-08-11 00:00:00
800000000000000185,ARCO-2025-00185,Contrato ARCO-2025-00185,001Qs000000000000218,005Qs000000000000018,Activated,2025-02-20,2025-08-20,PGS,12507.53,14683.65,0.1482,Parceiro,false,2025-01-16 00:00:00,2025-11-18 00:00:00
800000000000000186,ARCO-2023-00186,Contrato ARCO-2023-00186,001Qs000000000000223,005Qs000000000000037,Expired,2023-04-09,2023-08-30,Isaac,107362.93,117400.69,0.0855,Direto,false,2023-02-06 00:00:00,2023-08-13 00:00:00
800000000000000187,ARCO-2025-00187,Contrato ARCO-2025-00187,001Qs000000000000069,005Qs000000000000027,Expired,2025-05-16,2025-07-11,SAE,70444.14,70791.02,0.0049,Direto,false,2025-02-10 00:00:00,2025-09-25 00:00:00
800000000000000188,ARCO-2025-00188,Contrato ARCO-2025-00188,001Qs000000000000091,005Qs000000000000030,Expired,2025-03-22,2025-11-04,PGS,109723.03,124402.53,0.118,Franquia,false,2025-01-16 00:00:00,2025-10-09 00:00:00
800000000000000189,ARCO-2022-00189,Contrato ARCO-2022-00189,001Qs000000000000065,005Qs000000000000028,Activated,2022-01-13,2022-07-03,COC,22498.15,32053.21,0.2981,Parceiro,false,2022-01-12 00:00:00,2023-04-27 00:00:00
800000000000000190,ARCO-2024-00190,Contrato ARCO-2024-00190,001Qs000000000000335,005Qs000000000000020,Draft,2024-06-25,2024-07-14,Isaac,42536.09,55639.1,0.2355,Direto,false,2024-02-12 00:00:00,2025-12-19 00:00:00
800000000000000191,ARCO-2025-00191,Contrato ARCO-2025-00191,001Qs000000000000194,005Qs000000000000010,Cancelled,2025-02-13,2025-08-05,NSE,114497.53,118773.37,0.036,Direto,false,2025-03-23 00:00:00,2025-11-15 00:00:00
800000000000000192,ARCO-2022-00192,Contrato ARCO-2022-00192,001Qs000000000000327,005Qs000000000000031,Expired,2022-03-03,2022-11-25,COC,83760.96,98195.73,0.147,Parceiro,false,2022-02-03 00:00:00,2023-11-28 00:00:00
800000000000000193,ARCO-2022-00193,Contrato ARCO-2022-00193,001Qs000000000000237,005Qs000000000000005,Expired,2022-03-04,2022-12-16,PGS,97501.28,131191.18,0.2568,Parceiro,false,2022-01-28 00:00:00,2022-04-27 00:00:00
800000000000000194,ARCO-2023-00194,Contrato ARCO-2023-00194,001Qs000000000000299,005Qs000000000000034,Activated,2023-02-18,2023-11-02,NSE,23795.21,25384.27,0.0626,Direto,false,2023-02-09 00:00:00,2025-03-26 00:00:00
800000000000000195,ARCO-2025-00195,Contrato ARCO-2025-00195,001Qs000000000000131,005Qs000000000000040,Expired,2025-01-28,2025-08-03,NSE,42463.0,47663.04,0.1091,Parceiro,false,2025-02-21 00:00:00,2025-07-06 00:00:00
800000000000000196,ARCO-2022-00196,Contrato ARCO-2022-00196,001Qs000000000000198,005Qs000000000000010,Activated,2022-02-12,2022-12-23,PGS,47962.87,64893.62,0.2609,Parceiro,false,2022-01-15 00:00:00,2023-08-06 00:00:00
800000000000000197,ARCO-2022-00197,Contrato ARCO-2022-00197,001Qs000000000000295,005Qs000000000000008,Activated,2022-03-10,2022-07-08,NSE,82276.69,97866.88,0.1593,Parceiro,false,2022-02-15 00:00:00,2024-08-31 00:00:00
800000000000000198,ARCO-2023-00198,Contrato ARCO-2023-00198,001Qs000000000000130,005Qs000000000000007,Activated,2023-05-09,2023-10-19,Isaac,102391.4,104045.73,0.0159,Franquia,false,2023-02-18 00:00:00,2025-04-19 00:00:00
800000000000000199,ARCO-2025-00199,Contrato ARCO-2025-00199,001Qs000000000000153,005Qs000000000000034,Activated,2025-02-18,2025-10-12,PGS,36179.69,39445.8,0.0828,Parceiro,false,2025-03-29 00:00:00,2025-04-26 00:00:00
800000000000000200,ARCO-2023-00200,Contrato ARCO-2023-00200,001Qs000000000000108,005Qs000000000000035,Activated,2023-01-30,2023-07-14,Isaac,148548.42,179536.4,0.1726,Direto,false,2023-01-29 00:00:00,2025-09-20 00:00:00
800000000000000201,ARCO-2025-00201,Contrato ARCO-2025-00201,001Qs000000000000257,005Qs000000000000014,Activated,2025-01-26,2025-08-26,COC,109027.64,148115.25,0.2639,Parceiro,false,2025-02-14 00:00:00,2025-08-26 00:00:00
800000000000000202,ARCO-2024-00202,Contrato ARCO-2024-00202,001Qs000000000000052,005Qs000000000000016,Draft,2024-02-17,2024-11-06,COC,148053.1,182017.58,0.1866,Direto,false,2024-03-28 00:00:00,2024-06-11 00:00:00
800000000000000203,ARCO-2023-00203,Contrato ARCO-2023-00203,001Qs000000000000148,005Qs000000000000002,Activated,2023-04-27,2023-08-06,COC,154148.44,192637.39,0.1998,Direto,false,2023-01-10 00:00:00,2023-09-22 00:00:00
800000000000000204,ARCO-2022-00204,Contrato ARCO-2022-00204,001Qs000000000000237,005Qs000000000000002,Activated,2022-05-30,2022-07-01,NSE,92773.59,100219.93,0.0743,Franquia,false,2022-02-07 00:00:00,2023-07-12 00:00:00
800000000000000205,ARCO-2023-00205,Contrato ARCO-2023-00205,001Qs000000000000128,005Qs000000000000023,Draft,2023-01-26,2023-09-16,NSE,145469.92,161759.06,0.1007,Direto,false,2023-03-26 00:00:00,2024-08-11 00:00:00
800000000000000206,ARCO-2024-00206,Contrato ARCO-2024-00206,001Qs000000000000243,005Qs000000000000039,Activated,2024-01-04,2024-09-29,PGS,57342.65,63721.14,0.1001,Parceiro,false,2024-02-04 00:00:00,2025-09-14 00:00:00
800000000000000207,ARCO-2022-00207,Contrato ARCO-2022-00207,001Qs000000000000128,005Qs000000000000037,Activated,2022-02-26,2022-12-16,PGS,177530.58,198846.98,0.1072,Direto,false,2022-01-27 00:00:00,2022-09-30 00:00:00
800000000000000208,ARCO-2023-00208,Contrato ARCO-2023-00208,001Qs000000000000250,005Qs000000000000029,Cancelled,2023-01-28,2023-09-09,NSE,140200.72,176043.09,0.2036,Parceiro,false,2023-02-03 00:00:00,2025-10-19 00:00:00
800000000000000209,ARCO-2024-00209,Contrato ARCO-2024-00209,001Qs000000000000225,005Qs000000000000038,Activated,2024-05-30,2024-10-15,NSE,173631.76,189326.97,0.0829,Franquia,false,2024-02-13 00:00:00,2025-12-19 00:00:00
800000000000000210,ARCO-2022-00210,Contrato ARCO-2022-00210,001Qs000000000000279,005Qs000000000000010,Activated,2022-05-26,2022-09-27,PGS,43431.17,61239.66,0.2908,Franquia,false,2022-01-20 00:00:00,2025-03-07 00:00:00
800000000000000211,ARCO-2024-00211,Contrato ARCO-2024-00211,001Qs000000000000345,005Qs000000000000030,Cancelled,2024-02-11,2024-09-16,Isaac,97992.18,99930.84,0.0194,Parceiro,false,2024-02-06 00:00:00,2025-11-29 00:00:00
800000000000000212,ARCO-2022-00212,Contrato ARCO-2022-00212,001Qs000000000000078,005Qs000000000000017,Activated,2022-03-20,2022-07-02,COC,71299.29,88912.95,0.1981,Direto,true,2022-02-06 00:00:00,2025-01-23 00:00:00
800000000000000213,ARCO-2023-00213,Contrato ARCO-2023-00213,001Qs000000000000095,005Qs000000000000006,Cancelled,2023-03-11,2023-08-06,SAE,187450.29,199203.28,0.059,Parceiro,false,2023-01-05 00:00:00,2024-07-28 00:00:00
800000000000000214,ARCO-2024-00214,Contrato ARCO-2024-00214,001Qs000000000000183,005Qs000000000000017,Cancelled,2024-06-12,2024-10-07,SAE,62045.15,87399.84,0.2901,Franquia,false,2024-02-09 00:00:00,2024-09-25 00:00:00
800000000000000215,ARCO-2025-00215,Contrato ARCO-2025-00215,001Qs000000000000221,005Qs000000000000013,Expired,2025-02-05,2025-12-22,SAE,143091.74,154693.77,0.075,Direto,false,2025-01-11 00:00:00,2025-08-31 00:00:00
800000000000000216,ARCO-2025-00216,Contrato ARCO-2025-00216,001Qs000000000000339,005Qs000000000000033,Activated,2025-04-07,2025-10-20,SAE,19979.19,23728.25,0.158,Direto,false,2025-02-15 00:00:00,2025-11-05 00:00:00
800000000000000217,ARCO-2025-00217,Contrato ARCO-2025-00217,001Qs000000000000273,005Qs000000000000006,Activated,2025-04-29,2025-07-08,COC,181503.57,182948.87,0.0079,Franquia,false,2025-02-08 00:00:00,2025-08-03 00:00:00
800000000000000218,ARCO-2024-00218,Contrato ARCO-2024-00218,001Qs000000000000117,005Qs000000000000009,Expired,2024-05-19,2024-11-22,PGS,173335.65,176172.02,0.0161,Franquia,false,2024-01-01 00:00:00,2025-07-18 00:00:00
800000000000000219,ARCO-2025-00219,Contrato ARCO-2025-00219,001Qs000000000000078,005Qs000000000000007,Draft,2025-01-15,2025-09-08,SAE,134297.66,166829.39,0.195,Franquia,false,2025-03-03 00:00:00,2025-09-17 00:00:00
800000000000000220,ARCO-2022-00220,Contrato ARCO-2022-00220,001Qs000000000000114,005Qs000000000000034,Cancelled,2022-05-30,2022-12-20,COC,82108.44,104610.07,0.2151,Franquia,false,2022-03-05 00:00:00,2023-01-05 00:00:00
800000000000000221,ARCO-2023-00221,Contrato ARCO-2023-00221,001Qs000000000000132,005Qs000000000000040,Activated,2023-06-10,2023-09-18,COC,104422.31,145232.7,0.281,Parceiro,false,2023-01-09 00:00:00,2023-04-01 00:00:00
800000000000000222,ARCO-2023-00222,Contrato ARCO-2023-00222,001Qs000000000000113,005Qs000000000000029,Expired,2023-01-25,2023-09-02,PGS,38465.89,44837.26,0.1421,Parceiro,false,2023-01-16 00:00:00,2024-02-02 00:00:00
800000000000000223,ARCO-2025-00223,Contrato ARCO-2025-00223,001Qs000000000000307,005Qs000000000000040,Activated,2025-03-02,2025-11-17,Isaac,45505.56,55752.95,0.1838,Direto,false,2025-01-19 00:00:00,2025-04-12 00:00:00
800000000000000224,ARCO-2023-00224,Contrato ARCO-2023-00224,001Qs000000000000125,005Qs000000000000031,Cancelled,2023-06-18,2023-08-31,PGS,29779.2,38301.22,0.2225,Direto,false,2023-02-07 00:00:00,2025-02-12 00:00:00
800000000000000225,ARCO-2022-00225,Contrato ARCO-2022-00225,001Qs000000000000312,005Qs000000000000027,Activated,2022-06-20,2022-09-09,PGS,64269.6,81281.9,0.2093,Parceiro,false,2022-01-04 00:00:00,2023-11-02 00:00:00
800000000000000226,ARCO-2025-00226,Contrato ARCO-2025-00226,001Qs000000000000113,005Qs000000000000040,Expired,2025-04-10,2025-07-03,PGS,116999.23,118204.92,0.0102,Parceiro,false,2025-02-15 00:00:00,2025-06-11 00:00:00
800000000000000227,ARCO-2025-00227,Contrato ARCO-2025-00227,001Qs000000000000294,005Qs000000000000023,Activated,2025-01-03,2025-08-10,NSE,55562.22,74760.79,0.2568,Direto,false,2025-03-07 00:00:00,2025-05-03 00:00:00
800000000000000228,ARCO-2023-00228,Contrato ARCO-2023-00228,001Qs000000000000130,005Qs000000000000018,Activated,2023-06-17,2023-11-22,SAE,55890.45,71161.76,0.2146,Direto,false,2023-01-09 00:00:00,2025-10-25 00:00:00
800000000000000229,ARCO-2025-00229,Contrato ARCO-2025-00229,001Qs000000000000249,005Qs000000000000034,Activated,2025-06-05,2025-12-16,SAE,31632.24,40173.03,0.2126,Parceiro,false,2025-03-31 00:00:00,2025-09-13 00:00:00
800000000000000230,ARCO-2024-00230,Contrato ARCO-2024-00230,001Qs000000000000264,005Qs000000000000007,Draft,2024-01-12,2024-07-08,PGS,162965.3,171146.08,0.0478,Franquia,false,2024-03-01 00:00:00,2025-02-26 00:00:00
800000000000000231,ARCO-2023-00231,Contrato ARCO-2023-00231,001Qs000000000000177,005Qs000000000000040,Draft,2023-02-14,2023-10-07,SAE,133183.36,152383.71,0.126,Parceiro,false,2023-01-05 00:00:00,2025-08-15 00:00:00
800000000000000232,ARCO-2022-00232,Contrato ARCO-2022-00232,001Qs000000000000285,005Qs000000000000029,Activated,2022-06-05,2022-12-09,PGS,122121.28,168932.47,0.2771,Parceiro,false,2022-03-23 00:00:00,2025-06-19 00:00:00
800000000000000233,ARCO-2023-00233,Contrato ARCO-2023-00233,001Qs000000000000154,005Qs000000000000028,Activated,2023-05-06,2023-10-21,NSE,128088.97,137375.56,0.0676,Parceiro,false,2023-01-12 00:00:00,2024-11-17 00:00:00
800000000000000234,ARCO-2022-00234,Contrato ARCO-2022-00234,001Qs000000000000100,005Qs000000000000035,Activated,2022-01-09,2022-08-05,Isaac,159856.96,179191.75,0.1079,Direto,false,2022-01-24 00:00:00,2025-11-06 00:00:00
800000000000000235,ARCO-2025-00235,Contrato ARCO-2025-00235,001Qs000000000000151,005Qs000000000000009,Activated,2025-05-27,2025-10-30,Isaac,91690.83,102665.81,0.1069,Direto,false,2025-02-24 00:00:00,2025-10-10 00:00:00
800000000000000236,ARCO-2022-00236,Contrato ARCO-2022-00236,001Qs000000000000351,005Qs000000000000039,Draft,2022-02-02,2022-11-10,NSE,60918.6,63154.26,0.0354,Direto,false,2022-01-03 00:00:00,2023-07-03 00:00:00
800000000000000237,ARCO-2024-00237,Contrato ARCO-2024-00237,001Qs000000000000184,005Qs000000000000005,Activated,2024-06-29,2024-09-30,NSE,13480.04,18250.8,0.2614,Franquia,false,2024-01-31 00:00:00,2025-09-13 00:00:00
800000000000000238,ARCO-2024-00238,Contrato ARCO-2024-00238,001Qs000000000000262,005Qs000000000000017,Expired,2024-01-15,2024-11-17,Isaac,136320.16,141015.99,0.0333,Parceiro,false,2024-02-13 00:00:00,2025-06-06 00:00:00
800000000000000239,ARCO-2024-00239,Contrato ARCO-2024-00239,001Qs000000000000156,005Qs000000000000004,Activated,2024-01-16,2024-08-05,COC,33843.25,44825.5,0.245,Direto,false,2024-01-10 00:00:00,2025-10-30 00:00:00
800000000000000240,ARCO-2022-00240,Contrato ARCO-2022-00240,001Qs000000000000234,005Qs000000000000031,Draft,2022-04-17,2022-12-01,COC,107575.22,149161.43,0.2788,Direto,false,2022-01-06 00:00:00,2022-10-31 00:00:00
800000000000000241,ARCO-2022-00241,Contrato ARCO-2022-00241,001Qs000000000000314,005Qs000000000000015,Expired,2022-02-27,2022-12-14,Isaac,62796.32,73300.25,0.1433,Parceiro,false,2022-01-04 00:00:00,2023-05-07 00:00:00
800000000000000242,ARCO-2025-00242,Contrato ARCO-2025-00242,001Qs000000000000060,005Qs000000000000028,Expired,2025-05-04,2025-07-14,NSE,71377.94,80489.33,0.1132,Parceiro,false,2025-01-15 00:00:00,2025-11-11 00:00:00
800000000000000243,ARCO-2022-00243,Contrato ARCO-2022-00243,001Qs000000000000245,005Qs000000000000038,Activated,2022-02-19,2022-09-26,Isaac,88554.21,90122.34,0.0174,Parceiro,false,2022-02-22 00:00:00,2025-04-03 00:00:00
800000000000000244,ARCO-2022-00244,Contrato ARCO-2022-00244,001Qs000000000000058,005Qs000000000000003,Cancelled,2022-03-05,2022-07-15,SAE,19181.59,19939.28,0.038,Direto,false,2022-03-19 00:00:00,2025-12-02 00:00:00
800000000000000245,ARCO-2023-00245,Contrato ARCO-2023-00245,001Qs000000000000205,005Qs000000000000017,Activated,2023-06-05,2023-10-10,NSE,94737.44,98346.77,0.0367,Parceiro,false,2023-03-05 00:00:00,2025-03-23 00:00:00
800000000000000246,ARCO-2024-00246,Contrato ARCO-2024-00246,001Qs000000000000167,005Qs000000000000034,Activated,2024-03-18,2024-10-02,SAE,143343.69,157140.64,0.0878,Direto,false,2024-03-30 00:00:00,2025-10-07 00:00:00
800000000000000247,ARCO-2022-00247,Contrato ARCO-2022-00247,001Qs000000000000078,005Qs000000000000009,Activated,2022-04-16,2022-12-28,NSE,162586.36,190359.87,0.1459,Parceiro,false,2022-02-09 00:00:00,2025-05-07 00:00:00
800000000000000248,ARCO-2023-00248,Contrato ARCO-2023-00248,001Qs000000000000114,005Qs000000000000030,Activated,2023-02-06,2023-07-10,Isaac,154694.83,195692.39,0.2095,Parceiro,false,2023-03-05 00:00:00,2025-08-04 00:00:00
800000000000000249,ARCO-2022-00249,Contrato ARCO-2022-00249,001Qs000000000000194,005Qs000000000000040,Activated,2022-05-31,2022-10-07,PGS,45173.95,63580.51,0.2895,Direto,false,2022-01-03 00:00:00,2024-05-23 00:00:00
800000000000000250,ARCO-2025-00250,Contrato ARCO-2025-00250,001Qs000000000000286,005Qs000000000000020,Draft,2025-02-27,2025-08-22,Isaac,63332.95,78968.76,0.198,Franquia,false,2025-02-14 00:00:00,2025-04-14 00:00:00
800000000000000251,ARCO-2024-00251,Contrato ARCO-2024-00251,001Qs000000000000190,005Qs000000000000028,Expired,2024-02-25,2024-07-08,Isaac,53698.9,71484.16,0.2488,Parceiro,false,2024-03-11 00:00:00,2025-05-03 00:00:00
800000000000000252,ARCO-2024-00252,Contrato ARCO-2024-00252,001Qs000000000000333,005Qs000000000000025,Activated,2024-04-18,2024-11-24,PGS,111739.24,145247.94,0.2307,Franquia,false,2024-01-31 00:00:00,2024-08-14 00:00:00
800000000000000253,ARCO-2022-00253,Contrato ARCO-2022-00253,001Qs000000000000199,005Qs000000000000037,Cancelled,2022-03-12,2022-07-22,PGS,153541.06,199767.19,0.2314,Parceiro,false,2022-03-20 00:00:00,2023-10-14 00:00:00
800000000000000254,ARCO-2024-00254,Contrato ARCO-2024-00254,001Qs000000000000193,005Qs000000000000037,Cancelled,2024-03-05,2024-12-15,SAE,133269.29,163000.6,0.1824,Direto,false,2024-01-23 00:00:00,2025-06-29 00:00:00
800000000000000255,ARCO-2025-00255,Contrato ARCO-2025-00255,001Qs000000000000059,005Qs000000000000036,Activated,2025-01-03,2025-10-28,COC,10901.32,12215.73,0.1076,Direto,false,2025-01-08 00:00:00,2025-05-11 00:00:00
800000000000000256,ARCO-2024-00256,Contrato ARCO-2024-00256,001Qs000000000000342,005Qs000000000000032,Activated,2024-01-17,2024-10-21,COC,30855.57,40061.76,0.2298,Parceiro,false,2024-03-21 00:00:00,2024-09-26 00:00:00
800000000000000257,ARCO-2023-00257,Contrato ARCO-2023-00257,001Qs000000000000076,005Qs000000000000038,Activated,2023-01-30,2023-12-15,SAE,9939.99,12507.85,0.2053,Parceiro,false,2023-03-12 00:00:00,2025-04-04 00:00:00
800000000000000258,ARCO-2023-00258,Contrato ARCO-2023-00258,001Qs000000000000082,005Qs000000000000035,Cancelled,2023-03-08,2023-09-04,Isaac,6078.78,8143.04,0.2535,Franquia,false,2023-01-31 00:00:00,2024-03-24 00:00:00
800000000000000259,ARCO-2022-00259,Contrato ARCO-2022-00259,001Qs000000000000090,005Qs000000000000024,Expired,2022-04-24,2022-07-29,PGS,97211.18,104651.93,0.0711,Parceiro,false,2022-03-24 00:00:00,2024-08-21 00:00:00
800000000000000260,ARCO-2024-00260,Contrato ARCO-2024-00260,001Qs000000000000126,005Qs000000000000024,Draft,2024-03-24,2024-12-03,PGS,142743.52,158692.07,0.1005,Direto,false,2024-03-20 00:00:00,2024-05-02 00:00:00
800000000000000261,ARCO-2023-00261,Contrato ARCO-2023-00261,001Qs000000000000245,005Qs000000000000021,Draft,2023-03-16,2023-08-08,NSE,181407.49,182815.17,0.0077,Franquia,false,2023-03-07 00:00:00,2025-06-11 00:00:00
800000000000000262,ARCO-2024-00262,Contrato ARCO-2024-00262,001Qs000000000000165,005Qs000000000000006,Activated,2024-05-29,2024-07-09,Isaac,127135.87,133126.57,0.045,Parceiro,false,2024-03-13 00:00:00,2025-08-29 00:00:00
800000000000000263,ARCO-2025-00263,Contrato ARCO-2025-00263,001Qs000000000000335,005Qs000000000000034,Cancelled,2025-02-01,2025-11-13,PGS,131395.7,160650.08,0.1821,Direto,false,2025-02-04 00:00:00,2025-07-09 00:00:00
800000000000000264,ARCO-2024-00264,Contrato ARCO-2024-00264,001Qs000000000000180,005Qs000000000000016,Activated,2024-03-03,2024-10-01,PGS,45301.45,50023.69,0.0944,Franquia,false,2024-02-22 00:00:00,2025-04-06 00:00:00
800000000000000265,ARCO-2022-00265,Contrato ARCO-2022-00265,001Qs000000000000237,005Qs000000000000029,Expired,2022-05-10,2022-07-20,PGS,147416.55,183353.92,0.196,Parceiro,false,2022-03-14 00:00:00,2022-12-13 00:00:00
800000000000000266,ARCO-2023-00266,Contrato ARCO-2023-00266,001Qs000000000000266,005Qs000000000000021,Cancelled,2023-05-30,2023-12-18,Isaac,29443.02,31937.33,0.0781,Parceiro,false,2023-02-22 00:00:00,2024-06-05 00:00:00
800000000000000267,ARCO-2023-00267,Contrato ARCO-2023-00267,001Qs000000000000354,005Qs000000000000008,Activated,2023-06-11,2023-08-20,PGS,133028.22,180475.13,0.2629,Direto,true,2023-03-12 00:00:00,2025-03-29 00:00:00
800000000000000268,ARCO-2025-00268,Contrato ARCO-2025-00268,001Qs000000000000102,005Qs000000000000033,Activated,2025-01-09,2025-10-19,NSE,9182.34,9666.64,0.0501,Direto,false,2025-02-24 00:00:00,2025-09-29 00:00:00
800000000000000269,ARCO-2023-00269,Contrato ARCO-2023-00269,001Qs000000000000263,005Qs000000000000022,Cancelled,2023-05-23,2023-08-31,NSE,138701.81,143836.78,0.0357,Franquia,false,2023-03-20 00:00:00,2023-07-20 00:00:00
800000000000000270,ARCO-2022-00270,Contrato ARCO-2022-00270,001Qs000000000000088,005Qs000000000000028,Cancelled,2022-04-01,2022-10-23,SAE,148037.06,182581.47,0.1892,Direto,false,2022-03-31 00:00:00,2023-01-01 00:00:00
800000000000000271,ARCO-2023-00271,Contrato ARCO-2023-00271,001Qs000000000000320,005Qs000000000000025,Draft,2023-02-08,2023-07-02,SAE,107340.43,120742.89,0.111,Direto,false,2023-01-23 00:00:00,2024-09-02 00:00:00
800000000000000272,ARCO-2024-00272,Contrato ARCO-2024-00272,001Qs000000000000100,005Qs000000000000038,Activated,2024-03-17,2024-11-04,NSE,59417.04,71517.86,0.1692,Direto,false,2024-02-06 00:00:00,2025-02-25 00:00:00
800000000000000273,ARCO-2025-00273,Contrato ARCO-2025-00273,001Qs000000000000219,005Qs000000000000014,Activated,2025-02-06,2025-07-11,PGS,127641.96,163727.5,0.2204,Franquia,false,2025-02-05 00:00:00,2025-09-08 00:00:00
800000000000000274,ARCO-2022-00274,Contrato ARCO-2022-00274,001Qs000000000000234,005Qs000000000000011,Activated,2022-02-12,2022-07-31,SAE,52204.52,61129.42,0.146,Direto,false,2022-03-19 00:00:00,2022-11-04 00:00:00
800000000000000275,ARCO-2023-00275,Contrato ARCO-2023-00275,001Qs000000000000198,005Qs000000000000039,Activated,2023-01-25,2023-08-22,Isaac,95478.14,112671.87,0.1526,Franquia,false,2023-03-10 00:00:00,2025-06-27 00:00:00
800000000000000276,ARCO-2023-00276,Contrato ARCO-2023-00276,001Qs000000000000054,005Qs000000000000029,Activated,2023-01-07,2023-10-03,NSE,32009.45,44612.48,0.2825,Parceiro,false,2023-02-28 00:00:00,2024-01-28 00:00:00
800000000000000277,ARCO-2022-00277,Contrato ARCO-2022-00277,001Qs000000000000113,005Qs000000000000008,Activated,2022-04-21,2022-11-04,SAE,41692.83,56296.02,0.2594,Parceiro,false,2022-01-29 00:00:00,2022-08-31 00:00:00
800000000000000278,ARCO-2024-00278,Contrato ARCO-2024-00278,001Qs000000000000133,005Qs000000000000005,Expired,2024-03-26,2024-09-09,SAE,72806.48,93425.49,0.2207,Parceiro,false,2024-02-25 00:00:00,2024-07-12 00:00:00
800000000000000279,ARCO-2024-00279,Contrato ARCO-2024-00279,001Qs000000000000151,005Qs000000000000009,Expired,2024-06-18,2024-12-08,NSE,9675.15,11949.06,0.1903,Direto,true,2024-01-29 00:00:00,2024-10-18 00:00:00
800000000000000280,ARCO-2024-00280,Contrato ARCO-2024-00280,001Qs000000000000300,005Qs000000000000006,Activated,2024-05-04,2024-08-17,NSE,135490.17,148044.33,0.0848,Franquia,false,2024-01-28 00:00:00,2024-04-04 00:00:00
800000000000000281,ARCO-2025-00281,Contrato ARCO-2025-00281,001Qs000000000000085,005Qs000000000000017,Activated,2025-05-23,2025-12-04,NSE,43228.06,45666.66,0.0534,Direto,false,2025-03-22 00:00:00,2025-07-30 00:00:00
800000000000000282,ARCO-2024-00282,Contrato ARCO-2024-00282,001Qs000000000000307,005Qs000000000000032,Expired,2024-06-17,2024-08-16,PGS,131753.75,176188.48,0.2522,Franquia,false,2024-02-20 00:00:00,2025-12-04 00:00:00
800000000000000283,ARCO-2024-00283,Contrato ARCO-2024-00283,001Qs000000000000338,005Qs000000000000019,Activated,2024-03-16,2024-07-25,PGS,33913.39,47691.45,0.2889,Direto,false,2024-02-11 00:00:00,2024-12-10 00:00:00
800000000000000284,ARCO-2025-00284,Contrato ARCO-2025-00284,001Qs000000000000111,005Qs000000000000009,Activated,2025-04-29,2025-09-20,PGS,119862.14,133819.51,0.1043,Direto,false,2025-03-18 00:00:00,2025-10-28 00:00:00
800000000000000285,ARCO-2023-00285,Contrato ARCO-2023-00285,001Qs000000000000065,005Qs000000000000036,Activated,2023-03-10,2023-11-07,SAE,34960.46,46945.7,0.2553,Direto,false,2023-03-28 00:00:00,2024-02-20 00:00:00
800000000000000286,ARCO-2025-00286,Contrato ARCO-2025-00286,001Qs000000000000257,005Qs000000000000015,Activated,2025-04-19,2025-10-11,SAE,54920.66,55836.38,0.0164,Franquia,false,2025-01-06 00:00:00,2025-09-05 00:00:00
800000000000000287,ARCO-2025-00287,Contrato ARCO-2025-00287,001Qs000000000000267,005Qs000000000000040,Activated,2025-05-27,2025-08-12,NSE,83905.23,109522.55,0.2339,Direto,false,2025-01-17 00:00:00,2025-04-11 00:00:00
800000000000000288,ARCO-2022-00288,Contrato ARCO-2022-00288,001Qs000000000000251,005Qs000000000000004,Draft,2022-06-30,2022-09-24,NSE,140802.83,182884.57,0.2301,Parceiro,false,2022-02-16 00:00:00,2025-04-01 00:00:00
800000000000000289,ARCO-2023-00289,Contrato ARCO-2023-00289,001Qs000000000000133,005Qs000000000000022,Expired,2023-04-12,2023-12-31,PGS,37767.48,49720.22,0.2404,Parceiro,false,2023-03-12 00:00:00,2025-04-20 00:00:00
800000000000000290,ARCO-2023-00290,Contrato ARCO-2023-00290,001Qs000000000000057,005Qs000000000000011,Draft,2023-01-06,2023-11-12,SAE,22007.55,24991.54,0.1194,Direto,false,2023-01-04 00:00:00,2023-11-22 00:00:00
800000000000000291,ARCO-2023-00291,Contrato ARCO-2023-00291,001Qs000000000000068,005Qs000000000000018,Activated,2023-02-01,2023-10-05,Isaac,127547.32,132778.81,0.0394,Parceiro,false,2023-01-10 00:00:00,2024-08-29 00:00:00
800000000000000292,ARCO-2025-00292,Contrato ARCO-2025-00292,001Qs000000000000061,005Qs000000000000026,Draft,2025-05-19,2025-12-02,COC,178913.5,184200.04,0.0287,Franquia,false,2025-02-09 00:00:00,2025-09-13 00:00:00
800000000000000293,ARCO-2025-00293,Contrato ARCO-2025-00293,001Qs000000000000322,005Qs000000000000037,Cancelled,2025-01-06,2025-09-16,PGS,54886.57,58439.7,0.0608,Direto,false,2025-02-07 00:00:00,2025-11-06 00:00:00
800000000000000294,ARCO-2022-00294,Contrato ARCO-2022-00294,001Qs000000000000168,005Qs000000000000016,Activated,2022-05-24,2022-09-10,PGS,72226.52,99253.16,0.2723,Parceiro,false,2022-03-05 00:00:00,2024-06-15 00:00:00
800000000000000295,ARCO-2024-00295,Contrato ARCO-2024-00295,001Qs000000000000339,005Qs000000000000015,Cancelled,2024-01-28,2024-10-24,PGS,34444.63,48691.87,0.2926,Direto,false,2024-03-02 00:00:00,2025-10-29 00:00:00
800000000000000296,ARCO-2022-00296,Contrato ARCO-2022-00296,001Qs000000000000215,005Qs000000000000032,Activated,2022-02-06,2022-12-09,NSE,189699.27,195284.4,0.0286,Parceiro,false,2022-01-11 00:00:00,2023-01-15 00:00:00
800000000000000297,ARCO-2025-00297,Contrato ARCO-2025-00297,001Qs000000000000302,005Qs000000000000022,Expired,2025-05-26,2025-08-29,COC,14051.12,16491.93,0.148,Parceiro,false,2025-02-11 00:00:00,2025-10-26 00:00:00
800000000000000298,ARCO-2022-00298,Contrato ARCO-2022-00298,001Qs000000000000193,005Qs000000000000016,Cancelled,2022-02-23,2022-11-21,SAE,133779.3,159965.68,0.1637,Direto,false,2022-03-03 00:00:00,2025-02-17 00:00:00
800000000000000299,ARCO-2022-00299,Contrato ARCO-2022-00299,001Qs000000000000105,005Qs000000000000008,Activated,2022-06-29,2022-07-20,COC,60486.21,78258.78,0.2271,Parceiro,false,2022-02-26 00:00:00,2022-11-19 00:00:00
800000000000000300,ARCO-2022-00300,Contrato ARCO-2022-00300,001Qs000000000000275,005Qs000000000000036,Activated,2022-02-13,2022-12-08,PGS,137986.85,161614.96,0.1462,Direto,false,2022-01-02 00:00:00,2023-11-29 00:00:00
800000000000000301,ARCO-2022-00301,Contrato ARCO-2022-00301,001Qs000000000000280,005Qs000000000000011,Activated,2022-06-23,2022-09-08,COC,87163.59,106883.62,0.1845,Direto,false,2022-03-08 00:00:00,2023-05-24 00:00:00
800000000000000302,ARCO-2024-00302,Contrato ARCO-2024-00302,001Qs000000000000325,005Qs000000000000009,Expired,2024-03-05,2024-10-29,COC,68502.64,95261.63,0.2809,Franquia,false,2024-03-01 00:00:00,2024-04-11 00:00:00
800000000000000303,ARCO-2024-00303,Contrato ARCO-2024-00303,001Qs000000000000271,005Qs000000000000013,Activated,2024-02-08,2024-10-29,COC,12776.77,18074.36,0.2931,Franquia,false,2024-01-13 00:00:00,2025-10-03 00:00:00
800000000000000304,ARCO-2025-00304,Contrato ARCO-2025-00304,001Qs000000000000225,005Qs000000000000036,Draft,2025-01-16,2025-12-07,COC,91874.41,96395.35,0.0469,Direto,false,2025-03-22 00:00:00,2025-04-08 00:00:00
800000000000000305,ARCO-2023-00305,Contrato ARCO-2023-00305,001Qs000000000000196,005Qs000000000000017,Activated,2023-04-20,2023-11-27,NSE,130994.59,147218.01,0.1102,Franquia,false,2023-03-24 00:00:00,2025-02-04 00:00:00
800000000000000306,ARCO-2023-00306,Contrato ARCO-2023-00306,001Qs000000000000090,005Qs000000000000007,Expired,2023-02-09,2023-07-27,COC,135090.15,147478.33,0.084,Franquia,false,2023-03-17 00:00:00,2025-01-20 00:00:00
800000000000000307,ARCO-2025-00307,Contrato ARCO-2025-00307,001Qs000000000000225,005Qs000000000000031,Expired,2025-06-01,2025-12-02,COC,44756.66,59061.31,0.2422,Parceiro,false,2025-01-01 00:00:00,2025-07-28 00:00:00
800000000000000308,ARCO-2023-00308,Contrato ARCO-2023-00308,001Qs000000000000097,005Qs000000000000004,Expired,2023-02-07,2023-08-06,COC,27394.16,37139.59,0.2624,Franquia,false,2023-02-26 00:00:00,2024-06-09 00:00:00
800000000000000309,ARCO-2025-00309,Contrato ARCO-2025-00309,001Qs000000000000223,005Qs000000000000031,Activated,2025-05-09,2025-07-31,SAE,45820.53,51950.71,0.118,Direto,false,2025-03-08 00:00:00,2025-09-10 00:00:00
800000000000000310,ARCO-2022-00310,Contrato ARCO-2022-00310,001Qs000000000000163,005Qs000000000000032,Activated,2022-06-12,2022-09-10,SAE,107497.17,143712.8,0.252,Franquia,false,2022-01-16 00:00:00,2025-05-17 00:00:00
800000000000000311,ARCO-2025-00311,Contrato ARCO-2025-00311,001Qs000000000000235,005Qs000000000000028,Activated,2025-01-07,2025-10-02,COC,132077.99,171797.6,0.2312,Franquia,false,2025-03-13 00:00:00,2025-07-07 00:00:00
800000000000000312,ARCO-2025-00312,Contrato ARCO-2025-00312,001Qs000000000000248,005Qs000000000000020,Activated,2025-01-03,2025-08-20,SAE,76813.45,91205.71,0.1578,Parceiro,true,2025-02-17 00:00:00,2025-08-08 00:00:00
800000000000000313,ARCO-2022-00313,Contrato ARCO-2022-00313,001Qs000000000000195,005Qs000000000000017,Draft,2022-06-15,2022-09-09,SAE,114576.33,130126.44,0.1195,Franquia,false,2022-01-08 00:00:00,2025-06-15 00:00:00
800000000000000314,ARCO-2022-00314,Contrato ARCO-2022-00314,001Qs000000000000301,005Qs000000000000035,Expired,2022-06-11,2022-10-25,Isaac,86322.17,100608.59,0.142,Parceiro,false,2022-02-17 00:00:00,2022-05-30 00:00:00
800000000000000315,ARCO-2023-00315,Contrato ARCO-2023-00315,001Qs000000000000143,005Qs000000000000004,Activated,2023-01-22,2023-10-16,SAE,161640.96,167642.56,0.0358,Parceiro,false,2023-03-11 00:00:00,2024-01-10 00:00:00
800000000000000316,ARCO-2023-00316,Contrato ARCO-2023-00316,001Qs000000000000059,005Qs000000000000024,Activated,2023-06-22,2023-09-20,NSE,170911.63,180058.61,0.0508,Parceiro,false,2023-03-27 00:00:00,2024-05-17 00:00:00
800000000000000317,ARCO-2025-00317,Contrato ARCO-2025-00317,001Qs000000000000082,005Qs000000000000003,Draft,2025-02-19,2025-11-06,SAE,31064.0,33765.22,0.08,Franquia,false,2025-01-26 00:00:00,2025-12-15 00:00:00
800000000000000318,ARCO-2025-00318,Contrato ARCO-2025-00318,001Qs000000000000141,005Qs000000000000037,Cancelled,2025-01-01,2025-09-18,Isaac,52241.83,58383.81,0.1052,Franquia,false,2025-03-01 00:00:00,2025-05-16 00:00:00
800000000000000319,ARCO-2022-00319,Contrato ARCO-2022-00319,001Qs000000000000097,005Qs000000000000011,Activated,2022-01-23,2022-08-17,Isaac,54333.15,66912.75,0.188,Parceiro,false,2022-03-23 00:00:00,2024-05-07 00:00:00
800000000000000320,ARCO-2025-00320,Contrato ARCO-2025-00320,001Qs000000000000092,005Qs000000000000013,Cancelled,2025-03-05,2025-09-17,COC,135848.5,168275.12,0.1927,Direto,false,2025-01-07 00:00:00,2025-10-12 00:00:00
800000000000000321,ARCO-2024-00321,Contrato ARCO-2024-00321,001Qs000000000000144,005Qs000000000000013,Activated,2024-02-05,2024-11-22,COC,62019.72,66530.49,0.0678,Direto,false,2024-02-03 00:00:00,2025-06-25 00:00:00
800000000000000322,ARCO-2024-00322,Contrato ARCO-2024-00322,001Qs000000000000098,005Qs000000000000011,Activated,2024-03-31,2024-11-26,Isaac,58317.48,75904.57,0.2317,Franquia,false,2024-02-19 00:00:00,2024-09-07 00:00:00
800000000000000323,ARCO-2023-00323,Contrato ARCO-2023-00323,001Qs000000000000280,005Qs000000000000033,Activated,2023-06-15,2023-12-22,NSE,150303.94,160272.92,0.0622,Franquia,false,2023-02-04 00:00:00,2023-07-02 00:00:00
800000000000000324,ARCO-2023-00324,Contrato ARCO-2023-00324,001Qs000000000000188,005Qs000000000000012,Activated,2023-04-30,2023-09-05,PGS,10747.19,11132.37,0.0346,Parceiro,false,2023-03-01 00:00:00,2024-11-21 00:00:00
800000000000000325,ARCO-2024-00325,Contrato ARCO-2024-00325,001Qs000000000000247,005Qs000000000000023,Expired,2024-04-06,2024-12-16,Isaac,118514.89,119736.2,0.0102,Parceiro,false,2024-02-23 00:00:00,2025-07-31 00:00:00
800000000000000326,ARCO-2024-00326,Contrato ARCO-2024-00326,001Qs000000000000229,005Qs000000000000012,Cancelled,2024-01-26,2024-08-17,Isaac,166240.44,183064.02,0.0919,Direto,false,2024-03-19 00:00:00,2025-07-12 00:00:00
800000000000000327,ARCO-2025-00327,Contrato ARCO-2025-00327,001Qs000000000000262,005Qs000000000000026,Activated,2025-03-04,2025-09-03,SAE,119723.44,146057.63,0.1803,Parceiro,false,2025-01-30 00:00:00,2025-12-16 00:00:00
800000000000000328,ARCO-2022-00328,Contrato ARCO-2022-00328,001Qs000000000000273,005Qs000000000000020,Activated,2022-03-10,2022-11-25,NSE,82431.21,83146.27,0.0086,Franquia,false,2022-03-09 00:00:00,2023-05-12 00:00:00
800000000000000329,ARCO-2023-00329,Contrato ARCO-2023-00329,001Qs000000000000118,005Qs000000000000023,Cancelled,2023-03-27,2023-07-14,PGS,176190.4,194213.4,0.0928,Direto,false,2023-01-22 00:00:00,2024-07-15 00:00:00
800000000000000330,ARCO-2022-00330,Contrato ARCO-2022-00330,001Qs000000000000128,005Qs000000000000028,Activated,2022-02-14,2022-09-16,Isaac,61368.51,64967.72,0.0554,Franquia,false,2022-02-01 00:00:00,2023-02-10 00:00:00
800000000000000331,ARCO-2024-00331,Contrato ARCO-2024-00331,001Qs000000000000053,005Qs000000000000014,Activated,2024-02-10,2024-09-27,PGS,20445.86,24483.13,0.1649,Franquia,false,2024-02-18 00:00:00,2025-07-19 00:00:00
800000000000000332,ARCO-2023-00332,Contrato ARCO-2023-00332,001Qs000000000000100,005Qs000000000000019,Activated,2023-02-02,2023-09-20,PGS,147626.52,153793.64,0.0401,Franquia,false,2023-02-20 00:00:00,2024-09-28 00:00:00
800000000000000333,ARCO-2022-00333,Contrato ARCO-2022-00333,001Qs000000000000234,005Qs000000000000016,Activated,2022-06-21,2022-11-28,SAE,7522.73,10244.77,0.2657,Direto,false,2022-02-13 00:00:00,2025-01-21 00:00:00
800000000000000334,ARCO-2022-00334,Contrato ARCO-2022-00334,001Qs000000000000260,005Qs000000000000028,Draft,2022-06-15,2022-08-28,Isaac,30124.98,31925.58,0.0564,Direto,false,2022-02-19 00:00:00,2025-11-30 00:00:00
800000000000000335,ARCO-2023-00335,Contrato ARCO-2023-00335,001Qs000000000000275,005Qs000000000000027,Activated,2023-03-14,2023-09-18,COC,60611.32,80429.03,0.2464,Parceiro,false,2023-02-20 00:00:00,2025-02-27 00:00:00
800000000000000336,ARCO-2022-00336,Contrato ARCO-2022-00336,001Qs000000000000298,005Qs000000000000001,Draft,2022-03-30,2022-12-23,COC,118769.81,147870.78,0.1968,Direto,false,2022-01-17 00:00:00,2025-06-20 00:00:00
800000000000000337,ARCO-2025-00337,Contrato ARCO-2025-00337,001Qs000000000000291,005Qs000000000000020,Draft,2025-05-05,2025-12-15,PGS,169026.36,192184.61,0.1205,Direto,false,2025-03-23 00:00:00,2025-05-30 00:00:00
800000000000000338,ARCO-2025-00338,Contrato ARCO-2025-00338,001Qs000000000000317,005Qs000000000000012,Activated,2025-05-02,2025-12-30,PGS,59048.23,70337.38,0.1605,Franquia,false,2025-02-19 00:00:00,2025-05-11 00:00:00
800000000000000339,ARCO-2023-00339,Contrato ARCO-2023-00339,001Qs000000000000054,005Qs000000000000030,Activated,2023-06-01,2023-09-05,PGS,32916.47,43534.54,0.2439,Parceiro,false,2023-03-01 00:00:00,2024-01-14 00:00:00
800000000000000340,ARCO-2022-00340,Contrato ARCO-2022-00340,001Qs000000000000114,005Qs000000000000028,Activated,2022-04-28,2022-10-02,SAE,12109.7,14764.33,0.1798,Franquia,false,2022-02-07 00:00:00,2022-05-19 00:00:00
800000000000000341,ARCO-2024-00341,Contrato ARCO-2024-00341,001Qs000000000000144,005Qs000000000000039,Activated,2024-04-01,2024-10-15,Isaac,7596.46,8416.2,0.0974,Direto,false,2024-01-05 00:00:00,2025-09-27 00:00:00
800000000000000342,ARCO-2025-00342,Contrato ARCO-2025-00342,001Qs000000000000183,005Qs000000000000028,Activated,2025-01-22,2025-11-14,SAE,18331.37,23441.65,0.218,Direto,false,2025-02-28 00:00:00,2025-08-03 00:00:00
800000000000000343,ARCO-2025-00343,Contrato ARCO-2025-00343,001Qs000000000000071,005Qs000000000000007,Draft,2025-03-25,2025-10-04,PGS,10187.25,12466.04,0.1828,Franquia,false,2025-01-11 00:00:00,2025-09-20 00:00:00
800000000000000344,ARCO-2024-00344,Contrato ARCO-2024-00344,001Qs000000000000274,005Qs000000000000006,Activated,2024-01-06,2024-08-17,PGS,175646.31,190319.98,0.0771,Parceiro,false,2024-01-25 00:00:00,2025-11-06 00:00:00
800000000000000345,ARCO-2024-00345,Contrato ARCO-2024-00345,001Qs000000000000211,005Qs000000000000024,Expired,2024-05-11,2024-11-16,NSE,159035.19,171577.51,0.0731,Direto,false,2024-01-28 00:00:00,2025-06-22 00:00:00
800000000000000346,ARCO-2024-00346,Contrato ARCO-2024-00346,001Qs000000000000148,005Qs000000000000019,Activated,2024-05-08,2024-12-19,SAE,12254.93,13919.73,0.1196,Parceiro,false,2024-02-22 00:00:00,2024-10-30 00:00:00
800000000000000347,ARCO-2022-00347,Contrato ARCO-2022-00347,001Qs000000000000270,005Qs000000000000021,Cancelled,2022-02-03,2022-09-09,Isaac,46818.94,57075.39,0.1797,Parceiro,false,2022-01-29 00:00:00,2022-05-08 00:00:00
800000000000000348,ARCO-2024-00348,Contrato ARCO-2024-00348,001Qs000000000000168,005Qs000000000000027,Draft,2024-06-05,2024-09-12,NSE,120121.84,146991.97,0.1828,Direto,false,2024-03-10 00:00:00,2025-05-04 00:00:00
800000000000000349,ARCO-2025-00349,Contrato ARCO-2025-00349,001Qs000000000000345,005Qs000000000000032,Draft,2025-03-29,2025-09-26,COC,50713.22,67330.35,0.2468,Franquia,false,2025-03-31 00:00:00,2025-06-27 00:00:00
800000000000000350,ARCO-2025-00350,Contrato ARCO-2025-00350,001Qs000000000000186,005Qs000000000000036,Activated,2025-01-09,2025-12-17,SAE,121498.43,171196.88,0.2903,Parceiro,false,2025-01-27 00:00:00,2025-12-28 00:00:00
800000000000000351,ARCO-2024-00351,Contrato ARCO-2024-00351,001Qs000000000000211,005Qs000000000000011,Activated,2024-03-21,2024-10-24,NSE,135312.67,136527.77,0.0089,Direto,false,2024-03-13 00:00:00,2025-06-16 00:00:00
800000000000000352,ARCO-2025-00352,Contrato ARCO-2025-00352,001Qs000000000000062,005Qs000000000000025,Activated,2025-05-23,2025-11-03,NSE,175694.24,197987.65,0.1126,Parceiro,false,2025-01-13 00:00:00,2025-10-20 00:00:00
800000000000000353,ARCO-2023-00353,Contrato ARCO-2023-00353,001Qs000000000000162,005Qs000000000000026,Draft,2023-05-27,2023-09-13,NSE,37931.42,39831.38,0.0477,Direto,false,2023-02-15 00:00:00,2025-05-09 00:00:00
800000000000000354,ARCO-2023-00354,Contrato ARCO-2023-00354,001Qs000000000000272,005Qs000000000000021,Expired,2023-03-13,2023-09-20,NSE,125890.15,155247.44,0.1891,Franquia,false,2023-03-10 00:00:00,2024-05-06 00:00:00
800000000000000355,ARCO-2023-00355,Contrato ARCO-2023-00355,001Qs000000000000264,005Qs000000000000012,Activated,2023-04-29,2023-09-12,PGS,143707.12,166097.0,0.1348,Direto,false,2023-01-01 00:00:00,2024-09-27 00:00:00
800000000000000356,ARCO-2024-00356,Contrato ARCO-2024-00356,001Qs000000000000297,005Qs000000000000027,Cancelled,2024-02-14,2024-12-22,PGS,160999.0,181919.77,0.115,Parceiro,false,2024-03-22 00:00:00,2024-04-30 00:00:00
800000000000000357,ARCO-2023-00357,Contrato ARCO-2023-00357,001Qs000000000000123,005Qs000000000000002,Expired,2023-06-08,2023-11-06,SAE,163845.67,199787.43,0.1799,Franquia,false,2023-02-01 00:00:00,2023-09-18 00:00:00
800000000000000358,ARCO-2025-00358,Contrato ARCO-2025-00358,001Qs000000000000097,005Qs000000000000013,Activated,2025-01-06,2025-12-01,COC,142501.63,177284.93,0.1962,Direto,false,2025-02-17 00:00:00,2025-08-01 00:00:00
800000000000000359,ARCO-2023-00359,Contrato ARCO-2023-00359,001Qs000000000000301,005Qs000000000000037,Cancelled,2023-02-21,2023-09-21,PGS,30267.94,30866.76,0.0194,Direto,false,2023-02-01 00:00:00,2025-03-01 00:00:00
800000000000000360,ARCO-2025-00360,Contrato ARCO-2025-00360,001Qs000000000000179,005Qs000000000000011,Activated,2025-04-29,2025-11-06,COC,98709.33,130068.96,0.2411,Direto,false,2025-01-09 00:00:00,2025-04-04 00:00:00
800000000000000361,ARCO-2022-00361,Contrato ARCO-2022-00361,001Qs000000000000266,005Qs000000000000035,Expired,2022-05-01,2022-10-07,Isaac,16379.26,18721.29,0.1251,Franquia,false,2022-03-19 00:00:00,2025-11-16 00:00:00
800000000000000362,ARCO-2022-00362,Contrato ARCO-2022-00362,001Qs000000000000283,005Qs000000000000003,Activated,2022-01-16,2022-09-13,SAE,122700.54,163274.17,0.2485,Direto,false,2022-03-07 00:00:00,2025-10-10 00:00:00
800000000000000363,ARCO-2025-00363,Contrato ARCO-2025-00363,001Qs000000000000277,005Qs000000000000008,Draft,2025-01-27,2025-08-07,COC,131480.08,170178.72,0.2274,Direto,false,2025-02-22 00:00:00,2025-09-21 00:00:00
800000000000000364,ARCO-2023-00364,Contrato ARCO-2023-00364,001Qs000000000000180,005Qs000000000000032,Activated,2023-02-23,2023-09-06,COC,19328.76,23939.51,0.1926,Direto,false,2023-02-13 00:00:00,2024-01-28 00:00:00
800000000000000365,ARCO-2025-00365,Contrato ARCO-2025-00365,001Qs000000000000225,005Qs000000000000010,Activated,2025-06-29,2025-09-05,NSE,95157.03,115805.08,0.1783,Direto,false,2025-01-04 00:00:00,2025-07-23 00:00:00
800000000000000366,ARCO-2024-00366,Contrato ARCO-2024-00366,001Qs000000000000348,005Qs000000000000031,Activated,2024-03-15,2024-09-17,PGS,180245.79,189234.42,0.0475,Franquia,false,2024-02-07 00:00:00,2024-09-06 00:00:00
800000000000000367,ARCO-2023-00367,Contrato ARCO-2023-00367,001Qs000000000000128,005Qs000000000000038,Expired,2023-03-16,2023-10-07,SAE,51400.68,55174.62,0.0684,Parceiro,false,2023-03-16 00:00:00,2023-04-13 00:00:00
800000000000000368,ARCO-2024-00368,Contrato ARCO-2024-00368,001Qs000000000000243,005Qs000000000000023,Cancelled,2024-05-10,2024-11-10,COC,68531.79,84139.7,0.1855,Franquia,false,2024-03-05 00:00:00,2025-02-16 00:00:00
800000000000000369,ARCO-2024-00369,Contrato ARCO-2024-00369,001Qs000000000000250,005Qs000000000000025,Activated,2024-06-14,2024-08-13,Isaac,149526.09,174802.54,0.1446,Franquia,false,2024-01-09 00:00:00,2025-03-17 00:00:00
800000000000000370,ARCO-2023-00370,Contrato ARCO-2023-00370,001Qs000000000000214,005Qs000000000000013,Activated,2023-02-27,2023-08-08,SAE,45437.55,59271.53,0.2334,Direto,false,2023-02-28 00:00:00,2024-11-04 00:00:00
800000000000000371,ARCO-2022-00371,Contrato ARCO-2022-00371,001Qs000000000000328,005Qs000000000000022,Activated,2022-02-21,2022-10-02,NSE,118451.55,134527.6,0.1195,Parceiro,false,2022-02-04 00:00:00,2025-05-08 00:00:00
800000000000000372,ARCO-2022-00372,Contrato ARCO-2022-00372,001Qs000000000000079,005Qs000000000000016,Activated,2022-05-26,2022-11-11,COC,49256.9,53354.53,0.0768,Franquia,false,2022-02-28 00:00:00,2023-03-30 00:00:00
800000000000000373,ARCO-2022-00373,Contrato ARCO-2022-00373,001Qs000000000000192,005Qs000000000000009,Expired,2022-03-13,2022-07-24,NSE,116927.1,149906.54,0.22,Direto,false,2022-01-08 00:00:00,2023-05-31 00:00:00
800000000000000374,ARCO-2023-00374,Contrato ARCO-2023-00374,001Qs000000000000180,005Qs000000000000021,Expired,2023-05-29,2023-10-31,Isaac,80142.55,95532.9,0.1611,Parceiro,false,2023-03-03 00:00:00,2023-07-29 00:00:00
800000000000000375,ARCO-2025-00375,Contrato ARCO-2025-00375,001Qs000000000000093,005Qs000000000000037,Activated,2025-02-20,2025-07-26,Isaac,103617.78,110761.92,0.0645,Franquia,false,2025-02-25 00:00:00,2025-05-28 00:00:00
800000000000000376,ARCO-2025-00376,Contrato ARCO-2025-00376,001Qs000000000000153,005Qs000000000000027,Expired,2025-06-12,2025-12-05,NSE,106981.98,152330.89,0.2977,Direto,false,2025-03-05 00:00:00,2025-06-30 00:00:00
800000000000000377,ARCO-2024-00377,Contrato ARCO-2024-00377,001Qs000000000000319,005Qs000000000000016,Activated,2024-05-11,2024-09-11,SAE,173401.32,190529.96,0.0899,Direto,false,2024-03-27 00:00:00,2025-10-27 00:00:00
800000000000000378,ARCO-2024-00378,Contrato ARCO-2024-00378,001Qs000000000000284,005Qs000000000000032,Draft,2024-02-16,2024-11-02,COC,4590.28,6270.87,0.268,Parceiro,false,2024-01-09 00:00:00,2025-06-17 00:00:00
800000000000000379,ARCO-2024-00379,Contrato ARCO-2024-00379,001Qs000000000000099,005Qs000000000000007,Activated,2024-03-28,2024-12-11,COC,104662.4,138956.99,0.2468,Parceiro,false,2024-02-09 00:00:00,2025-08-27 00:00:00
800000000000000380,ARCO-2024-00380,Contrato ARCO-2024-00380,001Qs000000000000219,005Qs000000000000010,Expired,2024-04-30,2024-07-27,SAE,99973.88,138525.53,0.2783,Parceiro,false,2024-01-25 00:00:00,2025-05-11 00:00:00
