DocEntry,DocNum,CardCode,BaseEntry,DocDate,DocTotal,VatSum,Cancelled,CreateDate
1,1,C00098,203,2025-07-11,9917.52,605.39,N,2025-07-11
2,2,C00179,963,2023-04-20,40538.22,567.96,N,2023-04-20
3,3,C00146,930,2024-11-21,23193.39,1167.66,N,2024-11-21
6,6,C00026,1542,2024-02-03,6495.82,2729.44,N,2024-02-03
7,7,C00265,776,2024-04-26,28438.42,2120.63,N,2024-04-26
8,8,C00223,419,2025-03-15,33408.58,1620.45,N,2025-03-15
9,9,C00218,1095,2023-12-28,24214.04,2831.7,Y,2023-12-28
10,10,C00188,1778,2024-01-27,48681.33,2154.27,Y,2024-01-27
11,11,C00170,587,2024-07-09,44511.94,1725.25,N,2024-07-09
12,12,C00018,1275,2024-11-24,46356.64,1685.75,N,2024-11-24
13,13,C00213,1331,2022-08-27,14187.92,567.68,N,2022-08-27
14,14,C00233,1716,2025-12-29,6443.32,1341.88,N,2025-12-29
15,15,C00142,585,2024-02-20,11931.53,730.74,N,2024-02-20
16,16,C00240,49,2024-08-24,31215.57,2657.32,N,2024-08-24
17,17,C00191,1133,2025-04-04,49691.85,1281.29,N,2025-04-04
18,18,C00152,1591,2022-05-28,42834.79,3644.18,N,2022-05-28
19,19,C00240,1786,2023-06-19,45118.41,821.65,N,2023-06-19
20,20,C00201,1604,2022-07-25,24923.16,2949.8,N,2022-07-25
21,21,C00189,975,2022-08-09,8622.76,2861.78,N,2022-08-09
22,22,C00048,1002,2023-12-29,49348.33,305.93,N,2023-12-29
23,23,C00029,324,2023-07-24,49966.44,4350.41,N,2023-07-24
24,24,C00052,1011,2024-09-17,18161.42,1897.5,N,2024-09-17
25,25,C00060,1328,2022-05-12,12614.22,1338.2,N,2022-05-12
27,27,C00250,338,2025-10-24,2662.49,4421.12,N,2025-10-24
28,28,C00160,1103,2023-05-12,33876.69,3110.96,N,2023-05-12
29,29,C00132,54,2022-10-18,22964.69,164.13,N,2022-10-18
30,30,C00190,1343,2024-07-17,17680.92,1451.68,N,2024-07-17
31,31,C00211,305,2023-11-22,28536.05,3670.96,N,2023-11-22
32,32,C00179,1073,2023-03-25,34360.04,4204.87,N,2023-03-25
33,33,C00054,986,2023-11-02,21843.68,118.35,N,2023-11-02
34,34,C00219,1613,2025-02-07,8535.89,2191.79,N,2025-02-07
35,35,C00144,162,2025-07-10,1427.82,2535.94,N,2025-07-10
36,36,C00072,643,2023-10-07,28715.62,1289.35,N,2023-10-07
37,37,C00010,1,2023-09-18,40701.53,381.16,N,2023-09-18
38,38,C00260,1770,2023-11-12,14781.9,3077.27,N,2023-11-12
39,39,C00020,1481,2023-11-18,16601.3,1440.82,N,2023-11-18
40,40,C00104,617,2025-07-29,45412.49,4547.1,N,2025-07-29
41,41,C00254,1787,2024-07-17,34474.88,1125.29,N,2024-07-17
42,42,C00148,810,2022-07-08,43677.52,1441.96,N,2022-07-08
43,43,C00030,555,2025-12-22,36096.3,4221.76,N,2025-12-22
44,44,C00118,116,2025-10-21,18406.23,860.95,N,2025-10-21
45,45,C00153,1142,2022-08-01,36856.87,4165.82,N,2022-08-01
46,46,C00182,1767,2025-01-11,24515.03,1017.58,N,2025-01-11
47,47,C00191,1299,2024-03-06,8466.29,2004.73,N,2024-03-06
49,49,C00003,219,2022-06-26,48952.17,4929.89,N,2022-06-26
50,50,C00036,1023,2025-01-08,36417.9,4136.43,N,2025-01-08
51,51,C00199,510,2025-03-03,20218.56,2834.86,N,2025-03-03
52,52,C00020,928,2024-08-01,30653.1,3537.71,N,2024-08-01
53,53,C00206,242,2022-04-22,39442.62,482.1,N,2022-04-22
54,54,C00008,1099,2023-10-30,1909.48,2969.39,N,2023-10-30
55,55,C00133,1137,2024-05-03,5615.9,2473.05,N,2024-05-03
56,56,C00041,727,2023-11-03,11983.32,3460.08,N,2023-11-03
57,57,C00257,968,2024-12-13,42042.28,1496.36,N,2024-12-13
58,58,C00113,1619,2023-01-01,16312.01,4260.02,N,2023-01-01
59,59,C00182,741,2024-05-27,23790.82,1109.82,N,2024-05-27
60,60,C00258,326,2022-06-28,11416.48,2546.57,N,2022-06-28
61,61,C00256,586,2024-02-20,36615.83,1740.67,N,2024-02-20
62,62,C00254,783,2023-06-29,21643.8,4018.78,N,2023-06-29
63,63,C00200,353,2025-07-09,46601.33,945.14,N,2025-07-09
64,64,C00217,253,2025-09-01,46297.74,3414.43,N,2025-09-01
65,65,C00266,839,2023-08-31,24839.13,1717.86,N,2023-08-31
66,66,C00114,633,2025-03-11,5455.67,2328.97,N,2025-03-11
67,67,C00072,361,2024-04-24,41797.11,4406.45,N,2024-04-24
68,68,C00061,1405,2024-09-21,35697.47,4334.19,N,2024-09-21
69,69,C00229,76,2022-11-23,46153.54,4280.0,N,2022-11-23
70,70,C00153,1499,2024-05-23,34797.62,1504.83,Y,2024-05-23
71,71,C00035,205,2023-10-18,47522.49,259.81,N,2023-10-18
72,72,C00062,244,2025-06-12,18572.71,3903.83,N,2025-06-12
73,73,C00257,1782,2023-08-20,13893.77,3059.4,N,2023-08-20
74,74,C00176,1118,2025-03-28,17152.03,640.39,N,2025-03-28
75,75,C00094,112,2025-03-30,6076.11,101.21,N,2025-03-30
76,76,C00024,1743,2022-06-15,36811.29,4628.9,N,2022-06-15
77,77,C00172,370,2023-04-05,19108.28,3431.31,N,2023-04-05
78,78,C00012,1673,2024-07-25,39382.35,2275.62,N,2024-07-25
79,79,C00053,1487,2022-06-25,29799.97,4356.61,N,2022-06-25
80,80,C00225,1420,2023-07-09,21569.28,2964.7,N,2023-07-09
81,81,C00106,1305,2025-06-02,42954.48,3074.2,N,2025-06-02
82,82,C00143,703,2024-03-23,10415.44,2387.87,N,2024-03-23
83,83,C00256,544,2025-04-26,13757.23,3704.67,N,2025-04-26
84,84,C00023,1365,2024-11-30,37699.4,3148.03,N,2024-11-30
85,85,C00036,1212,2024-02-17,49288.41,276.16,N,2024-02-17
86,86,C00158,1406,2024-02-22,28485.11,3996.0,N,2024-02-22
87,87,C00119,687,2023-09-28,3472.06,4744.72,N,2023-09-28
88,88,C00220,294,2024-03-14,12877.74,522.45,N,2024-03-14
89,89,C00002,184,2025-06-24,12338.21,497.05,N,2025-06-24
91,91,C00153,180,2024-12-06,18310.88,4185.46,N,2024-12-06
92,92,C00258,1409,2025-01-04,26814.44,745.54,N,2025-01-04
93,93,C00155,301,2024-10-04,34483.26,568.9,N,2024-10-04
94,94,C00022,247,2022-05-19,46787.74,3803.55,N,2022-05-19
95,95,C00048,1501,2024-04-07,7865.37,3984.77,N,2024-04-07
96,96,C00218,785,2024-04-26,22368.1,3818.73,N,2024-04-26
98,98,C00186,672,2025-05-03,19207.8,2520.14,N,2025-05-03
99,99,C00057,909,2023-10-07,26538.67,216.7,Y,2023-10-07
100,100,C00114,531,2026-02-26,4542.25,2065.02,N,2026-02-26
101,101,C00208,411,2024-09-01,9946.29,136.05,N,2024-09-01
102,102,C00086,534,2024-10-05,45756.76,3228.24,N,2024-10-05
103,103,C00019,1213,2023-03-03,44500.61,4401.98,N,2023-03-03
104,104,C00241,236,2023-09-04,18219.47,200.22,N,2023-09-04
105,105,C00153,1625,2025-07-09,39668.33,1370.67,N,2025-07-09
106,106,C00045,1765,2025-01-30,30076.59,3734.18,N,2025-01-30
107,107,C00099,1020,2024-03-28,17197.16,3935.24,N,2024-03-28
109,109,C00138,1453,2023-05-23,35870.97,974.88,N,2023-05-23
110,110,C00070,1158,2023-04-25,921.64,4964.83,N,2023-04-25
111,111,C00141,1715,2023-11-22,10029.31,1523.54,N,2023-11-22
112,112,C00025,1776,2022-05-24,21634.07,3453.97,N,2022-05-24
113,113,C00191,941,2022-08-22,43316.39,692.85,N,2022-08-22
114,114,C00068,904,2025-03-24,28890.99,2012.16,N,2025-03-24
115,115,C00131,1281,2023-05-05,31499.99,4712.0,N,2023-05-05
116,116,C00192,100,2024-06-24,27398.57,3570.06,N,2024-06-24
117,117,C00041,222,2024-08-19,21891.31,3038.42,N,2024-08-19
118,118,C00263,1007,2023-03-11,40544.11,4621.48,N,2023-03-11
119,119,C00070,1679,2022-09-17,35301.93,1886.71,N,2022-09-17
120,120,C00102,59,2023-07-26,15254.33,1060.09,N,2023-07-26
121,121,C00137,807,2022-04-18,15474.12,2715.37,N,2022-04-18
122,122,C00068,1345,2026-02-06,29555.92,3703.86,N,2026-02-06
123,123,C00067,1393,2024-10-30,25564.47,4656.87,N,2024-10-30
124,124,C00205,115,2022-11-14,22060.05,2084.48,N,2022-11-14
125,125,C00046,1495,2025-03-22,43109.36,242.85,N,2025-03-22
126,126,C00261,711,2022-10-10,5316.54,4762.71,N,2022-10-10
127,127,C00016,494,2024-02-02,11632.2,3471.19,N,2024-02-02
128,128,C00003,428,2025-10-09,22114.54,1835.09,N,2025-10-09
129,129,C00169,1008,2023-07-04,6625.37,143.82,N,2023-07-04
130,130,C00011,136,2022-12-07,33118.29,2566.85,N,2022-12-07
131,131,C00114,1484,2024-08-02,24913.34,710.32,N,2024-08-02
132,132,C00016,273,2023-07-03,42076.02,2841.86,N,2023-07-03
133,133,C00114,1295,2023-10-10,45207.02,412.94,N,2023-10-10
134,134,C00039,1372,2025-02-12,43373.78,2792.51,N,2025-02-12
135,135,C00041,1747,2023-10-14,46780.42,4823.16,N,2023-10-14
136,136,C00155,816,2023-06-12,11959.72,3627.18,N,2023-06-12
137,137,C00261,491,2024-04-19,38787.08,2744.99,N,2024-04-19
138,138,C00184,1303,2022-02-21,2763.19,569.19,N,2022-02-21
139,139,C00164,1597,2022-09-02,46321.77,2633.51,N,2022-09-02
140,140,C00177,1319,2022-08-25,13008.53,1805.45,N,2022-08-25
141,141,C00078,1131,2025-10-21,20929.75,194.1,N,2025-10-21
142,142,C00105,1496,2022-05-26,10475.84,3366.56,N,2022-05-26
143,143,C00209,875,2025-03-06,3478.79,917.04,N,2025-03-06
144,144,C00087,1590,2022-02-20,21505.44,4760.24,N,2022-02-20
145,145,C00237,731,2025-09-17,13946.64,2573.26,N,2025-09-17
146,146,C00103,139,2024-07-11,19921.93,3855.48,N,2024-07-11
147,147,C00214,561,2022-04-17,26546.63,786.53,N,2022-04-17
148,148,C00147,1386,2025-06-19,27187.41,1496.02,N,2025-06-19
149,149,C00144,469,2024-04-07,48022.15,414.35,N,2024-04-07
150,150,C00096,879,2025-10-14,3967.8,4861.49,N,2025-10-14
151,151,C00083,541,2023-09-03,35295.99,1600.41,N,2023-09-03
152,152,C00140,924,2025-04-29,32288.08,869.51,Y,2025-04-29
153,153,C00115,402,2023-07-29,13308.81,3551.35,N,2023-07-29
154,154,C00255,1227,2025-01-16,5355.36,784.83,N,2025-01-16
155,155,C00016,820,2024-06-23,6687.51,3821.03,N,2024-06-23
156,156,C00122,1543,2024-03-25,16846.64,4824.91,N,2024-03-25
157,157,C00168,1512,2023-12-06,28012.63,4256.32,N,2023-12-06
158,158,C00221,1234,2024-05-13,35264.99,3496.08,N,2024-05-13
159,159,C00107,122,2023-01-08,31614.25,4272.76,N,2023-01-08
160,160,C00057,744,2023-02-18,32222.85,2138.66,N,2023-02-18
161,161,C00048,674,2023-05-14,20771.51,2796.07,N,2023-05-14
162,162,C00197,1555,2022-06-21,14162.52,4367.39,N,2022-06-21
163,163,C00217,735,2024-01-25,18488.46,2124.78,N,2024-01-25
164,164,C00208,394,2022-08-22,16026.76,3068.99,N,2022-08-22
165,165,C00213,164,2026-01-12,5383.24,3470.46,N,2026-01-12
166,166,C00069,1272,2022-02-06,41670.67,1289.98,N,2022-02-06
167,167,C00120,88,2024-06-13,28005.93,2277.96,N,2024-06-13
168,168,C00145,1258,2026-01-27,30181.77,297.4,N,2026-01-27
169,169,C00141,365,2023-07-15,24879.94,158.38,N,2023-07-15
170,170,C00008,850,2025-11-03,31124.56,4643.76,N,2025-11-03
171,171,C00196,1748,2023-02-16,7700.58,3194.42,N,2023-02-16
172,172,C00039,275,2022-05-08,6316.75,4944.37,N,2022-05-08
173,173,C00010,408,2023-09-11,13825.78,4135.81,N,2023-09-11
174,174,C00002,688,2023-03-10,23157.8,3532.81,N,2023-03-10
175,175,C00179,1161,2024-05-22,6695.67,4321.27,N,2024-05-22
176,176,C00177,596,2022-04-03,22238.29,3019.83,N,2022-04-03
177,177,C00087,26,2025-11-09,20289.89,591.07,Y,2025-11-09
178,178,C00059,639,2022-08-09,25130.65,695.78,N,2022-08-09
179,179,C00010,1066,2022-03-09,44293.56,4514.51,N,2022-03-09
180,180,C00201,893,2023-05-30,29122.19,4812.92,N,2023-05-30
181,181,C00180,128,2024-02-04,22895.11,4177.63,N,2024-02-04
182,182,C00135,1094,2022-10-10,38965.73,1899.06,N,2022-10-10
183,183,C00211,1426,2023-02-06,33391.11,4791.27,N,2023-02-06
184,184,C00264,1696,2023-06-24,6370.55,1447.97,N,2023-06-24
185,185,C00250,1594,2022-04-12,5471.0,3068.7,N,2022-04-12
186,186,C00006,61,2025-07-07,39560.6,971.98,N,2025-07-07
187,187,C00257,1685,2024-12-20,15338.43,2486.5,N,2024-12-20
188,188,C00242,533,2025-09-03,41275.27,253.32,N,2025-09-03
189,189,C00031,1671,2023-08-28,22160.03,1836.52,N,2023-08-28
190,190,C00113,605,2022-10-13,10901.24,2686.23,N,2022-10-13
191,191,C00099,1683,2025-05-16,26547.13,354.66,N,2025-05-16
192,192,C00100,107,2023-07-05,31729.62,4433.85,N,2023-07-05
193,193,C00183,34,2025-09-22,24848.82,1065.79,N,2025-09-22
194,194,C00102,1053,2023-12-20,31159.53,4890.53,N,2023-12-20
195,195,C00117,1255,2024-06-10,24863.41,682.11,N,2024-06-10
196,196,C00231,992,2022-08-22,10325.74,1824.25,N,2022-08-22
197,197,C00058,1526,2023-03-30,37608.01,2241.16,N,2023-03-30
198,198,C00212,549,2024-03-16,24114.63,2921.49,N,2024-03-16
199,199,C00027,132,2024-02-16,15885.8,3336.9,N,2024-02-16
200,200,C00077,1374,2025-02-11,48710.09,4135.88,N,2025-02-11
201,201,C00028,1017,2025-11-10,47821.94,3825.59,N,2025-11-10
203,203,C00028,1115,2023-07-08,19699.97,4481.8,Y,2023-07-08
204,204,C00215,755,2025-12-31,31400.57,978.84,N,2025-12-31
205,205,C00080,822,2023-07-01,23385.9,4386.61,N,2023-07-01
206,206,C00187,584,2022-03-05,7771.01,2311.08,N,2022-03-05
207,207,C00002,558,2023-11-25,18220.09,3991.3,N,2023-11-25
208,208,C00065,1284,2025-09-19,7752.53,4513.53,N,2025-09-19
210,210,C00113,334,2022-12-02,45172.5,1886.24,N,2022-12-02
211,211,C00068,676,2023-07-27,46014.83,740.72,N,2023-07-27
212,212,C00035,733,2026-01-17,31369.56,3485.42,N,2026-01-17
213,213,C00144,1701,2022-12-24,10019.75,4833.41,N,2022-12-24
214,214,C00143,498,2025-04-23,38046.93,2702.38,N,2025-04-23
215,215,C00014,1607,2022-08-09,4754.7,890.59,N,2022-08-09
216,216,C00105,547,2023-04-23,16471.26,1878.36,N,2023-04-23
217,217,C00073,1152,2023-08-13,47551.31,1868.55,N,2023-08-13
218,218,C00028,1086,2025-04-03,41236.64,1437.61,N,2025-04-03
219,219,C00245,1642,2022-03-24,8827.4,4139.62,N,2022-03-24
220,220,C00256,1225,2022-03-01,8877.41,1500.65,N,2022-03-01
221,221,C00119,1622,2025-04-15,45935.26,445.92,N,2025-04-15
222,222,C00079,666,2024-01-03,17671.52,3598.15,N,2024-01-03
223,223,C00167,1654,2022-03-21,35831.44,964.52,N,2022-03-21
224,224,C00079,1181,2024-05-20,12695.31,1415.91,N,2024-05-20
225,225,C00113,134,2023-02-02,8491.86,3470.76,N,2023-02-02
226,226,C00071,12,2022-10-26,36828.06,3034.34,N,2022-10-26
227,227,C00194,277,2024-01-03,6193.0,1778.57,N,2024-01-03
228,228,C00158,388,2025-09-06,18186.93,3788.05,N,2025-09-06
229,229,C00194,33,2023-12-31,17790.79,1941.08,N,2023-12-31
230,230,C00101,1443,2022-02-26,29007.04,3131.99,N,2022-02-26
231,231,C00119,1324,2023-11-14,3684.28,4688.98,N,2023-11-14
232,232,C00020,952,2024-04-17,31488.58,3339.58,N,2024-04-17
233,233,C00228,908,2022-03-27,24439.52,4822.34,N,2022-03-27
234,234,C00099,1620,2025-09-04,5269.56,62.6,N,2025-09-04
235,235,C00106,838,2022-09-04,44486.64,3284.18,N,2022-09-04
236,236,C00245,782,2026-01-28,2038.17,443.02,N,2026-01-28
237,237,C00206,438,2023-09-21,26162.28,186.37,N,2023-09-21
238,238,C00165,152,2025-05-28,49438.58,3540.53,N,2025-05-28
239,239,C00216,1533,2025-12-01,5929.95,4705.9,N,2025-12-01
240,240,C00193,1074,2024-08-15,11139.21,2382.19,N,2024-08-15
241,241,C00055,1564,2025-01-30,43679.61,168.98,N,2025-01-30
242,242,C00244,804,2024-02-11,31832.96,2437.86,N,2024-02-11
243,243,C00223,1489,2022-09-07,11212.8,4753.31,N,2022-09-07
244,244,C00095,1333,2024-02-23,29497.58,507.93,N,2024-02-23
245,245,C00163,729,2023-09-09,9932.28,2130.7,N,2023-09-09
246,246,C00258,1221,2024-11-12,24347.79,1527.43,N,2024-11-12
247,247,C00111,901,2024-06-06,20298.41,235.88,N,2024-06-06
248,248,C00240,293,2023-08-18,45872.96,3428.51,N,2023-08-18
249,249,C00102,1486,2023-08-29,20507.57,1458.24,N,2023-08-29
250,250,C00246,1455,2023-03-12,23072.06,4703.28,N,2023-03-12
251,251,C00212,1364,2024-04-09,8274.28,2749.13,N,2024-04-09
252,252,C00208,1021,2023-02-28,31830.53,2264.31,N,2023-02-28
253,253,C00096,571,2025-02-25,35460.62,3429.66,N,2025-02-25
254,254,C00145,282,2024-10-07,6082.14,758.85,N,2024-10-07
255,255,C00114,468,2023-11-28,5269.83,1530.33,N,2023-11-28
256,256,C00171,500,2022-12-08,34053.8,4859.59,N,2022-12-08
257,257,C00059,650,2022-06-15,4719.85,4904.09,N,2022-06-15
258,258,C00123,1429,2023-12-01,12653.05,1232.32,N,2023-12-01
259,259,C00170,271,2022-07-07,31417.37,2466.15,N,2022-07-07
260,260,C00024,336,2023-12-15,45359.63,1440.34,N,2023-12-15
261,261,C00183,1179,2022-11-04,19437.37,1505.89,N,2022-11-04
262,262,C00121,1655,2023-11-08,12693.25,4094.21,N,2023-11-08
263,263,C00007,520,2023-12-10,36059.51,4295.32,N,2023-12-10
264,264,C00204,622,2024-07-22,767.35,1736.93,N,2024-07-22
265,265,C00134,514,2023-05-14,9879.88,2612.72,N,2023-05-14
266,266,C00066,1379,2022-06-15,16338.79,2126.83,N,2022-06-15
267,267,C00152,1014,2024-02-07,43415.47,3533.96,N,2024-02-07
268,268,C00197,51,2025-01-28,21103.0,4892.02,N,2025-01-28
269,269,C00231,521,2022-04-22,40781.07,952.87,N,2022-04-22
271,271,C00118,1634,2025-12-10,17455.29,1231.67,N,2025-12-10
272,272,C00096,1623,2023-06-30,44799.52,3095.2,N,2023-06-30
273,273,C00248,843,2024-09-29,43123.77,2351.45,N,2024-09-29
274,274,C00183,1325,2022-07-07,8318.69,1857.76,N,2022-07-07
275,275,C00029,897,2023-08-06,38434.77,3677.13,N,2023-08-06
276,276,C00077,1106,2023-11-02,45684.31,4706.14,N,2023-11-02
277,277,C00186,805,2025-09-02,46287.94,2559.84,N,2025-09-02
279,279,C00133,767,2023-12-05,30798.08,4503.66,N,2023-12-05
280,280,C00175,493,2025-01-15,41702.78,3900.28,N,2025-01-15
282,282,C00017,143,2023-07-09,48169.51,3965.49,N,2023-07-09
283,283,C00128,823,2024-11-27,15542.3,1867.99,N,2024-11-27
284,284,C00048,1392,2024-10-12,24854.28,1434.53,N,2024-10-12
285,285,C00255,1316,2023-06-27,48236.96,2640.57,N,2023-06-27
286,286,C00201,228,2022-08-29,27666.41,4883.77,N,2022-08-29
287,287,C00154,412,2023-07-17,29385.29,4432.53,N,2023-07-17
288,288,C00108,1675,2023-04-04,18126.75,3980.12,N,2023-04-04
289,289,C00111,568,2024-12-29,39977.39,4544.53,N,2024-12-29
290,290,C00050,817,2024-10-28,31503.75,2185.71,N,2024-10-28
291,291,C00066,1190,2022-05-13,24460.38,3613.8,N,2022-05-13
292,292,C00256,1317,2025-11-21,29902.02,2957.08,N,2025-11-21
293,293,C00181,1580,2023-02-10,42244.37,407.91,N,2023-02-10
295,295,C00097,1537,2023-06-06,36888.3,3614.43,N,2023-06-06
296,296,C00086,1044,2024-11-30,24969.74,3229.31,N,2024-11-30
297,297,C00050,841,2023-04-25,26354.18,4462.49,N,2023-04-25
298,298,C00201,852,2023-02-08,13405.55,498.74,N,2023-02-08
299,299,C00232,194,2023-05-15,43023.95,131.46,N,2023-05-15
301,301,C00091,471,2024-02-13,2434.77,4891.3,N,2024-02-13
302,302,C00220,1347,2023-04-06,11472.25,2924.73,N,2023-04-06
303,303,C00057,1082,2022-04-14,31762.68,2389.68,N,2022-04-14
304,304,C00031,609,2023-07-07,48101.1,3236.07,N,2023-07-07
305,305,C00090,1134,2023-02-09,33319.89,773.36,N,2023-02-09
306,306,C00106,229,2023-06-07,9810.98,3344.08,N,2023-06-07
307,307,C00069,266,2024-09-07,8541.71,995.58,N,2024-09-07
308,308,C00261,989,2022-09-03,4910.97,3503.17,N,2022-09-03
309,309,C00199,332,2022-08-06,27295.23,2125.66,N,2022-08-06
310,310,C00229,1738,2024-07-01,20661.09,1047.97,N,2024-07-01
311,311,C00109,1546,2025-08-08,45168.52,1095.88,N,2025-08-08
312,312,C00064,259,2025-09-11,49913.05,3574.34,N,2025-09-11
313,313,C00148,383,2023-01-07,9084.32,2833.56,N,2023-01-07
314,314,C00174,701,2022-02-23,21946.78,2633.17,N,2022-02-23
315,315,C00204,1037,2023-03-11,30194.97,521.31,N,2023-03-11
316,316,C00112,659,2022-07-09,22947.28,1624.57,N,2022-07-09
317,317,C00028,1120,2022-08-06,12499.78,208.07,N,2022-08-06
318,318,C00064,261,2025-06-30,3838.52,3260.38,N,2025-06-30
319,319,C00156,753,2023-03-04,2491.71,3727.02,N,2023-03-04
320,320,C00233,453,2023-02-06,36634.69,3714.78,N,2023-02-06
321,321,C00125,393,2025-08-15,40355.5,3959.05,N,2025-08-15
322,322,C00121,665,2022-09-27,36207.29,729.61,N,2022-09-27
323,323,C00142,1798,2023-02-05,3854.51,1719.55,N,2023-02-05
324,324,C00101,1373,2024-10-31,44746.98,4319.55,N,2024-10-31
325,325,C00168,1720,2025-08-08,10252.4,130.27,N,2025-08-08
326,326,C00065,1524,2024-09-17,23271.68,2205.62,N,2024-09-17
327,327,C00188,811,2023-08-04,41771.56,4336.36,N,2023-08-04
328,328,C00077,490,2026-01-17,39177.83,4940.0,N,2026-01-17
329,329,C00189,1307,2023-05-11,35801.78,74.6,N,2023-05-11
330,330,C00013,1111,2024-06-21,7625.93,729.43,N,2024-06-21
331,331,C00030,237,2025-11-04,6056.75,4801.18,N,2025-11-04
332,332,C00144,1354,2022-03-27,17981.08,800.99,N,2022-03-27
333,333,C00138,1135,2025-09-01,23147.61,1258.0,N,2025-09-01
334,334,C00071,13,2023-08-01,17801.02,3102.38,Y,2023-08-01
335,335,C00230,1140,2024-04-11,20961.52,4776.59,N,2024-04-11
336,336,C00111,713,2025-09-03,48566.4,3347.0,N,2025-09-03
337,337,C00031,756,2026-01-14,8816.56,3209.85,N,2026-01-14
338,338,C00267,588,2023-08-15,19620.62,4445.16,N,2023-08-15
339,339,C00088,378,2025-03-24,7845.25,1614.43,N,2025-03-24
340,340,C00174,77,2024-04-22,10410.39,890.36,N,2024-04-22
341,341,C00190,1492,2025-11-02,16073.19,4028.35,N,2025-11-02
342,342,C00021,6,2025-05-02,41223.06,3076.31,N,2025-05-02
343,343,C00231,1320,2025-01-27,47373.42,2731.11,N,2025-01-27
344,344,C00141,1357,2025-09-19,11979.02,3470.31,N,2025-09-19
345,345,C00075,1308,2024-04-11,3141.98,612.64,N,2024-04-11
346,346,C00187,539,2024-04-30,7154.99,3102.31,N,2024-04-30
347,347,C00039,1657,2023-03-20,42983.1,694.1,N,2023-03-20
348,348,C00020,1353,2025-03-15,7275.28,1317.38,N,2025-03-15
349,349,C00153,848,2023-10-23,49573.01,1321.89,N,2023-10-23
350,350,C00032,117,2025-11-27,34200.38,4539.99,N,2025-11-27
351,351,C00004,121,2022-04-01,47644.53,1230.43,N,2022-04-01
352,352,C00069,1047,2022-03-02,11096.05,109.17,N,2022-03-02
353,353,C00245,1183,2025-02-17,48758.52,1163.21,N,2025-02-17
354,354,C00205,1235,2023-01-28,32162.9,1404.98,N,2023-01-28
355,355,C00020,1587,2023-09-23,3482.35,1729.04,N,2023-09-23
356,356,C00228,1245,2025-02-08,43573.71,3181.41,N,2025-02-08
357,357,C00170,465,2023-12-02,18204.75,1312.05,N,2023-12-02
358,358,C00241,730,2025-09-09,2748.19,2367.7,N,2025-09-09
359,359,C00184,15,2022-12-19,38395.73,4095.06,N,2022-12-19
360,360,C00198,863,2024-08-02,15664.11,1187.52,N,2024-08-02
361,361,C00208,214,2024-11-05,28695.96,3528.53,N,2024-11-05
362,362,C00089,1051,2021-12-27,41871.1,3976.3,N,2021-12-27
363,363,C00100,978,2025-08-05,17798.53,4540.06,N,2025-08-05
364,364,C00032,396,2022-09-02,38885.43,1118.45,N,2022-09-02
365,365,C00093,445,2025-02-08,4679.46,2106.25,N,2025-02-08
366,366,C00127,1771,2025-01-31,9006.23,3211.99,N,2025-01-31
367,367,C00228,295,2022-05-11,3187.74,2596.73,N,2022-05-11
368,368,C00073,70,2022-04-01,6781.35,488.23,N,2022-04-01
369,369,C00013,983,2025-05-03,39774.62,2793.15,N,2025-05-03
370,370,C00064,757,2024-12-21,42103.38,1570.24,N,2024-12-21
371,371,C00187,159,2023-05-28,24660.19,4454.33,N,2023-05-28
372,372,C00200,250,2023-09-14,42545.01,312.2,N,2023-09-14
373,373,C00019,517,2022-06-24,25911.86,860.6,N,2022-06-24
374,374,C00041,649,2025-05-24,44048.36,4426.69,N,2025-05-24
375,375,C00079,1207,2025-06-02,11663.25,1769.62,N,2025-06-02
376,376,C00166,925,2025-12-20,32278.33,1216.61,N,2025-12-20
377,377,C00205,1582,2025-04-08,28014.52,2701.43,N,2025-04-08
378,378,C00055,971,2025-08-31,32940.77,2110.14,N,2025-08-31
379,379,C00244,1277,2025-10-22,9839.28,1914.55,N,2025-10-22
380,380,C00145,1544,2024-07-20,10096.08,2909.5,N,2024-07-20
381,381,C00135,1202,2025-03-08,1859.32,1945.2,N,2025-03-08
382,382,C00009,1704,2022-10-03,7262.66,3759.3,N,2022-10-03
383,383,C00232,27,2024-11-21,2723.93,2659.5,N,2024-11-21
384,384,C00107,526,2025-01-25,16857.46,4343.97,N,2025-01-25
385,385,C00003,407,2023-07-29,6844.53,2903.44,N,2023-07-29
386,386,C00045,135,2023-03-23,5646.83,593.28,N,2023-03-23
387,387,C00209,302,2024-06-23,21190.85,3687.24,N,2024-06-23
388,388,C00065,358,2023-06-02,48903.29,1424.65,N,2023-06-02
389,389,C00118,560,2025-07-03,30184.37,3517.39,N,2025-07-03
390,390,C00044,8,2025-10-05,47990.9,4473.56,Y,2025-10-05
391,391,C00037,216,2023-05-03,16596.95,1108.88,N,2023-05-03
392,392,C00042,1050,2026-01-01,4038.0,1071.04,N,2026-01-01
394,394,C00036,351,2025-03-07,13880.11,2291.01,N,2025-03-07
395,395,C00185,1410,2024-06-29,25221.48,2377.43,N,2024-06-29
396,396,C00154,182,2023-12-12,43614.19,4305.9,N,2023-12-12
397,397,C00096,1573,2025-10-03,47588.28,3281.89,N,2025-10-03
398,398,C00019,1562,2024-03-08,47346.91,2292.57,N,2024-03-08
399,399,C00147,1360,2024-04-24,18526.9,2433.17,N,2024-04-24
400,400,C00217,694,2022-07-25,18850.97,4673.84,N,2022-07-25
401,401,C00217,1572,2025-02-28,28358.12,3493.14,N,2025-02-28
402,402,C00012,454,2025-03-09,3928.84,2741.21,N,2025-03-09
403,403,C00143,1507,2025-05-20,31212.28,133.4,N,2025-05-20
404,404,C00226,314,2024-08-04,21883.46,3983.71,N,2024-08-04
405,405,C00220,562,2025-05-15,31892.3,945.35,N,2025-05-15
406,406,C00012,1465,2022-10-29,24733.47,2996.98,N,2022-10-29
407,407,C00238,1647,2022-06-25,39027.82,4674.98,N,2022-06-25
408,408,C00073,1054,2025-03-31,10612.49,3532.43,N,2025-03-31
409,409,C00194,540,2023-08-13,36184.21,2059.18,N,2023-08-13
410,410,C00167,22,2023-08-07,26094.36,2587.84,N,2023-08-07
411,411,C00123,10,2024-04-09,44331.1,3516.27,N,2024-04-09
412,412,C00114,1336,2025-04-15,24067.47,4392.14,N,2025-04-15
413,413,C00068,625,2024-03-14,40126.2,3502.73,N,2024-03-14
414,414,C00076,1554,2022-09-05,12967.82,558.95,N,2022-09-05
415,415,C00030,1534,2022-03-11,11179.3,4901.23,N,2022-03-11
416,416,C00077,527,2023-06-14,4458.76,3586.15,N,2023-06-14
417,417,C00124,964,2026-01-10,48401.52,2120.74,N,2026-01-10
418,418,C00143,1185,2024-07-06,43143.99,1229.12,N,2024-07-06
419,419,C00183,220,2025-10-20,14456.6,2721.43,N,2025-10-20
420,420,C00231,1758,2024-04-22,19168.99,3053.6,N,2024-04-22
421,421,C00135,154,2022-07-12,10381.14,1443.2,N,2022-07-12
422,422,C00188,258,2026-01-14,25915.48,2015.64,N,2026-01-14
423,423,C00064,1260,2024-05-10,18535.94,1480.44,N,2024-05-10
424,424,C00156,1640,2024-07-13,4185.25,3721.36,N,2024-07-13
425,425,C00136,1144,2025-04-05,45426.12,4504.98,N,2025-04-05
426,426,C00136,1678,2024-07-30,47925.1,2838.14,N,2024-07-30
427,427,C00059,485,2024-07-20,46559.95,2047.01,N,2024-07-20
428,428,C00079,902,2023-08-26,8899.65,2257.0,N,2023-08-26
429,429,C00102,111,2024-02-12,17372.12,2900.61,N,2024-02-12
430,430,C00229,888,2022-04-24,37574.63,281.13,N,2022-04-24
431,431,C00214,501,2023-05-09,8373.44,407.74,N,2023-05-09
432,432,C00164,1538,2024-05-19,41872.05,4343.75,N,2024-05-19
433,433,C00217,87,2025-03-16,20806.39,3731.0,N,2025-03-16
434,434,C00190,799,2023-08-28,40883.7,4893.27,N,2023-08-28
435,435,C00084,175,2023-07-24,16670.33,1063.42,N,2023-07-24
436,436,C00234,439,2024-05-18,40960.88,4887.34,N,2024-05-18
437,437,C00030,80,2023-07-19,15669.89,2870.2,N,2023-07-19
438,438,C00053,102,2023-02-02,49125.43,987.81,N,2023-02-02
439,439,C00267,1470,2024-07-30,2979.06,3989.98,N,2024-07-30
440,440,C00205,997,2024-03-04,27367.28,2896.27,N,2024-03-04
441,441,C00261,1400,2025-03-14,27890.23,3746.17,N,2025-03-14
443,443,C00178,1219,2022-12-05,6733.06,4640.02,N,2022-12-05
444,444,C00132,1551,2026-01-12,1249.87,2893.38,N,2026-01-12
445,445,C00138,447,2022-09-22,20765.1,3351.27,N,2022-09-22
446,446,C00204,409,2025-05-20,18353.91,2986.2,N,2025-05-20
447,447,C00072,1791,2023-12-24,45152.78,2023.79,N,2023-12-24
448,448,C00133,1371,2023-04-26,12634.14,3204.43,N,2023-04-26
449,449,C00209,252,2024-04-22,15382.2,2978.09,N,2024-04-22
450,450,C00114,1792,2024-10-16,31973.67,816.07,N,2024-10-16
451,451,C00149,375,2024-08-19,40769.87,3103.97,N,2024-08-19
452,452,C00206,1461,2023-01-17,14252.63,1240.16,N,2023-01-17
453,453,C00182,477,2023-11-22,6338.65,497.88,N,2023-11-22
454,454,C00133,1665,2022-10-17,36090.41,1389.84,N,2022-10-17
455,455,C00206,881,2022-03-12,21335.99,1782.54,N,2022-03-12
456,456,C00036,1048,2025-07-22,14457.11,986.02,N,2025-07-22
457,457,C00203,262,2024-10-05,12897.99,581.65,N,2024-10-05
458,458,C00147,1730,2024-04-15,29609.93,3086.61,N,2024-04-15
459,459,C00150,1705,2023-01-05,8552.2,2088.45,N,2023-01-05
460,460,C00007,1292,2025-06-12,34514.21,602.83,N,2025-06-12
461,461,C00244,1252,2026-01-18,3184.43,3628.96,N,2026-01-18
462,462,C00242,894,2023-01-19,49744.51,4962.26,N,2023-01-19
463,463,C00082,1189,2022-04-07,33713.74,4046.74,N,2022-04-07
464,464,C00226,145,2024-12-09,48938.39,4744.02,N,2024-12-09
465,465,C00233,1009,2023-06-28,2687.43,2817.81,N,2023-06-28
466,466,C00192,718,2023-05-24,25410.12,2441.34,N,2023-05-24
467,467,C00178,1467,2023-03-06,28776.48,4393.57,N,2023-03-06
468,468,C00161,1200,2026-02-12,33425.26,4301.61,N,2026-02-12
469,469,C00174,1727,2025-11-24,44201.95,1945.27,N,2025-11-24
470,470,C00178,1658,2023-12-19,30861.13,261.48,N,2023-12-19
471,471,C00186,638,2024-10-20,30990.67,3634.14,N,2024-10-20
472,472,C00107,285,2024-06-23,39365.21,345.28,N,2024-06-23
473,473,C00154,532,2024-08-28,27774.03,787.25,N,2024-08-28
474,474,C00044,475,2023-02-20,22962.88,1242.63,N,2023-02-20
475,475,C00187,742,2025-06-14,40169.91,2823.42,N,2025-06-14
476,476,C00108,341,2023-10-23,28055.71,3128.73,N,2023-10-23
477,477,C00116,215,2023-01-30,14751.29,1864.16,N,2023-01-30
478,478,C00047,680,2025-10-15,43200.76,4047.3,N,2025-10-15
479,479,C00105,873,2025-12-15,16246.05,2930.95,N,2025-12-15
480,480,C00119,109,2022-07-19,33460.72,2661.44,N,2022-07-19
481,481,C00165,310,2025-04-11,22291.75,2982.13,N,2025-04-11
482,482,C00051,470,2022-11-28,15673.42,4506.72,N,2022-11-28
483,483,C00111,369,2025-03-28,48561.74,2224.54,N,2025-03-28
484,484,C00023,651,2022-05-09,25579.09,1641.3,N,2022-05-09
485,485,C00093,1069,2025-04-24,11404.53,2087.43,N,2025-04-24
486,486,C00216,662,2023-06-13,29366.54,2411.89,Y,2023-06-13
487,487,C00036,851,2022-09-17,29138.97,3481.51,N,2022-09-17
488,488,C00046,1141,2024-07-18,37292.34,4659.16,Y,2024-07-18
489,489,C00200,1036,2024-10-18,27276.02,3912.57,N,2024-10-18
490,490,C00232,1574,2022-11-01,47097.9,4978.93,N,2022-11-01
491,491,C00199,292,2023-03-26,21736.23,2452.85,N,2023-03-26
492,492,C00229,1065,2024-04-14,35257.1,2014.02,N,2024-04-14
493,493,C00006,188,2025-09-17,44646.15,4972.78,N,2025-09-17
494,494,C00121,1498,2023-01-15,20203.57,1285.99,N,2023-01-15
495,495,C00055,1653,2024-12-31,49425.26,3447.21,N,2024-12-31
496,496,C00152,763,2023-12-31,21330.03,3586.04,N,2023-12-31
497,497,C00018,157,2023-01-01,40365.06,4079.48,N,2023-01-01
498,498,C00144,496,2023-07-08,28932.54,1065.59,N,2023-07-08
499,499,C00212,1355,2025-12-12,40083.53,1941.71,N,2025-12-12
500,500,C00260,120,2025-08-02,9112.64,3164.5,N,2025-08-02
501,501,C00168,1469,2022-07-05,34684.86,4356.98,N,2022-07-05
502,502,C00237,1418,2022-04-09,2740.82,296.47,N,2022-04-09
503,503,C00053,1599,2025-06-08,16157.07,434.58,N,2025-06-08
504,504,C00020,974,2024-09-24,14473.97,1520.7,N,2024-09-24
505,505,C00011,1766,2022-08-24,49315.42,182.85,N,2022-08-24
506,506,C00079,1172,2025-10-23,6830.91,693.49,N,2025-10-23
507,507,C00128,36,2023-10-25,7940.37,1552.26,N,2023-10-25
508,508,C00032,1206,2024-10-31,44643.15,2115.21,N,2024-10-31
509,509,C00142,1617,2022-06-19,16279.1,2714.59,N,2022-06-19
510,510,C00175,1092,2022-05-19,46471.37,193.75,N,2022-05-19
511,511,C00205,627,2023-08-04,9050.23,2537.99,N,2023-08-04
512,512,C00155,1749,2023-11-12,45160.77,4648.86,N,2023-11-12
513,513,C00119,987,2025-11-02,41368.9,767.65,N,2025-11-02
514,514,C00073,1105,2024-07-20,26853.47,4664.48,N,2024-07-20
515,515,C00097,900,2024-10-28,49114.48,2336.42,N,2024-10-28
516,516,C00201,1593,2023-02-01,41237.71,4035.06,N,2023-02-01
517,517,C00038,484,2025-07-08,25513.27,4202.91,N,2025-07-08
518,518,C00032,467,2022-12-19,30193.88,4537.41,N,2022-12-19
519,519,C00142,935,2025-11-22,2662.04,481.44,N,2025-11-22
520,520,C00095,476,2024-03-29,26093.58,2637.8,N,2024-03-29
521,521,C00254,1232,2023-02-12,25575.39,4381.19,N,2023-02-12
522,522,C00030,1318,2024-12-10,38494.15,333.59,N,2024-12-10
523,523,C00044,710,2025-07-12,9736.04,2362.81,N,2025-07-12
524,524,C00191,1061,2022-10-27,45325.56,3237.61,N,2022-10-27
525,525,C00260,405,2024-12-23,25961.74,1732.85,N,2024-12-23
526,526,C00191,67,2024-11-09,17823.68,2241.68,N,2024-11-09
527,527,C00156,289,2023-10-12,11863.76,2712.39,N,2023-10-12
528,528,C00217,114,2023-07-24,7349.66,2353.83,N,2023-07-24
529,529,C00192,1334,2025-10-02,19870.18,2402.33,N,2025-10-02
530,530,C00039,683,2023-11-30,43634.13,909.85,N,2023-11-30
531,531,C00242,1397,2024-08-09,19248.22,787.21,N,2024-08-09
532,532,C00073,268,2022-04-11,26753.4,3921.76,N,2022-04-11
533,533,C00144,137,2022-05-03,23267.09,2514.13,N,2022-05-03
535,535,C00206,1168,2026-01-03,8283.41,316.95,N,2026-01-03
536,536,C00003,211,2025-08-16,29880.34,3677.29,N,2025-08-16
537,537,C00176,1471,2024-10-15,2173.59,1960.82,N,2024-10-15
538,538,C00234,1650,2024-09-28,25122.01,3589.62,N,2024-09-28
539,539,C00010,898,2024-02-21,28340.43,3989.97,N,2024-02-21
540,540,C00125,1145,2022-10-08,8699.98,3180.23,N,2022-10-08
541,541,C00209,196,2023-11-13,40861.75,4372.78,Y,2023-11-13
542,542,C00241,524,2024-03-20,40594.19,3372.26,N,2024-03-20
544,544,C00085,1660,2022-04-06,20247.6,2674.79,N,2022-04-06
545,545,C00159,1367,2022-08-23,1462.59,626.72,N,2022-08-23
546,546,C00240,1763,2023-06-20,16658.53,1289.14,N,2023-06-20
547,547,C00220,459,2024-03-23,43747.76,1321.5,N,2024-03-23
548,548,C00008,1666,2022-05-28,31007.55,2208.04,N,2022-05-28
549,549,C00247,1706,2023-02-17,34270.09,440.95,N,2023-02-17
550,550,C00025,433,2023-05-04,27476.56,2261.78,N,2023-05-04
551,551,C00148,1370,2022-02-12,20024.15,2254.8,N,2022-02-12
552,552,C00184,298,2024-01-09,46782.52,4999.47,N,2024-01-09
553,553,C00015,466,2024-03-03,14519.49,1635.72,N,2024-03-03
554,554,C00234,698,2024-08-06,46089.88,4735.44,N,2024-08-06
555,555,C00043,296,2023-11-18,7408.0,4574.82,N,2023-11-18
556,556,C00042,604,2025-10-06,13824.35,1223.02,N,2025-10-06
557,557,C00236,429,2023-09-10,20186.01,2002.66,N,2023-09-10
559,559,C00015,245,2023-12-23,31470.15,279.21,N,2023-12-23
560,560,C00220,98,2024-08-03,43119.23,1672.22,N,2024-08-03
561,561,C00106,1214,2024-07-21,22813.48,236.52,N,2024-07-21
562,562,C00151,217,2023-10-25,20885.87,4956.55,N,2023-10-25
563,563,C00066,1777,2023-02-09,11981.44,2728.84,N,2023-02-09
564,564,C00058,854,2022-04-12,4509.3,1581.97,N,2022-04-12
565,565,C00105,1338,2024-03-01,15831.56,1205.11,N,2024-03-01
566,566,C00165,1444,2025-12-29,36119.51,1672.47,N,2025-12-29
567,567,C00237,716,2023-01-03,47261.64,113.46,N,2023-01-03
568,568,C00022,231,2022-04-22,17310.59,4169.93,N,2022-04-22
569,569,C00061,1369,2022-03-22,45511.39,4005.76,N,2022-03-22
570,570,C00104,1552,2024-03-26,26285.08,3936.44,N,2024-03-26
571,571,C00152,1201,2022-05-07,35552.69,4542.68,N,2022-05-07
572,572,C00213,155,2022-11-13,27424.4,870.2,N,2022-11-13
573,573,C00155,887,2024-01-29,31982.7,4456.23,N,2024-01-29
574,574,C00117,595,2024-10-21,43767.99,4714.81,N,2024-10-21
575,575,C00176,92,2023-04-02,8681.01,3000.93,N,2023-04-02
576,576,C00255,578,2025-08-02,4658.71,4770.42,N,2025-08-02
577,577,C00126,57,2022-11-23,19121.85,3640.22,N,2022-11-23
578,578,C00133,492,2025-12-10,37732.33,310.04,N,2025-12-10
579,579,C00227,1312,2023-11-07,19826.34,3007.32,N,2023-11-07
581,581,C00132,286,2022-09-11,28862.59,398.66,N,2022-09-11
582,582,C00003,255,2025-06-30,41408.54,4916.74,N,2025-06-30
583,583,C00023,243,2022-08-18,42637.68,3447.69,N,2022-08-18
584,584,C00030,1143,2023-01-01,41531.45,975.17,N,2023-01-01
585,585,C00199,45,2022-12-21,17735.91,3707.71,N,2022-12-21
586,586,C00259,939,2023-07-21,35531.29,3298.07,N,2023-07-21
588,588,C00052,600,2025-05-28,11960.89,4995.78,N,2025-05-28
589,589,C00145,528,2022-07-26,34012.43,97.59,N,2022-07-26
590,590,C00029,1576,2024-10-25,24187.13,4242.47,N,2024-10-25
591,591,C00143,176,2025-12-17,30775.18,909.35,N,2025-12-17
592,592,C00162,1458,2025-05-01,20930.6,3298.52,N,2025-05-01
593,593,C00161,657,2023-04-13,31954.66,2911.9,N,2023-04-13
594,594,C00231,1513,2024-02-29,18477.15,1290.98,N,2024-02-29
595,595,C00243,323,2025-06-02,26926.08,1093.35,N,2025-06-02
596,596,C00193,1361,2023-11-22,40098.2,1483.81,N,2023-11-22
597,597,C00190,246,2023-06-11,18939.65,4567.61,N,2023-06-11
598,598,C00043,373,2023-03-23,42945.94,150.59,Y,2023-03-23
599,599,C00257,1761,2024-10-06,39446.7,3515.86,N,2024-10-06
600,600,C00153,808,2023-12-23,28682.93,2419.31,N,2023-12-23
601,601,C00012,322,2022-12-23,10966.19,1868.29,N,2022-12-23
602,602,C00056,548,2022-09-02,22535.71,2032.24,N,2022-09-02
603,603,C00004,1306,2023-09-06,6450.36,579.57,N,2023-09-06
604,604,C00223,141,2024-04-28,40111.17,4057.44,N,2024-04-28
605,605,C00037,1186,2023-01-18,41101.69,1051.56,N,2023-01-18
606,606,C00146,681,2025-07-16,6609.44,973.51,N,2025-07-16
607,607,C00263,46,2025-09-05,9473.64,77.17,N,2025-09-05
608,608,C00083,1635,2024-06-06,21586.68,864.2,N,2024-06-06
609,609,C00028,1514,2023-11-30,958.52,3458.33,N,2023-11-30
610,610,C00236,903,2025-05-04,16498.53,2141.86,N,2025-05-04
611,611,C00101,632,2025-10-30,29746.65,3957.23,N,2025-10-30
612,612,C00092,174,2024-07-08,29528.64,213.26,N,2024-07-08
613,613,C00096,734,2023-11-07,39799.49,4992.08,N,2023-11-07
614,614,C00101,40,2023-06-22,24294.55,256.62,N,2023-06-22
615,615,C00154,792,2023-12-25,27375.54,2790.36,N,2023-12-25
616,616,C00196,1264,2025-03-27,833.19,1006.97,N,2025-03-27
617,617,C00244,712,2024-05-21,4703.51,2371.35,N,2024-05-21
618,618,C00013,830,2025-10-14,14704.11,110.15,N,2025-10-14
622,622,C00083,1670,2025-01-19,5094.66,290.47,N,2025-01-19
623,623,C00206,546,2025-11-06,20777.69,4304.96,N,2025-11-06
624,624,C00148,480,2024-08-21,11576.56,2275.47,N,2024-08-21
625,625,C00008,169,2024-12-30,46724.58,1763.32,N,2024-12-30
626,626,C00069,1478,2023-12-14,21871.8,2554.81,N,2023-12-14
627,627,C00220,482,2024-10-18,47841.52,1308.6,N,2024-10-18
628,628,C00185,1644,2023-09-18,42941.57,1443.98,N,2023-09-18
629,629,C00187,1391,2025-03-26,31291.34,2932.88,N,2025-03-26
630,630,C00037,206,2025-05-21,21631.32,3946.65,N,2025-05-21
631,631,C00149,1396,2025-01-10,17176.62,3322.06,N,2025-01-10
632,632,C00034,1350,2024-07-14,7431.03,700.38,N,2024-07-14
633,633,C00187,1421,2023-03-12,12189.78,1719.31,N,2023-03-12
634,634,C00179,1724,2025-12-14,29871.35,2991.91,N,2025-12-14
635,635,C00022,339,2022-03-26,49335.67,2119.36,N,2022-03-26
637,637,C00148,451,2026-02-21,34326.59,2426.74,N,2026-02-21
638,638,C00111,790,2024-10-05,45077.23,732.51,N,2024-10-05
639,639,C00032,864,2023-12-24,38512.55,4014.8,N,2023-12-24
640,640,C00073,1229,2023-08-05,27177.18,972.29,N,2023-08-05
641,641,C00184,601,2022-12-30,4422.22,3391.42,N,2022-12-30
642,642,C00220,1031,2025-02-21,43858.84,3075.03,N,2025-02-21
643,643,C00066,367,2024-02-29,12399.77,2202.19,N,2024-02-29
644,644,C00255,922,2023-12-22,43142.1,1027.85,N,2023-12-22
645,645,C00038,1627,2024-01-17,29388.67,3493.61,N,2024-01-17
646,646,C00109,1780,2024-02-07,15805.96,2177.41,N,2024-02-07
647,647,C00246,955,2024-10-26,14605.64,4417.21,N,2024-10-26
648,648,C00175,1483,2025-09-27,33126.92,4900.34,N,2025-09-27
649,649,C00004,504,2025-03-29,33145.87,4451.76,N,2025-03-29
650,650,C00241,207,2024-07-15,8844.3,3868.03,N,2024-07-15
651,651,C00181,905,2025-04-29,12962.9,2278.83,N,2025-04-29
652,652,C00089,685,2025-04-15,11706.56,4738.99,N,2025-04-15
653,653,C00206,1122,2024-03-11,5392.73,4761.23,N,2024-03-11
654,654,C00264,953,2022-07-15,21767.31,1540.96,N,2022-07-15
655,655,C00146,950,2024-06-16,24983.01,3252.53,N,2024-06-16
656,656,C00139,1545,2024-01-04,29760.36,3595.62,N,2024-01-04
657,657,C00018,1541,2023-11-03,1208.73,1061.36,N,2023-11-03
658,658,C00115,1025,2022-11-23,19349.99,1551.57,N,2022-11-23
659,659,C00209,297,2023-12-19,29357.68,3171.38,N,2023-12-19
660,660,C00144,1687,2024-10-17,42610.32,428.24,N,2024-10-17
661,661,C00091,23,2024-07-12,16146.45,3226.68,N,2024-07-12
662,662,C00232,1136,2023-02-08,20520.79,1864.56,N,2023-02-08
663,663,C00107,1288,2024-09-01,25149.42,193.2,N,2024-09-01
664,664,C00043,621,2023-05-16,20838.69,893.57,N,2023-05-16
665,665,C00159,1630,2024-06-11,45605.4,3158.34,N,2024-06-11
666,666,C00180,28,2024-05-18,47551.02,1683.74,N,2024-05-18
667,667,C00225,363,2025-03-27,21511.72,2085.97,N,2025-03-27
668,668,C00184,765,2024-09-24,41555.61,2954.53,N,2024-09-24
669,669,C00203,1167,2023-09-23,13437.21,444.13,N,2023-09-23
670,670,C00136,21,2024-01-14,4309.98,955.01,N,2024-01-14
671,671,C00155,927,2022-02-08,39870.33,4432.76,N,2022-02-08
672,672,C00134,583,2024-02-19,16335.37,1241.42,N,2024-02-19
673,673,C00018,821,2023-01-27,28348.81,296.75,N,2023-01-27
674,674,C00178,1425,2025-06-25,22025.91,467.67,N,2025-06-25
675,675,C00263,1699,2023-02-02,40280.66,4328.36,N,2023-02-02
676,676,C00099,788,2022-08-10,23159.71,1310.4,N,2022-08-10
677,677,C00013,1380,2024-02-22,12231.01,555.93,N,2024-02-22
678,678,C00140,1249,2022-04-06,36494.63,4251.53,N,2022-04-06
679,679,C00045,320,2022-07-13,35800.1,436.21,N,2022-07-13
680,680,C00234,1493,2024-04-17,10682.65,3807.15,N,2024-04-17
681,681,C00239,1077,2022-05-28,49011.86,4525.6,N,2022-05-28
682,682,C00035,1583,2025-05-29,32508.51,801.48,N,2025-05-29
683,683,C00153,1302,2025-05-02,817.93,4013.83,N,2025-05-02
684,684,C00231,344,2023-05-01,45667.49,454.07,N,2023-05-01
685,685,C00115,1414,2022-01-27,18265.01,2929.54,N,2022-01-27
686,686,C00258,1063,2023-02-01,44695.22,3407.21,N,2023-02-01
687,687,C00102,1313,2024-03-05,29732.55,449.87,N,2024-03-05
688,688,C00126,224,2022-03-15,2589.45,2768.14,N,2022-03-15
689,689,C00129,686,2025-02-22,3619.16,4217.61,N,2025-02-22
690,690,C00052,418,2025-12-07,1120.94,3538.26,N,2025-12-07
691,691,C00154,356,2025-10-25,36547.31,2176.75,N,2025-10-25
692,692,C00235,1690,2024-12-05,49583.3,1724.27,N,2024-12-05
693,693,C00100,1114,2025-12-06,20439.15,1945.89,N,2025-12-06
694,694,C00124,1488,2024-01-04,2062.13,4658.02,N,2024-01-04
695,695,C00076,321,2024-01-31,8563.15,3278.59,N,2024-01-31
696,696,C00241,1304,2025-04-27,15499.27,2137.12,N,2025-04-27
698,698,C00039,287,2023-10-02,44570.75,2277.13,N,2023-10-02
699,699,C00012,635,2022-08-17,38810.18,3369.27,N,2022-08-17
700,700,C00218,1427,2024-02-08,44436.04,2541.46,N,2024-02-08
701,701,C00044,1447,2022-10-11,44523.76,1556.45,N,2022-10-11
702,702,C00084,1602,2022-04-17,20568.33,3986.54,N,2022-04-17
703,703,C00233,1769,2022-07-22,29776.78,4441.3,N,2022-07-22
704,704,C00205,793,2023-12-13,26555.84,4522.67,N,2023-12-13
705,705,C00025,884,2023-08-22,18059.12,2233.24,N,2023-08-22
706,706,C00070,1753,2025-06-10,30445.69,3703.25,N,2025-06-10
707,707,C00066,1382,2025-12-14,1085.1,252.39,N,2025-12-14
708,708,C00003,2,2025-04-22,7497.71,1383.46,N,2025-04-22
709,709,C00193,240,2024-02-24,49303.76,4081.8,N,2024-02-24
710,710,C00038,1001,2024-07-05,46666.77,4341.88,N,2024-07-05
711,711,C00217,607,2023-08-06,4547.63,2817.19,N,2023-08-06
712,712,C00127,200,2024-04-11,49352.25,4626.65,N,2024-04-11
713,713,C00208,281,2023-12-13,23824.77,4426.58,N,2023-12-13
714,714,C00148,1796,2022-08-03,42537.2,3978.81,N,2022-08-03
715,715,C00018,14,2024-12-15,42891.18,84.71,N,2024-12-15
716,716,C00136,1321,2024-11-16,47859.34,3264.18,N,2024-11-16
717,717,C00230,52,2025-03-30,7778.97,3233.91,N,2025-03-30
718,718,C00039,1732,2022-07-20,34932.03,1906.16,N,2022-07-20
719,719,C00082,181,2024-05-15,27272.35,343.35,N,2024-05-15
720,720,C00123,1162,2022-07-06,22457.95,2110.06,N,2022-07-06
721,721,C00070,1286,2023-06-30,7151.5,588.87,N,2023-06-30
722,722,C00217,725,2023-04-08,30856.2,2580.71,N,2023-04-08
723,723,C00134,1236,2022-09-23,32614.31,188.36,N,2022-09-23
724,724,C00086,1173,2023-03-16,31014.03,3709.55,N,2023-03-16
725,725,C00085,840,2024-12-25,40806.52,2526.19,N,2024-12-25
726,726,C00200,1456,2023-06-24,26098.48,2836.5,N,2023-06-24
727,727,C00205,1363,2025-01-15,22012.91,1818.06,N,2025-01-15
728,728,C00214,421,2022-10-19,28332.41,1834.46,N,2022-10-19
729,729,C00003,299,2023-12-08,14525.59,2778.07,N,2023-12-08
730,730,C00262,329,2023-03-10,22746.72,171.83,N,2023-03-10
731,731,C00122,404,2022-07-15,45995.76,87.56,N,2022-07-15
732,732,C00261,1752,2026-02-19,19070.62,4123.03,N,2026-02-19
733,733,C00140,460,2022-11-11,25173.55,3040.76,N,2022-11-11
734,734,C00242,1261,2025-03-29,38737.43,2485.9,N,2025-03-29
735,735,C00038,1740,2024-01-27,47586.96,3854.7,N,2024-01-27
736,736,C00187,642,2025-02-03,13834.95,591.72,N,2025-02-03
737,737,C00004,1491,2024-06-18,32661.97,2128.75,N,2024-06-18
738,738,C00102,906,2025-03-26,42706.95,3032.11,N,2025-03-26
739,739,C00029,1466,2022-03-30,25145.88,1615.26,N,2022-03-30
740,740,C00167,1475,2025-09-14,26812.39,2465.83,N,2025-09-14
741,741,C00109,1784,2025-01-20,42606.08,3931.75,N,2025-01-20
742,742,C00212,413,2025-03-29,48714.05,912.42,N,2025-03-29
743,743,C00205,462,2024-04-07,17877.03,1578.31,N,2024-04-07
744,744,C00020,618,2025-06-04,46986.49,4842.55,N,2025-06-04
745,745,C00218,1223,2025-05-08,8124.8,1171.29,N,2025-05-08
746,746,C00237,1559,2022-06-02,19318.43,1813.02,N,2022-06-02
747,747,C00058,60,2023-09-13,2790.32,306.33,N,2023-09-13
748,748,C00093,1005,2023-04-17,35535.3,2930.08,N,2023-04-17
749,749,C00242,806,2024-06-15,43104.7,3165.68,N,2024-06-15
750,750,C00159,315,2025-11-23,16377.84,3374.72,N,2025-11-23
751,751,C00136,831,2025-02-04,31874.48,2220.67,N,2025-02-04
752,752,C00179,661,2022-09-20,7336.11,3996.31,N,2022-09-20
753,753,C00256,1218,2024-04-30,23673.72,4599.57,N,2024-04-30
754,754,C00243,1377,2024-01-26,2916.96,217.49,N,2024-01-26
755,755,C00045,995,2025-06-12,8922.83,1078.58,N,2025-06-12
756,756,C00045,426,2022-09-21,12336.53,732.75,N,2022-09-21
757,757,C00003,442,2024-05-15,49363.92,4886.9,N,2024-05-15
758,758,C00046,1441,2022-04-10,28267.75,2372.76,N,2022-04-10
759,759,C00246,330,2024-04-29,45786.29,1269.21,N,2024-04-29
760,760,C00042,1300,2022-02-04,9479.88,3467.47,N,2022-02-04
761,761,C00052,443,2024-05-12,46455.79,349.65,N,2024-05-12
762,762,C00081,915,2023-07-18,31423.3,4381.29,N,2023-07-18
763,763,C00127,403,2022-09-27,14601.21,4221.43,N,2022-09-27
764,764,C00083,74,2024-04-21,14690.9,2989.63,N,2024-04-21
765,765,C00009,364,2023-11-19,43671.27,240.95,N,2023-11-19
766,766,C00224,1535,2022-02-01,24385.83,1218.16,N,2022-02-01
767,767,C00170,105,2024-01-16,33602.08,4517.75,N,2024-01-16
768,768,C00104,525,2024-10-28,5520.2,2175.42,N,2024-10-28
769,769,C00126,714,2023-02-03,37111.61,2341.75,N,2023-02-03
770,770,C00023,1330,2025-07-13,20129.03,4220.74,N,2025-07-13
771,771,C00040,167,2024-08-17,22678.16,1274.85,N,2024-08-17
772,772,C00171,749,2024-01-18,3226.88,2804.95,N,2024-01-18
774,774,C00204,56,2024-07-20,48055.36,2740.71,N,2024-07-20
775,775,C00118,1046,2023-10-05,29280.28,1809.02,N,2023-10-05
776,776,C00173,151,2023-07-20,21949.95,4731.46,N,2023-07-20
777,777,C00140,1500,2022-11-28,2008.98,174.72,N,2022-11-28
778,778,C00007,543,2024-09-23,29524.58,4580.12,N,2024-09-23
779,779,C00139,1680,2022-07-24,29910.44,4611.96,N,2022-07-24
781,781,C00183,1768,2023-08-06,47747.93,510.1,N,2023-08-06
782,782,C00185,988,2022-06-07,46845.5,240.5,N,2022-06-07
783,783,C00010,709,2022-11-01,5332.6,3543.02,N,2022-11-01
784,784,C00102,140,2022-09-24,17714.28,890.46,N,2022-09-24
785,785,C00019,580,2022-04-12,18682.47,644.31,N,2022-04-12
786,786,C00129,1710,2025-12-28,3633.01,1883.0,N,2025-12-28
787,787,C00225,868,2025-03-08,33703.78,3505.55,N,2025-03-08
788,788,C00239,325,2025-05-08,34043.5,2257.96,N,2025-05-08
789,789,C00046,993,2023-09-20,32705.58,3060.17,N,2023-09-20
790,790,C00179,359,2022-03-12,49854.31,1964.65,N,2022-03-12
791,791,C00250,812,2025-10-18,36117.5,2612.21,N,2025-10-18
792,792,C00053,1608,2023-05-26,15221.3,2065.79,N,2023-05-26
793,793,C00130,1163,2022-09-06,29027.71,2038.48,N,2022-09-06
795,795,C00114,340,2023-06-30,10255.28,4877.81,N,2023-06-30
796,796,C00071,1116,2022-03-20,34791.16,2582.38,N,2022-03-20
797,797,C00175,696,2024-09-15,24094.13,325.66,N,2024-09-15
798,798,C00225,878,2024-02-20,3493.21,2452.59,N,2024-02-20
799,799,C00017,1282,2024-08-11,46625.19,2735.93,N,2024-08-11
800,800,C00202,1323,2025-08-31,13871.61,435.8,N,2025-08-31
801,801,C00095,667,2023-06-28,26574.24,2044.12,N,2023-06-28
802,802,C00059,1652,2025-09-19,48215.16,2093.67,N,2025-09-19
803,803,C00020,557,2025-05-02,13864.37,3002.87,N,2025-05-02
804,804,C00153,156,2022-08-02,20846.95,1789.08,N,2022-08-02
805,805,C00159,936,2024-09-11,4710.29,2450.07,N,2024-09-11
806,806,C00220,589,2023-03-19,4435.07,4179.83,N,2023-03-19
807,807,C00032,1104,2023-01-31,4767.78,3057.46,N,2023-01-31
808,808,C00234,1062,2024-02-10,49675.8,3217.13,N,2024-02-10
809,809,C00175,766,2025-06-27,29884.21,4861.38,N,2025-06-27
810,810,C00025,1226,2023-04-30,6332.91,1964.38,N,2023-04-30
811,811,C00209,628,2023-10-07,14694.1,474.57,N,2023-10-07
812,812,C00097,738,2022-03-11,17258.51,2612.73,Y,2022-03-11
813,813,C00059,1442,2024-08-13,38146.75,2534.3,N,2024-08-13
814,814,C00223,1722,2025-06-06,26077.92,460.03,N,2025-06-06
815,815,C00067,1565,2023-08-20,39355.5,4256.14,N,2023-08-20
816,816,C00206,1677,2024-02-24,33421.13,2261.73,N,2024-02-24
817,817,C00042,1568,2023-07-30,37204.96,1481.14,N,2023-07-30
818,818,C00111,72,2023-03-19,42281.01,3163.06,N,2023-03-19
819,819,C00173,5,2025-01-08,3735.83,4685.06,N,2025-01-08
820,820,C00097,360,2025-06-26,29869.65,2766.03,N,2025-06-26
821,821,C00258,1648,2024-10-27,35509.36,3035.53,N,2024-10-27
822,822,C00257,573,2023-02-18,30802.92,2679.32,N,2023-02-18
823,823,C00042,624,2023-10-27,30496.96,3923.15,N,2023-10-27
824,824,C00048,523,2024-06-02,41403.89,669.09,N,2024-06-02
825,825,C00044,512,2025-09-02,40238.02,2199.16,N,2025-09-02
826,826,C00058,646,2023-03-19,6771.06,3672.1,N,2023-03-19
827,827,C00162,984,2024-03-03,12469.21,2360.76,N,2024-03-03
828,828,C00174,1474,2025-01-02,34532.03,2581.45,N,2025-01-02
829,829,C00022,779,2024-06-01,9944.85,4122.29,N,2024-06-01
830,830,C00043,1536,2024-09-06,39195.36,3195.94,N,2024-09-06
831,831,C00243,1504,2025-03-18,17030.23,1492.77,N,2025-03-18
832,832,C00219,284,2023-11-07,42211.1,1784.9,N,2023-11-07
833,833,C00181,658,2024-06-23,48217.63,3851.75,N,2024-06-23
834,834,C00080,1697,2024-11-09,41208.46,640.39,N,2024-11-09
835,835,C00226,1708,2025-05-28,33304.72,1495.84,N,2025-05-28
836,836,C00247,1000,2023-03-17,39345.04,4098.98,N,2023-03-17
837,837,C00200,148,2022-02-16,25912.07,2861.99,N,2022-02-16
838,838,C00246,721,2024-06-24,14855.24,1116.57,N,2024-06-24
839,839,C00032,168,2024-04-21,6944.86,3420.99,N,2024-04-21
840,840,C00130,899,2024-04-17,30137.02,4613.19,N,2024-04-17
841,841,C00264,126,2023-01-24,43800.34,4177.22,N,2023-01-24
842,842,C00199,1197,2024-08-11,44934.88,701.45,N,2024-08-11
843,843,C00061,1556,2023-04-11,46228.13,4198.99,N,2023-04-11
844,844,C00161,630,2022-06-19,48093.26,2573.18,N,2022-06-19
845,845,C00063,1388,2023-05-30,11421.29,450.39,N,2023-05-30
846,846,C00124,921,2023-03-09,45272.28,2366.11,N,2023-03-09
847,847,C00233,737,2023-07-08,17307.76,2453.51,N,2023-07-08
848,848,C00230,565,2022-09-01,33519.12,2092.61,N,2022-09-01
849,849,C00183,656,2025-01-05,32915.17,1553.52,N,2025-01-05
850,850,C00186,1265,2022-12-26,24672.99,2041.45,N,2022-12-26
851,851,C00090,186,2024-06-28,37050.77,488.87,N,2024-06-28
852,852,C00016,1269,2024-05-07,21344.07,558.05,N,2024-05-07
853,853,C00042,1610,2023-11-13,24661.45,2080.03,N,2023-11-13
854,854,C00204,1124,2022-07-07,10436.6,998.16,N,2022-07-07
855,855,C00074,611,2022-10-05,35540.44,4168.55,N,2022-10-05
856,856,C00111,1401,2023-10-05,33266.52,3522.73,N,2023-10-05
857,857,C00094,1159,2022-07-13,12616.35,3004.0,N,2022-07-13
858,858,C00086,872,2024-12-03,32710.1,2103.23,N,2024-12-03
859,859,C00159,1326,2022-01-12,26175.96,2406.08,N,2022-01-12
860,860,C00202,1571,2024-10-10,25998.05,3807.95,N,2024-10-10
861,861,C00249,942,2022-07-02,36549.8,2194.35,N,2022-07-02
862,862,C00053,1384,2022-08-08,31147.75,1590.84,N,2022-08-08
863,863,C00091,1169,2025-11-16,3481.05,1376.48,N,2025-11-16
864,864,C00237,912,2025-09-21,42662.73,3602.69,N,2025-09-21
865,865,C00156,350,2023-10-19,42684.82,4640.17,N,2023-10-19
866,866,C00184,669,2025-04-13,43395.74,3579.94,N,2025-04-13
867,867,C00122,1497,2024-11-12,32564.6,2576.18,N,2024-11-12
868,868,C00110,1454,2025-12-27,33035.12,344.34,N,2025-12-27
869,869,C00171,395,2024-04-12,6178.77,159.57,N,2024-04-12
870,870,C00202,1093,2023-11-03,31120.64,3740.55,N,2023-11-03
871,871,C00130,1651,2024-11-19,12125.45,1175.37,N,2024-11-19
872,872,C00101,142,2024-05-06,33686.05,1710.32,N,2024-05-06
873,873,C00175,867,2023-09-21,27864.47,2958.14,N,2023-09-21
874,874,C00161,717,2025-02-18,25369.75,1221.73,Y,2025-02-18
875,875,C00139,218,2025-03-02,45246.72,1895.64,N,2025-03-02
876,876,C00144,781,2022-11-23,44669.88,60.68,N,2022-11-23
877,877,C00130,93,2024-04-11,23346.85,2385.08,N,2024-04-11
878,878,C00219,346,2022-02-20,49197.2,2892.3,N,2022-02-20
879,879,C00199,972,2023-02-15,35700.07,2353.41,N,2023-02-15
880,880,C00065,832,2023-01-14,34833.7,2514.07,Y,2023-01-14
881,881,C00263,724,2023-12-14,13702.91,1293.05,N,2023-12-14
883,883,C00261,37,2022-07-04,14435.11,71.78,N,2022-07-04
884,884,C00089,1633,2022-07-09,1328.98,3305.46,N,2022-07-09
885,885,C00208,1301,2024-09-08,9659.58,3391.74,N,2024-09-08
886,886,C00211,1148,2025-11-01,22522.71,2114.0,N,2025-11-01
887,887,C00110,1024,2025-01-25,19928.55,55.81,N,2025-01-25
888,888,C00181,1463,2025-12-20,5211.17,4832.78,N,2025-12-20
889,889,C00157,593,2022-03-27,10202.89,3682.59,N,2022-03-27
890,890,C00250,1729,2023-08-03,9259.89,1807.88,N,2023-08-03
891,891,C00025,1522,2022-10-02,9451.91,4433.1,N,2022-10-02
892,892,C00218,1130,2025-05-29,39171.27,4703.84,N,2025-05-29
893,893,C00107,349,2022-07-12,17095.36,707.69,N,2022-07-12
894,894,C00163,572,2025-07-22,26183.53,724.71,N,2025-07-22
895,895,C00146,133,2025-05-24,33917.7,3921.1,N,2025-05-24
896,896,C00086,1402,2024-05-21,28300.9,2130.23,N,2024-05-21
897,897,C00052,39,2023-02-18,10430.16,319.37,N,2023-02-18
898,898,C00067,85,2026-01-29,29072.75,4587.04,N,2026-01-29
899,899,C00060,1335,2024-04-04,577.7,321.25,N,2024-04-04
900,900,C00056,1004,2023-05-28,19982.27,2604.52,N,2023-05-28
901,901,C00116,337,2023-02-06,35660.81,4344.28,N,2023-02-06
902,902,C00224,1772,2025-01-12,3212.79,2123.98,N,2025-01-12
903,903,C00128,1712,2022-03-13,40138.34,4289.36,N,2022-03-13
904,904,C00210,1376,2025-06-29,24415.17,3611.59,N,2025-06-29
905,905,C00063,71,2024-11-10,16334.56,2839.02,N,2024-11-10
906,906,C00090,197,2023-02-27,3174.33,4177.62,N,2023-02-27
907,907,C00038,288,2025-12-12,17848.86,2268.69,N,2025-12-12
908,908,C00258,406,2024-09-10,32956.53,3497.6,N,2024-09-10
909,909,C00104,530,2023-01-08,6160.52,4676.46,N,2023-01-08
910,910,C00181,1477,2023-10-23,32188.54,2363.59,N,2023-10-23
911,911,C00056,515,2023-08-18,7147.29,3012.13,N,2023-08-18
912,912,C00249,951,2025-01-01,45221.82,2093.81,N,2025-01-01
913,913,C00067,1362,2022-07-25,40609.74,730.22,N,2022-07-25
914,914,C00052,751,2025-08-01,38575.89,797.49,N,2025-08-01
915,915,C00079,1121,2022-07-07,12147.49,740.51,N,2022-07-07
916,916,C00147,1184,2025-02-11,42462.76,2052.95,N,2025-02-11
917,917,C00021,552,2026-01-13,36926.54,4366.64,N,2026-01-13
918,918,C00218,41,2022-08-11,19046.1,4920.03,N,2022-08-11
919,919,C00259,758,2025-10-05,46518.39,571.2,N,2025-10-05
920,920,C00009,64,2023-08-02,6198.54,727.62,N,2023-08-02
921,921,C00184,1285,2023-04-04,8053.34,4125.25,N,2023-04-04
922,922,C00128,1085,2023-03-27,41797.1,285.52,N,2023-03-27
923,923,C00115,957,2025-02-20,25883.05,3620.3,N,2025-02-20
924,924,C00048,1211,2023-01-07,23490.43,2300.26,N,2023-01-07
925,925,C00201,185,2022-01-19,32949.12,4210.81,N,2022-01-19
926,926,C00118,1139,2024-05-26,26819.73,975.13,N,2024-05-26
927,927,C00102,1612,2025-10-29,42234.76,2601.46,N,2025-10-29
928,928,C00192,693,2022-01-27,37445.94,3345.72,N,2022-01-27
929,929,C00063,819,2024-04-20,27360.55,3893.51,N,2024-04-20
930,930,C00112,1193,2023-04-09,8268.99,3166.96,N,2023-04-09
931,931,C00074,478,2024-01-27,8682.49,1875.75,N,2024-01-27
932,932,C00179,564,2023-07-10,14816.95,2132.56,N,2023-07-10
933,933,C00225,1788,2023-05-24,8992.56,420.82,N,2023-05-24
934,934,C00093,1793,2024-08-20,24327.32,384.2,N,2024-08-20
935,935,C00122,769,2022-04-28,43524.52,3302.92,N,2022-04-28
936,936,C00268,75,2022-04-24,19409.39,4075.34,Y,2022-04-24
937,937,C00153,1412,2023-03-11,44697.49,3276.85,N,2023-03-11
938,938,C00083,569,2022-12-14,5726.47,4270.87,N,2022-12-14
939,939,C00210,780,2023-08-09,31820.74,806.01,N,2023-08-09
940,940,C00101,1558,2024-12-12,19015.43,2159.73,N,2024-12-12
941,941,C00247,165,2022-03-12,32760.26,3189.89,N,2022-03-12
942,942,C00129,1759,2022-09-30,48623.16,4676.72,Y,2022-09-30
943,943,C00137,147,2023-08-12,8087.39,564.29,N,2023-08-12
944,944,C00032,1517,2024-12-03,41708.3,2048.77,N,2024-12-03
945,945,C00041,1472,2023-06-14,22869.95,1206.82,N,2023-06-14
946,946,C00262,65,2025-05-04,31324.78,2591.21,N,2025-05-04
947,947,C00161,647,2025-01-04,34933.59,1521.0,N,2025-01-04
949,949,C00075,1464,2025-08-05,6685.02,1974.2,N,2025-08-05
950,950,C00243,1440,2022-05-06,29708.35,2553.79,N,2022-05-06
951,951,C00068,1794,2023-04-07,26461.11,1208.89,N,2023-04-07
952,952,C00201,883,2022-07-23,25040.34,1193.72,N,2022-07-23
953,953,C00099,489,2023-06-05,32261.07,4336.69,N,2023-06-05
954,954,C00231,1734,2024-10-19,35290.48,1336.46,N,2024-10-19
955,955,C00200,1703,2025-01-27,32312.3,1749.08,N,2025-01-27
956,956,C00059,1230,2024-06-11,24016.86,3130.3,N,2024-06-11
957,957,C00046,1417,2025-10-09,27584.64,1938.39,N,2025-10-09
958,958,C00129,202,2023-06-13,19213.94,313.96,N,2023-06-13
959,959,C00205,1239,2024-01-10,47425.51,3655.1,N,2024-01-10
960,960,C00006,1631,2023-12-02,24444.71,1974.75,N,2023-12-02
961,961,C00116,149,2025-03-25,27001.35,3639.93,N,2025-03-25
962,962,C00030,437,2025-08-01,27855.27,426.64,N,2025-08-01
963,963,C00261,1156,2025-02-20,33320.38,406.07,N,2025-02-20
964,964,C00108,1681,2022-11-20,27025.89,75.42,N,2022-11-20
965,965,C00256,1616,2022-12-22,44753.81,1880.22,N,2022-12-22
966,966,C00229,1468,2025-05-08,11292.66,2161.19,N,2025-05-08
967,967,C00061,1191,2024-04-05,34140.44,173.59,N,2024-04-05
968,968,C00057,158,2022-05-03,18903.66,4770.42,N,2022-05-03
969,969,C00052,1669,2024-08-11,14660.71,2049.34,N,2024-08-11
970,970,C00017,673,2023-01-07,17593.59,4634.57,N,2023-01-07
971,971,C00268,764,2022-04-16,15820.4,4581.71,N,2022-04-16
972,972,C00152,1539,2023-04-17,23584.38,4749.64,N,2023-04-17
973,973,C00235,563,2023-12-23,46155.19,3119.17,N,2023-12-23
974,974,C00205,227,2025-12-05,9596.27,1342.49,N,2025-12-05
976,976,C00167,1246,2025-07-29,6751.32,4926.98,N,2025-07-29
977,977,C00138,663,2025-07-05,21580.98,3582.67,N,2025-07-05
978,978,C00157,1774,2023-01-16,23368.2,2675.23,N,2023-01-16
979,979,C00154,1164,2024-06-29,39177.36,2769.25,N,2024-06-29
980,980,C00093,1719,2025-02-27,39496.82,4403.92,N,2025-02-27
981,981,C00268,150,2025-09-14,49295.42,2590.25,N,2025-09-14
982,982,C00030,300,2023-06-24,42104.23,2752.89,N,2023-06-24
983,983,C00073,1632,2024-11-14,45134.39,207.41,N,2024-11-14
984,984,C00134,1119,2026-01-26,22191.21,2948.78,N,2026-01-26
985,985,C00234,999,2022-03-03,44351.7,4170.92,N,2022-03-03
986,986,C00120,599,2024-11-05,2341.6,4272.59,N,2024-11-05
987,987,C00224,1057,2022-03-23,9318.62,2376.65,N,2022-03-23
988,988,C00086,705,2024-08-21,32839.34,863.54,N,2024-08-21
989,989,C00112,670,2025-07-17,40082.22,3874.63,N,2025-07-17
990,990,C00226,699,2022-08-04,29160.42,3107.73,N,2022-08-04
991,991,C00038,1577,2025-10-24,9169.14,948.18,N,2025-10-24
992,992,C00242,1381,2024-09-02,36498.51,3773.85,N,2024-09-02
993,993,C00053,86,2024-02-10,29987.94,3577.32,N,2024-02-10
994,994,C00119,559,2025-06-08,37408.75,2584.82,N,2025-06-08
995,995,C00234,1006,2025-04-02,42770.9,852.43,N,2025-04-02
996,996,C00213,965,2025-11-13,23949.95,1815.61,N,2025-11-13
997,997,C00194,441,2023-07-22,45799.39,4618.8,N,2023-07-22
998,998,C00143,1746,2023-07-20,45482.22,423.33,N,2023-07-20
999,999,C00006,923,2025-07-26,19408.37,1573.21,N,2025-07-26
1000,1000,C00025,474,2023-04-09,20697.78,1614.47,N,2023-04-09
1001,1001,C00132,1668,2025-08-09,43582.19,4263.82,N,2025-08-09
1002,1002,C00162,384,2025-03-28,32714.39,1810.07,N,2025-03-28
1003,1003,C00264,518,2023-11-27,16700.21,321.85,N,2023-11-27
1004,1004,C00186,1751,2025-09-02,28696.05,1294.66,N,2025-09-02
1005,1005,C00107,1108,2025-07-06,17050.06,4217.96,N,2025-07-06
1006,1006,C00165,996,2023-09-11,41641.47,2304.31,N,2023-09-11
1007,1007,C00047,1404,2024-08-03,48715.18,4962.99,N,2024-08-03
1008,1008,C00005,1689,2022-11-03,32532.09,1323.61,N,2022-11-03
1009,1009,C00055,641,2024-03-09,23734.39,2061.39,N,2024-03-09
1010,1010,C00228,319,2023-02-05,30206.68,2385.34,N,2023-02-05
1011,1011,C00222,1209,2024-05-25,3230.99,4945.44,N,2024-05-25
1012,1012,C00182,1084,2022-08-28,18276.96,1733.65,N,2022-08-28
1013,1013,C00156,743,2022-07-12,37590.91,901.73,N,2022-07-12
1014,1014,C00139,1728,2023-12-26,13802.72,2624.74,N,2023-12-26
1015,1015,C00036,944,2023-10-18,5442.61,2288.2,N,2023-10-18
1016,1016,C00036,1215,2022-08-16,11189.33,2800.82,N,2022-08-16
1017,1017,C00030,1695,2025-12-08,7409.45,3223.46,N,2025-12-08
1018,1018,C00026,509,2025-12-12,14113.98,1946.62,N,2025-12-12
1019,1019,C00167,890,2025-06-01,5087.98,3741.17,N,2025-06-01
1020,1020,C00108,226,2022-05-12,14568.15,3389.11,Y,2022-05-12
1021,1021,C00149,956,2023-04-13,10511.31,3078.37,N,2023-04-13
1022,1022,C00010,1717,2023-02-05,27879.83,2187.32,N,2023-02-05
1023,1023,C00072,1760,2023-11-03,39810.41,1030.73,N,2023-11-03
1025,1025,C00085,1231,2023-05-13,25260.3,812.37,N,2023-05-13
1026,1026,C00126,1667,2025-01-18,8091.48,4856.42,N,2025-01-18
1027,1027,C00263,1087,2025-11-05,10325.94,4545.8,N,2025-11-05
1028,1028,C00198,479,2025-01-24,32035.34,4768.84,N,2025-01-24
1029,1029,C00026,43,2023-05-07,49567.75,2558.16,N,2023-05-07
1030,1030,C00222,124,2024-11-09,38581.69,2965.46,N,2024-11-09
1031,1031,C00005,1661,2022-04-13,29700.38,1412.57,N,2022-04-13
1032,1032,C00075,233,2024-04-13,31561.11,2442.49,N,2024-04-13
1033,1033,C00121,172,2022-07-13,13475.28,2734.79,N,2022-07-13
1034,1034,C00162,990,2025-10-28,42668.23,781.3,N,2025-10-28
1035,1035,C00017,1432,2024-10-06,43015.13,2906.48,N,2024-10-06
1036,1036,C00038,1109,2025-12-26,24924.06,3340.24,N,2025-12-26
1037,1037,C00221,212,2025-10-08,20606.84,457.19,N,2025-10-08
1038,1038,C00019,1615,2024-03-23,47912.58,3739.96,N,2024-03-23
1039,1039,C00119,473,2024-01-17,42860.6,2584.89,N,2024-01-17
1040,1040,C00092,1618,2026-02-23,8131.29,319.08,N,2026-02-23
1041,1041,C00216,317,2023-02-02,30363.06,4808.23,N,2023-02-02
1042,1042,C00268,689,2023-06-25,49377.06,4305.7,N,2023-06-25
1043,1043,C00031,516,2025-02-07,14696.89,2295.09,N,2025-02-07
1044,1044,C00149,871,2024-09-17,27770.24,4118.59,N,2024-09-17
1045,1045,C00133,267,2025-08-15,49982.05,4325.32,N,2025-08-15
1046,1046,C00055,1064,2023-12-03,20308.23,1577.79,N,2023-12-03
1047,1047,C00017,95,2022-12-03,8670.6,3787.16,N,2022-12-03
1048,1048,C00060,1263,2022-09-29,8467.78,490.05,N,2022-09-29
1049,1049,C00111,775,2023-05-27,31152.84,1822.35,N,2023-05-27
1050,1050,C00150,1438,2024-09-29,24400.69,4258.49,N,2024-09-29
1051,1051,C00070,795,2024-05-06,5803.72,592.88,N,2024-05-06
1052,1052,C00020,682,2022-08-05,23577.46,3732.76,N,2022-08-05
1053,1053,C00045,483,2025-10-12,3457.95,116.89,N,2025-10-12
1054,1054,C00117,1431,2022-03-28,5926.62,727.69,N,2022-03-28
1055,1055,C00075,1040,2022-07-12,48055.52,2922.05,N,2022-07-12
1056,1056,C00189,1195,2023-08-16,37536.72,1753.56,N,2023-08-16
1057,1057,C00142,803,2025-09-15,1917.45,4296.91,N,2025-09-15
1058,1058,C00193,68,2025-09-22,41401.89,3562.71,N,2025-09-22
1059,1059,C00111,949,2022-05-11,12994.08,588.11,N,2022-05-11
1060,1060,C00084,108,2022-03-22,25000.62,4026.36,N,2022-03-22
1061,1061,C00113,745,2022-06-18,21669.8,1566.46,N,2022-06-18
1062,1062,C00142,436,2025-06-19,41909.27,447.76,N,2025-06-19
1063,1063,C00059,1216,2024-10-28,38358.01,593.86,N,2024-10-28
1064,1064,C00235,374,2023-12-08,19329.32,3654.49,N,2023-12-08
1065,1065,C00117,1177,2023-07-15,31330.9,606.35,N,2023-07-15
1066,1066,C00240,1692,2024-01-16,35269.06,3474.01,Y,2024-01-16
1067,1067,C00040,153,2025-09-02,34687.19,3063.67,N,2025-09-02
1068,1068,C00056,96,2023-05-12,9973.31,1719.0,N,2023-05-12
1069,1069,C00255,768,2024-04-25,20778.57,1535.53,N,2024-04-25
1070,1070,C00061,1480,2023-09-02,13872.32,1822.21,Y,2023-09-02
1071,1071,C00029,706,2025-11-07,13031.94,1411.87,N,2025-11-07
1072,1072,C00209,399,2025-05-19,9903.77,1177.5,N,2025-05-19
1073,1073,C00006,874,2024-03-17,29409.23,4025.34,N,2024-03-17
1074,1074,C00199,959,2024-03-21,6571.19,3313.8,N,2024-03-21
1075,1075,C00180,444,2025-10-22,38791.48,3410.11,N,2025-10-22
1076,1076,C00200,272,2025-04-01,48160.63,569.0,N,2025-04-01
1077,1077,C00148,691,2023-02-09,13347.18,4889.71,N,2023-02-09
1078,1078,C00094,668,2022-09-21,13373.27,2368.06,N,2022-09-21
1079,1079,C00066,1210,2023-01-31,42644.4,3036.39,N,2023-01-31
1080,1080,C00118,760,2025-09-01,40907.61,4429.52,N,2025-09-01
1081,1081,C00169,1473,2023-08-17,16386.93,303.75,N,2023-08-17
1082,1082,C00151,30,2025-05-25,13111.97,3576.48,N,2025-05-25
1083,1083,C00190,1196,2022-03-07,8760.56,3407.38,N,2022-03-07
1084,1084,C00028,1637,2023-11-06,33211.66,768.32,N,2023-11-06
1085,1085,C00242,916,2025-08-07,19330.27,833.49,N,2025-08-07
1086,1086,C00012,1663,2023-09-27,28730.04,2958.72,N,2023-09-27
1087,1087,C00209,824,2022-10-11,28084.95,1029.28,N,2022-10-11
1088,1088,C00197,69,2024-07-14,49930.86,3570.38,N,2024-07-14
1089,1089,C00132,213,2022-05-04,39803.58,4734.61,N,2022-05-04
1090,1090,C00219,1278,2022-08-29,46270.37,2118.85,N,2022-08-29
1091,1091,C00186,892,2023-02-06,29584.73,2592.72,N,2023-02-06
1092,1092,C00128,1726,2024-03-30,22674.4,4596.44,N,2024-03-30
1093,1093,C00237,1029,2025-04-25,45151.81,2822.79,N,2025-04-25
1094,1094,C00109,1735,2022-10-04,35661.11,2756.26,N,2022-10-04
1095,1095,C00215,1731,2025-12-20,19991.05,2298.34,N,2025-12-20
1096,1096,C00176,704,2023-07-21,6051.84,4706.96,N,2023-07-21
1097,1097,C00176,692,2022-03-29,33433.53,4551.85,N,2022-03-29
1098,1098,C00119,945,2022-10-26,21468.74,4616.79,N,2022-10-26
1099,1099,C00167,1457,2023-08-10,3237.65,4231.44,N,2023-08-10
1100,1100,C00177,199,2025-07-03,29770.18,2205.62,N,2025-07-03
1101,1101,C00148,708,2022-04-10,47317.05,3225.93,N,2022-04-10
1102,1102,C00183,1072,2025-04-19,30807.92,505.26,N,2025-04-19
1103,1103,C00224,449,2025-11-08,13756.05,1084.29,N,2025-11-08
1104,1104,C00204,18,2023-02-03,5100.22,2552.93,N,2023-02-03
1105,1105,C00094,933,2025-11-23,10148.54,2662.29,N,2025-11-23
1106,1106,C00032,1274,2024-05-30,10583.45,227.79,N,2024-05-30
1107,1107,C00128,889,2024-11-02,20522.45,1714.58,N,2024-11-02
1108,1108,C00227,1174,2024-09-20,17311.49,2793.38,N,2024-09-20
1109,1109,C00002,3,2025-08-13,10456.7,3845.6,N,2025-08-13
1110,1110,C00080,1150,2022-10-16,31025.48,119.05,N,2022-10-16
1111,1111,C00090,684,2024-03-28,12481.33,3781.24,N,2024-03-28
1112,1112,C00128,397,2023-01-22,27388.56,4325.23,N,2023-01-22
1113,1113,C00242,615,2024-08-22,47262.67,1075.66,N,2024-08-22
1114,1114,C00173,1698,2023-10-23,29310.77,2930.37,N,2023-10-23
1115,1115,C00043,1385,2025-07-14,47298.12,4045.59,N,2025-07-14
1116,1116,C00238,450,2022-02-20,17992.6,3541.21,N,2022-02-20
1117,1117,C00169,1598,2023-01-04,45890.19,3962.18,N,2023-01-04
1118,1118,C00219,1083,2024-01-25,19710.99,2341.25,N,2024-01-25
1119,1119,C00083,1165,2024-01-02,8418.13,106.59,N,2024-01-02
1120,1120,C00245,675,2023-05-04,49769.76,4507.47,N,2023-05-04
1121,1121,C00005,47,2024-07-28,38963.78,1776.6,N,2024-07-28
1122,1122,C00218,424,2025-11-12,11989.13,3235.26,N,2025-11-12
1123,1123,C00159,25,2024-01-23,24504.19,1189.53,Y,2024-01-23
1124,1124,C00022,1352,2026-01-13,23880.61,4731.57,N,2026-01-13
1125,1125,C00206,697,2024-06-11,35756.66,1529.31,N,2024-06-11
1126,1126,C00108,257,2025-04-10,7898.08,4215.6,N,2025-04-10
1127,1127,C00240,826,2023-10-20,14778.22,2022.16,N,2023-10-20
1128,1128,C00057,1645,2023-12-11,47836.66,1642.1,N,2023-12-11
1129,1129,C00129,1097,2023-08-28,32692.38,2173.98,N,2023-08-28
1130,1130,C00230,179,2022-09-29,42267.92,1618.27,N,2022-09-29
1131,1131,C00048,232,2025-09-08,29631.74,1247.46,N,2025-09-08
1132,1132,C00080,1530,2024-07-16,47549.11,181.26,N,2024-07-16
1133,1133,C00015,276,2024-07-17,6464.82,4978.42,N,2024-07-17
1134,1134,C00060,389,2023-01-21,43213.58,3272.5,N,2023-01-21
1135,1135,C00141,335,2024-12-25,16272.1,2148.05,N,2024-12-25
1136,1136,C00125,614,2025-03-07,16635.3,2813.94,N,2025-03-07
1137,1137,C00120,1208,2024-09-06,38114.29,3686.95,N,2024-09-06
1138,1138,C00236,1579,2022-04-28,17770.05,4876.9,N,2022-04-28
1139,1139,C00030,1314,2025-06-22,3086.21,534.56,N,2025-06-22
1140,1140,C00006,855,2024-01-30,18588.8,3861.9,N,2024-01-30
1141,1141,C00257,1503,2024-07-26,5733.54,3507.58,N,2024-07-26
1142,1142,C00123,1217,2023-08-06,2501.33,3753.4,N,2023-08-06
1143,1143,C00081,368,2024-02-02,9333.8,4178.87,N,2024-02-02
1144,1144,C00095,434,2023-12-20,31289.6,335.37,N,2023-12-20
1145,1145,C00077,1280,2024-05-14,19812.76,2667.44,N,2024-05-14
1146,1146,C00195,982,2022-10-14,33072.99,738.05,N,2022-10-14
1147,1147,C00106,425,2024-04-07,39357.85,882.67,N,2024-04-07
1148,1148,C00186,886,2025-01-07,17965.9,4112.32,N,2025-01-07
1149,1149,C00079,342,2025-09-03,9060.89,1286.63,N,2025-09-03
1150,1150,C00122,1015,2022-08-17,24720.96,2495.88,N,2022-08-17
1151,1151,C00209,189,2023-04-17,2479.7,4803.51,N,2023-04-17
1152,1152,C00079,1100,2025-02-23,27780.81,4694.24,N,2025-02-23
1153,1153,C00110,430,2024-09-10,34313.77,491.55,N,2024-09-10
1154,1154,C00259,1745,2024-06-17,37130.29,1915.02,N,2024-06-17
1155,1155,C00175,1596,2025-05-31,21983.84,3067.77,N,2025-05-31
1156,1156,C00139,1387,2023-04-02,48285.39,751.83,N,2023-04-02
1157,1157,C00191,1567,2022-10-16,25758.54,1142.64,N,2022-10-16
1158,1158,C00266,1079,2023-06-03,15570.09,4444.24,N,2023-06-03
1159,1159,C00244,417,2024-05-28,48534.7,2522.59,N,2024-05-28
1160,1160,C00028,1460,2025-10-10,7028.05,4389.81,N,2025-10-10
1161,1161,C00107,772,2024-12-27,34707.65,4324.38,N,2024-12-27
1162,1162,C00086,251,2022-10-26,49446.85,484.76,N,2022-10-26
1163,1163,C00177,943,2023-12-24,4252.1,1338.63,N,2023-12-24
1164,1164,C00059,653,2024-04-22,6139.74,366.52,N,2024-04-22
1165,1165,C00016,306,2023-09-15,15450.64,4480.62,N,2023-09-15
1166,1166,C00210,1270,2022-11-25,19176.72,2697.35,N,2022-11-25
1167,1167,C00004,1600,2023-05-13,27494.99,382.59,N,2023-05-13
1168,1168,C00093,463,2025-11-15,28427.17,4159.37,N,2025-11-15
1169,1169,C00063,55,2024-03-21,32457.48,4018.17,N,2024-03-21
1170,1170,C00200,415,2025-04-16,20905.22,3022.59,N,2025-04-16
1171,1171,C00065,1609,2023-07-27,33011.87,4737.14,N,2023-07-27
1172,1172,C00228,495,2023-04-20,47054.54,121.31,N,2023-04-20
1173,1173,C00070,208,2025-12-31,38256.66,2481.9,N,2025-12-31
1174,1174,C00227,1430,2025-03-20,18516.78,295.25,N,2025-03-20
1175,1175,C00218,629,2025-03-24,23338.12,3215.22,N,2025-03-24
1176,1176,C00199,1508,2025-01-06,32991.59,2068.56,N,2025-01-06
1177,1177,C00018,106,2025-03-22,41838.17,610.22,N,2025-03-22
1178,1178,C00194,387,2022-06-03,1692.87,2820.48,N,2022-06-03
1179,1179,C00209,1060,2023-04-01,7272.04,2305.7,N,2023-04-01
1180,1180,C00022,845,2024-04-26,8908.17,275.34,N,2024-04-26
1181,1181,C00187,1449,2023-10-07,48245.05,3484.82,N,2023-10-07
1183,1183,C00262,1626,2023-06-07,49634.53,210.45,N,2023-06-07
1185,1185,C00097,1248,2022-02-19,18212.3,3710.88,N,2022-02-19
1186,1186,C00209,877,2025-05-13,41817.99,4760.85,N,2025-05-13
1187,1187,C00207,1327,2025-04-30,12577.23,2022.48,N,2025-04-30
1188,1188,C00216,1424,2022-05-14,24449.44,1625.55,N,2022-05-14
1189,1189,C00081,1718,2022-10-10,16054.7,2429.4,N,2022-10-10
1190,1190,C00205,671,2025-07-17,13934.74,1509.31,N,2025-07-17
1191,1191,C00224,1026,2023-11-22,8382.7,462.01,N,2023-11-22
1192,1192,C00062,170,2023-03-19,39482.12,2435.25,N,2023-03-19
1193,1193,C00030,655,2022-07-28,49239.86,3429.94,N,2022-07-28
1194,1194,C00196,187,2023-12-24,2380.78,4927.93,N,2023-12-24
1195,1195,C00161,1329,2025-03-03,20801.8,2169.44,N,2025-03-03
1196,1196,C00046,1205,2022-05-12,42324.45,4221.73,N,2022-05-12
1197,1197,C00057,1045,2024-12-08,48129.04,2757.95,N,2024-12-08
1198,1198,C00020,613,2022-08-28,33531.43,1658.6,N,2022-08-28
1199,1199,C00243,83,2023-12-19,17430.61,4802.97,N,2023-12-19
1200,1200,C00131,357,2023-03-28,44119.46,3576.7,N,2023-03-28
1201,1201,C00135,1013,2025-05-20,10176.35,2108.6,N,2025-05-20
1203,1203,C00015,331,2025-03-15,34797.21,691.62,N,2025-03-15
1204,1204,C00211,1588,2023-02-25,35674.15,471.32,N,2023-02-25
1205,1205,C00186,774,2025-06-02,29826.5,1521.46,N,2025-06-02
1206,1206,C00119,386,2025-04-29,7002.92,4408.56,N,2025-04-29
1207,1207,C00245,715,2023-04-16,16795.13,4427.17,N,2023-04-16
1208,1208,C00038,610,2023-10-29,1050.19,4893.22,N,2023-10-29
1209,1209,C00176,837,2023-02-17,27705.75,978.09,N,2023-02-17
1210,1210,C00208,522,2025-02-03,14156.76,2853.65,N,2025-02-03
1211,1211,C00136,835,2024-03-10,33624.88,1811.72,N,2024-03-10
1212,1212,C00028,392,2023-07-10,35890.63,4292.87,N,2023-07-10
1213,1213,C00202,398,2024-01-03,20442.61,1079.77,N,2024-01-03
1214,1214,C00107,550,2025-11-05,40410.17,3542.14,N,2025-11-05
1215,1215,C00218,1641,2025-09-26,42917.05,4779.19,N,2025-09-26
1216,1216,C00079,1528,2022-11-27,45412.8,664.9,N,2022-11-27
1217,1217,C00159,9,2023-07-02,37057.71,3548.4,N,2023-07-02
1218,1218,C00223,1276,2024-04-28,18722.29,451.4,N,2024-04-28
1219,1219,C00080,748,2022-07-28,26021.59,1080.28,N,2022-07-28
1220,1220,C00171,1628,2023-02-02,24988.59,2304.56,N,2023-02-02
1221,1221,C00174,762,2025-02-27,19317.87,2921.71,N,2025-02-27
1222,1222,C00060,1076,2025-06-19,11737.91,3884.9,N,2025-06-19
1223,1223,C00137,754,2025-12-11,44698.09,534.12,N,2025-12-11
1224,1224,C00262,290,2024-12-15,43821.32,972.22,N,2024-12-15
1225,1225,C00198,497,2024-07-27,3934.45,1183.5,N,2024-07-27
1226,1226,C00142,225,2023-06-15,22794.31,4231.68,N,2023-06-15
1227,1227,C00174,1725,2022-05-09,3484.64,3295.98,N,2022-05-09
1228,1228,C00042,858,2025-02-01,20282.05,1022.78,N,2025-02-01
1229,1229,C00064,1606,2023-11-22,22925.88,3088.93,N,2023-11-22
1230,1230,C00014,1160,2025-01-10,42200.93,1249.91,N,2025-01-10
1232,1232,C00242,1646,2022-12-29,40195.25,2205.83,N,2022-12-29
1233,1233,C00195,432,2023-01-22,6546.68,2233.54,N,2023-01-22
1234,1234,C00174,1175,2024-02-25,1349.66,4439.88,N,2024-02-25
1235,1235,C00193,736,2023-05-31,10520.49,3588.73,N,2023-05-31
1236,1236,C00222,1439,2022-11-14,45885.54,3126.13,N,2022-11-14
1237,1237,C00126,794,2024-11-18,8123.26,4942.22,N,2024-11-18
1238,1238,C00267,570,2024-08-03,47117.93,1277.76,N,2024-08-03
1240,1240,C00035,1342,2022-10-27,28852.78,435.86,N,2022-10-27
1241,1241,C00155,740,2024-02-18,48342.43,837.53,N,2024-02-18
1242,1242,C00013,1033,2023-12-05,17797.92,4977.24,N,2023-12-05
1243,1243,C00231,1566,2025-07-16,27964.64,867.28,N,2025-07-16
1244,1244,C00234,761,2022-04-26,14642.22,3147.01,N,2022-04-26
1245,1245,C00005,536,2022-12-06,18048.37,4140.06,N,2022-12-06
1246,1246,C00159,551,2025-05-04,34782.0,3496.64,N,2025-05-04
1247,1247,C00211,1450,2024-08-26,44342.02,1647.89,N,2024-08-26
1248,1248,C00030,1089,2025-10-16,41951.72,3434.33,N,2025-10-16
1249,1249,C00189,1518,2025-07-26,35828.23,1606.28,N,2025-07-26
1250,1250,C00105,1271,2025-10-12,41140.85,2633.5,N,2025-10-12
1251,1251,C00170,1250,2026-01-12,24437.18,2587.4,N,2026-01-12
1252,1252,C00049,1448,2025-03-23,49985.87,222.66,N,2025-03-23
1253,1253,C00023,815,2023-08-22,35294.34,4426.35,N,2023-08-22
1254,1254,C00200,238,2023-07-04,29426.55,1590.52,N,2023-07-04
1255,1255,C00124,590,2024-09-18,9212.23,4988.08,N,2024-09-18
1258,1258,C00029,1034,2024-04-11,4839.66,3715.6,N,2024-04-11
1259,1259,C00110,825,2023-02-12,41526.52,98.27,N,2023-02-12
1260,1260,C00215,1664,2022-09-30,45862.21,1370.18,N,2022-09-30
1261,1261,C00119,1757,2023-10-08,26521.92,1362.83,N,2023-10-08
1262,1262,C00245,870,2024-10-13,46605.91,3621.38,N,2024-10-13
1263,1263,C00081,1322,2024-12-03,5992.71,4208.29,N,2024-12-03
1264,1264,C00061,7,2023-07-13,27436.99,1199.89,N,2023-07-13
1265,1265,C00164,818,2023-04-28,10293.88,2767.79,N,2023-04-28
1266,1266,C00043,856,2023-11-23,31059.96,1240.77,N,2023-11-23
1267,1267,C00132,608,2025-09-27,6995.84,3911.1,N,2025-09-27
1268,1268,C00116,739,2022-07-25,1376.3,1201.56,N,2022-07-25
1269,1269,C00219,1117,2023-08-12,35854.13,387.17,N,2023-08-12
1270,1270,C00144,313,2023-11-14,27221.46,1964.33,N,2023-11-14
1271,1271,C00128,926,2022-02-26,35707.68,2763.36,N,2022-02-26
1272,1272,C00218,1531,2023-01-26,22225.19,1914.53,N,2023-01-26
1273,1273,C00027,1603,2026-01-25,21074.33,704.2,N,2026-01-25
1274,1274,C00145,1783,2023-12-20,25329.27,4677.49,N,2023-12-20
1275,1275,C00057,1756,2024-04-12,27733.04,4478.56,N,2024-04-12
1276,1276,C00090,20,2025-07-29,11745.01,4149.92,N,2025-07-29
1277,1277,C00020,1570,2025-03-13,14411.3,812.11,N,2025-03-13
1278,1278,C00004,171,2023-02-07,8625.88,3437.84,N,2023-02-07
1279,1279,C00172,1422,2025-11-10,31802.15,3309.12,N,2025-11-10
1280,1280,C00028,1192,2022-08-07,791.97,4756.67,N,2022-08-07
1281,1281,C00227,1795,2024-03-05,42155.84,391.26,N,2024-03-05
1282,1282,C00127,1790,2022-10-07,26726.18,2739.43,N,2022-10-07
1283,1283,C00026,787,2024-11-21,7812.76,2326.23,N,2024-11-21
1284,1284,C00185,1368,2023-06-04,20210.89,4838.34,N,2023-06-04
1285,1285,C00190,747,2022-06-09,21353.62,4910.55,N,2022-06-09
1286,1286,C00260,1253,2025-10-13,36697.16,2062.88,N,2025-10-13
1288,1288,C00182,719,2024-08-29,41560.89,2479.17,N,2024-08-29
1289,1289,C00065,78,2024-11-24,31787.2,521.34,N,2024-11-24
1290,1290,C00203,1055,2024-06-26,40366.79,505.86,N,2024-06-26
1291,1291,C00022,309,2024-03-15,39520.1,4069.44,N,2024-03-15
1292,1292,C00086,99,2023-04-08,25850.74,3259.42,N,2023-04-08
1293,1293,C00248,1176,2024-07-12,1272.84,1008.8,N,2024-07-12
1294,1294,C00266,50,2022-12-31,46177.96,1275.11,N,2022-12-31
1295,1295,C00138,920,2025-08-12,42856.48,4920.35,N,2025-08-12
1296,1296,C00036,461,2023-04-06,44728.24,2278.33,N,2023-04-06
1297,1297,C00265,1755,2024-11-14,3454.78,1447.64,N,2024-11-14
1298,1298,C00048,1506,2023-12-17,42877.75,3704.86,N,2023-12-17
1299,1299,C00046,1505,2025-07-31,32939.3,1276.74,N,2025-07-31
1300,1300,C00036,960,2023-12-02,9432.68,2826.91,N,2023-12-02
1301,1301,C00221,961,2024-02-23,16642.38,2916.08,N,2024-02-23
1302,1302,C00031,1346,2024-10-19,35228.94,4143.68,N,2024-10-19
1303,1303,C00196,1674,2024-09-29,46974.16,2575.25,N,2024-09-29
1304,1304,C00065,452,2025-01-03,26669.41,3008.61,N,2025-01-03
1305,1305,C00104,400,2026-01-28,28423.32,2780.06,N,2026-01-28
1306,1306,C00258,1479,2023-08-20,5697.74,4256.45,N,2023-08-20
1307,1307,C00268,1266,2025-10-07,46317.05,3720.45,N,2025-10-07
1308,1308,C00219,1452,2025-01-18,26664.14,2256.97,N,2025-01-18
1309,1309,C00085,355,2025-03-22,13615.75,3922.0,N,2025-03-22
1310,1310,C00230,700,2024-02-17,4744.72,1507.7,N,2024-02-17
1311,1311,C00212,101,2022-04-07,8767.62,2241.05,N,2022-04-07
1312,1312,C00155,241,2025-02-24,31430.03,3732.9,N,2025-02-24
1313,1313,C00070,1340,2023-04-18,6291.31,4006.72,N,2023-04-18
1314,1314,C00077,777,2025-11-03,9356.07,4623.79,N,2025-11-03
1315,1315,C00015,1058,2024-11-15,12660.38,3815.66,N,2024-11-15
1316,1316,C00148,885,2022-09-24,6010.82,3907.96,N,2022-09-24
1317,1317,C00126,63,2023-05-22,24636.81,3665.68,N,2023-05-22
1318,1318,C00128,853,2023-12-26,9794.46,457.47,N,2023-12-26
1319,1319,C00199,239,2022-11-10,33292.28,3653.82,N,2022-11-10
1320,1320,C00200,846,2023-05-18,14852.97,4241.97,N,2023-05-18
1321,1321,C00208,379,2022-10-04,16284.72,4047.0,N,2022-10-04
1322,1322,C00199,1428,2025-08-15,26972.18,1919.99,N,2025-08-15
1323,1323,C00029,1383,2025-11-19,47975.12,349.56,N,2025-11-19
1324,1324,C00136,866,2024-07-31,6110.14,2591.7,N,2024-07-31
1325,1325,C00074,1694,2022-08-21,36188.3,856.25,N,2022-08-21
1326,1326,C00140,11,2024-06-21,520.5,3685.74,N,2024-06-21
1327,1327,C00141,1027,2025-10-14,4962.01,2392.67,N,2025-10-14
1328,1328,C00114,934,2024-12-06,10879.44,3510.62,N,2024-12-06
1329,1329,C00223,636,2022-04-19,10330.08,1645.88,N,2022-04-19
1330,1330,C00265,1147,2023-12-06,1138.61,2625.89,N,2023-12-06
1331,1331,C00036,911,2024-09-13,29121.89,1081.59,N,2024-09-13
1332,1332,C00198,784,2023-11-21,36694.33,3425.26,N,2023-11-21
1333,1333,C00108,472,2022-09-09,40563.23,1304.87,N,2022-09-09
1334,1334,C00131,791,2025-08-17,22253.99,4500.86,N,2025-08-17
1335,1335,C00073,1437,2025-02-19,24323.32,3940.98,N,2025-02-19
1336,1336,C00262,801,2022-06-04,44552.37,1051.47,Y,2022-06-04
1337,1337,C00146,390,2024-11-28,12344.3,2163.12,N,2024-11-28
1338,1338,C00076,1736,2023-06-25,25138.63,2283.73,N,2023-06-25
1339,1339,C00260,535,2025-09-06,30095.11,4672.23,N,2025-09-06
1340,1340,C00025,938,2022-04-07,42621.1,94.04,N,2022-04-07
1341,1341,C00005,1149,2022-05-12,18538.09,3981.66,N,2022-05-12
1342,1342,C00144,1291,2022-07-18,18498.68,2385.25,N,2022-07-18
1343,1343,C00198,1294,2023-09-18,13659.85,1860.04,N,2023-09-18
1344,1344,C00062,1268,2023-12-12,18176.63,3700.41,N,2023-12-12
1345,1345,C00258,798,2022-07-17,27291.4,4799.1,N,2022-07-17
1346,1346,C00207,456,2023-12-10,44065.89,1605.66,N,2023-12-10
1347,1347,C00208,914,2023-11-18,5860.98,2481.43,N,2023-11-18
1348,1348,C00052,264,2024-06-10,15260.4,1324.27,N,2024-06-10
1349,1349,C00011,1525,2026-01-19,7845.42,1817.41,N,2026-01-19
1350,1350,C00007,634,2023-09-30,19286.87,1753.97,Y,2023-09-30
1351,1351,C00088,1129,2022-06-07,34404.45,4054.3,N,2022-06-07
1352,1352,C00059,1293,2024-03-07,6388.41,4084.34,N,2024-03-07
1353,1353,C00014,414,2023-12-26,46972.16,2905.31,N,2023-12-26
1354,1354,C00217,269,2023-02-05,3378.06,4858.77,N,2023-02-05
1355,1355,C00138,828,2025-10-31,3565.06,3993.31,N,2025-10-31
1356,1356,C00186,1203,2022-08-28,14164.1,2186.87,N,2022-08-28
1357,1357,C00011,1485,2023-01-05,1934.94,2563.82,N,2023-01-05
1358,1358,C00245,263,2022-08-19,32012.42,1296.59,N,2022-08-19
1359,1359,C00078,1733,2023-09-17,47245.49,987.33,N,2023-09-17
1360,1360,C00149,591,2025-06-23,22080.5,3687.01,N,2025-06-23
1361,1361,C00237,119,2022-11-10,4835.08,2701.71,N,2022-11-10
1362,1362,C00240,1298,2025-11-24,13959.62,2458.5,N,2025-11-24
1363,1363,C00093,702,2024-02-08,35302.65,2870.12,N,2024-02-08
1364,1364,C00139,1279,2022-04-30,22660.83,4466.12,N,2022-04-30
1365,1365,C00212,1502,2025-09-06,10104.66,4839.3,N,2025-09-06
1366,1366,C00189,1682,2025-07-05,591.31,2155.01,N,2025-07-05
1367,1367,C00170,616,2025-08-07,3586.47,4740.12,N,2025-08-07
1368,1368,C00215,17,2025-08-02,45856.05,4329.74,N,2025-08-02
1369,1369,C00045,1243,2022-12-05,39629.74,4661.65,N,2022-12-05
1370,1370,C00254,537,2023-12-30,3293.75,4717.79,N,2023-12-30
1371,1371,C00165,619,2022-10-23,26135.25,1195.91,N,2022-10-23
1372,1372,C00185,1126,2023-07-19,48253.49,378.0,N,2023-07-19
1373,1373,C00011,1621,2023-08-04,41960.6,1175.31,N,2023-08-04
1374,1374,C00117,882,2023-12-19,23318.84,2638.9,N,2023-12-19
1375,1375,C00100,382,2023-11-27,22822.37,2081.49,N,2023-11-27
1376,1376,C00020,1262,2023-07-30,4867.72,872.14,N,2023-07-30
1377,1377,C00158,1586,2025-07-18,19062.45,138.2,N,2025-07-18
1378,1378,C00098,230,2022-04-04,31065.52,3417.75,N,2022-04-04
1379,1379,C00138,991,2024-08-09,14545.51,1571.04,N,2024-08-09
1380,1380,C00258,435,2023-09-21,27180.63,570.53,N,2023-09-21
1381,1381,C00152,967,2022-05-04,16064.25,2492.05,N,2022-05-04
1382,1382,C00072,1509,2025-10-02,9810.28,1113.47,Y,2025-10-02
1383,1383,C00112,138,2022-02-10,12295.36,73.72,N,2022-02-10
1384,1384,C00127,1408,2023-03-20,38518.23,2187.06,N,2023-03-20
1385,1385,C00057,597,2023-10-08,8085.0,1045.8,N,2023-10-08
1386,1386,C00132,82,2023-11-01,45930.32,2668.04,N,2023-11-01
1387,1387,C00246,1649,2025-07-06,19691.0,2468.57,N,2025-07-06
1388,1388,C00220,707,2023-11-10,28603.32,1263.01,N,2023-11-10
1389,1389,C00196,644,2023-04-15,27549.09,3986.14,N,2023-04-15
1390,1390,C00155,166,2025-12-22,47728.69,3417.75,N,2025-12-22
1391,1391,C00173,66,2024-07-15,25567.3,4228.8,N,2024-07-15
1392,1392,C00089,612,2023-04-05,18703.28,4494.09,N,2023-04-05
1393,1393,C00080,1399,2025-09-04,2197.99,4081.94,N,2025-09-04
1394,1394,C00027,178,2025-03-20,47885.36,4483.37,N,2025-03-20
1395,1395,C00166,1113,2024-06-26,8597.56,3024.0,N,2024-06-26
1396,1396,C00202,110,2022-11-17,4827.93,2157.08,N,2022-11-17
1397,1397,C00059,1585,2025-07-14,24606.24,2761.14,N,2025-07-14
1398,1398,C00010,279,2024-03-24,35137.94,620.65,N,2024-03-24
1400,1400,C00066,1394,2022-05-24,9627.85,2818.95,N,2022-05-24
1401,1401,C00008,1043,2023-07-04,45058.21,4609.78,N,2023-07-04
1402,1402,C00211,946,2025-02-15,40068.28,4121.36,N,2025-02-15
1403,1403,C00181,1398,2024-08-10,22225.04,4582.2,N,2024-08-10
1404,1404,C00204,90,2022-03-15,24254.56,4239.56,N,2022-03-15
1405,1405,C00091,1436,2026-01-15,7073.57,2082.62,N,2026-01-15
1406,1406,C00159,427,2022-03-18,34494.85,3745.43,N,2022-03-18
1407,1407,C00268,1075,2025-11-18,36805.09,4270.74,Y,2025-11-18
1408,1408,C00075,1112,2023-08-17,34853.98,1547.42,N,2023-08-17
1409,1409,C00010,579,2023-12-18,21635.04,4233.59,N,2023-12-18
1410,1410,C00121,1638,2025-01-18,45453.35,4793.02,N,2025-01-18
1411,1411,C00045,1636,2022-09-06,33644.68,4804.16,N,2022-09-06
1412,1412,C00082,833,2022-06-29,23307.32,2786.26,N,2022-06-29
1413,1413,C00102,1433,2025-05-11,32343.45,2978.46,N,2025-05-11
1414,1414,C00248,891,2026-01-31,13720.32,2806.59,N,2026-01-31
1415,1415,C00072,566,2024-05-09,22876.44,1868.4,N,2024-05-09
1416,1416,C00222,827,2023-10-12,21322.91,2593.9,N,2023-10-12
1417,1417,C00052,678,2023-01-02,23497.34,350.43,N,2023-01-02
1418,1418,C00241,1624,2025-09-04,19618.52,574.32,N,2025-09-04
1419,1419,C00003,862,2023-05-08,23667.99,1928.9,N,2023-05-08
1420,1420,C00032,677,2023-06-17,4786.76,3830.87,N,2023-06-17
1421,1421,C00028,660,2022-10-23,4402.7,3698.77,N,2022-10-23
1422,1422,C00191,381,2023-02-07,20747.25,2014.47,N,2023-02-07
1423,1423,C00022,146,2023-08-19,19923.22,2227.76,N,2023-08-19
1424,1424,C00170,529,2024-06-14,31160.24,3668.76,N,2024-06-14
1425,1425,C00084,1151,2025-01-17,24063.31,1694.09,N,2025-01-17
1426,1426,C00200,1309,2026-01-05,33740.7,4416.52,N,2026-01-05
1427,1427,C00222,307,2024-10-09,8288.25,3370.18,N,2024-10-09
1428,1428,C00088,1059,2022-09-18,44078.17,2834.15,N,2022-09-18
1429,1429,C00213,177,2024-03-25,4353.76,2688.64,N,2024-03-25
1430,1430,C00012,1519,2024-06-14,2504.05,364.96,N,2024-06-14
1431,1431,C00036,1494,2025-01-19,14392.72,2179.96,N,2025-01-19
1432,1432,C00160,377,2022-05-27,34801.23,1157.46,N,2022-05-27
1433,1433,C00234,1041,2022-12-30,21506.21,415.98,N,2022-12-30
1434,1434,C00099,446,2023-09-12,16185.31,2486.47,N,2023-09-12
1435,1435,C00188,1199,2025-11-11,34864.51,1828.69,N,2025-11-11
1436,1436,C00241,303,2022-06-24,19867.87,4539.06,N,2022-06-24
1437,1437,C00174,1407,2025-02-28,6631.26,2253.71,N,2025-02-28
1438,1438,C00231,1296,2025-01-04,45234.36,305.38,N,2025-01-04
1439,1439,C00013,1754,2023-02-25,36554.47,298.36,N,2023-02-25
1440,1440,C00136,1462,2023-06-27,27897.78,2167.91,N,2023-06-27
1441,1441,C00201,1098,2023-06-27,26183.39,3390.56,N,2023-06-27
1442,1442,C00153,896,2025-02-01,12624.19,2490.01,N,2025-02-01
1443,1443,C00231,1714,2023-06-05,24729.87,810.63,N,2023-06-05
1444,1444,C00146,1254,2023-06-01,39405.71,3954.15,N,2023-06-01
1445,1445,C00194,1581,2024-08-14,8162.1,79.71,N,2024-08-14
1446,1446,C00193,318,2024-07-07,39114.84,2898.66,N,2024-07-07
1447,1447,C00202,980,2024-09-21,2850.5,4451.46,N,2024-09-21
1448,1448,C00187,931,2023-07-13,28006.2,1199.24,N,2023-07-13
1449,1449,C00053,401,2024-08-09,48828.03,3425.08,N,2024-08-09
1450,1450,C00112,1707,2023-05-30,47027.16,4815.59,N,2023-05-30
1451,1451,C00017,723,2023-08-10,45007.96,1310.32,N,2023-08-10
1452,1452,C00146,1775,2022-10-13,43270.39,4776.63,N,2022-10-13
1453,1453,C00074,506,2023-01-22,28200.84,1750.28,N,2023-01-22
1454,1454,C00117,581,2024-05-07,552.73,675.04,N,2024-05-07
1455,1455,C00035,1676,2022-03-07,39829.63,3358.57,N,2022-03-07
1456,1456,C00070,1012,2025-04-29,22793.62,362.61,N,2025-04-29
1457,1457,C00181,1078,2022-11-23,33820.31,4740.57,N,2022-11-23
1458,1458,C00027,505,2025-07-31,16042.72,978.58,N,2025-07-31
1459,1459,C00124,880,2025-05-16,23954.83,1855.31,N,2025-05-16
1460,1460,C00122,103,2025-05-13,33368.84,4457.36,N,2025-05-13
1461,1461,C00220,431,2022-07-30,38804.12,3177.55,N,2022-07-30
1462,1462,C00111,91,2022-07-17,22070.79,837.3,N,2022-07-17
1463,1463,C00004,1800,2022-12-30,21616.81,1538.41,N,2022-12-30
1464,1464,C00012,800,2024-01-14,33297.33,1341.45,N,2024-01-14
1465,1465,C00012,38,2024-06-04,14392.23,493.62,N,2024-06-04
1466,1466,C00033,620,2023-04-05,48672.68,1075.1,Y,2023-04-05
1468,1468,C00064,1022,2023-07-04,30083.6,3998.69,N,2023-07-04
1469,1469,C00174,1529,2023-03-28,23591.67,1136.76,N,2023-03-28
1470,1470,C00144,1723,2022-06-06,42924.39,3770.59,N,2022-06-06
1471,1471,C00205,193,2023-08-25,11781.72,1710.06,N,2023-08-25
1472,1472,C00191,958,2023-09-27,22321.27,3482.03,N,2023-09-27
1473,1473,C00174,234,2024-04-21,24480.68,1877.28,N,2024-04-21
1474,1474,C00056,31,2023-10-07,39315.55,4603.05,N,2023-10-07
1475,1475,C00065,1180,2024-08-16,24442.54,965.65,N,2024-08-16
1476,1476,C00235,542,2022-07-10,45435.13,1333.73,N,2022-07-10
1477,1477,C00164,347,2023-05-04,42225.56,4533.44,N,2023-05-04
1478,1478,C00006,1451,2025-09-03,27868.67,3913.84,N,2025-09-03
1479,1479,C00040,1166,2023-02-28,33016.75,3833.81,N,2023-02-28
1480,1480,C00034,917,2024-10-29,26912.46,4851.22,N,2024-10-29
1481,1481,C00018,626,2023-10-14,16550.36,982.08,N,2023-10-14
1482,1482,C00229,1153,2025-04-19,25016.53,2801.01,Y,2025-04-19
1483,1483,C00261,1378,2025-07-17,42576.72,2156.03,N,2025-07-17
1484,1484,C00214,1639,2025-11-25,28806.76,2623.77,N,2025-11-25
1485,1485,C00177,1445,2024-05-25,23027.09,3101.59,N,2024-05-25
1486,1486,C00246,1515,2025-05-30,39114.27,1940.55,N,2025-05-30
1487,1487,C00062,161,2023-01-31,8970.88,3910.69,N,2023-01-31
1488,1488,C00104,1561,2025-12-18,32512.21,3974.39,N,2025-12-18
1489,1489,C00143,410,2025-04-25,13657.82,363.85,N,2025-04-25
1490,1490,C00221,1042,2025-03-20,22522.49,4606.76,N,2025-03-20
1491,1491,C00099,1090,2022-03-04,42991.27,757.65,N,2022-03-04
1492,1492,C00239,352,2023-10-27,2866.33,4578.55,N,2023-10-27
1493,1493,C00029,1222,2022-03-30,42326.06,2202.39,N,2022-03-30
1494,1494,C00249,1411,2023-04-29,13009.59,4761.97,N,2023-04-29
1495,1495,C00159,1032,2023-05-30,23560.38,2795.01,N,2023-05-30
1496,1496,C00227,391,2025-05-25,20650.44,2603.98,N,2025-05-25
1497,1497,C00232,348,2025-12-20,5642.28,4270.5,N,2025-12-20
1498,1498,C00172,1595,2023-01-15,26796.56,2312.46,N,2023-01-15
1499,1499,C00149,1691,2022-12-03,19672.3,2230.12,N,2022-12-03
1500,1500,C00263,1067,2025-03-13,48855.79,1063.1,N,2025-03-13
