DocEntry,DocNum,CardCode,BaseEntry,DocDate,DocStatus,Cancelled,CreateDate
1,1,C00098,203,2025-07-08,C,N,2025-07-08
2,2,C00179,963,2023-04-18,O,N,2023-04-18
3,3,C00146,930,2024-11-18,C,N,2024-11-18
4,4,C00115,1182,2024-09-04,C,Y,2024-09-04
5,5,C00223,1693,2023-05-17,C,Y,2023-05-17
6,6,C00026,1542,2024-02-02,C,N,2024-02-02
7,7,C00265,776,2024-04-24,C,N,2024-04-24
8,8,C00223,419,2025-03-13,C,N,2025-03-13
9,9,C00218,1095,2023-12-28,C,N,2023-12-28
10,10,C00188,1778,2024-01-27,C,N,2024-01-27
11,11,C00170,587,2024-07-06,C,N,2024-07-06
12,12,C00018,1275,2024-11-20,C,N,2024-11-20
13,13,C00213,1331,2022-08-25,O,N,2022-08-25
14,14,C00233,1716,2025-12-26,C,N,2025-12-26
15,15,C00142,585,2024-02-19,C,N,2024-02-19
16,16,C00240,49,2024-08-24,C,N,2024-08-24
17,17,C00191,1133,2025-04-03,C,N,2025-04-03
18,18,C00152,1591,2022-05-27,O,N,2022-05-27
19,19,C00240,1786,2023-06-18,C,N,2023-06-18
20,20,C00201,1604,2022-07-21,C,N,2022-07-21
21,21,C00189,975,2022-08-08,C,N,2022-08-08
22,22,C00048,1002,2023-12-25,O,N,2023-12-25
23,23,C00029,324,2023-07-19,C,N,2023-07-19
24,24,C00052,1011,2024-09-14,C,N,2024-09-14
25,25,C00060,1328,2022-05-08,C,N,2022-05-08
26,26,C00007,976,2022-03-09,C,Y,2022-03-09
27,27,C00250,338,2025-10-20,C,N,2025-10-20
28,28,C00160,1103,2023-05-10,C,N,2023-05-10
29,29,C00132,54,2022-10-15,O,N,2022-10-15
30,30,C00190,1343,2024-07-17,C,N,2024-07-17
31,31,C00211,305,2023-11-20,O,N,2023-11-20
32,32,C00179,1073,2023-03-24,C,N,2023-03-24
33,33,C00054,986,2023-11-01,C,N,2023-11-01
34,34,C00219,1613,2025-02-03,O,N,2025-02-03
35,35,C00144,162,2025-07-05,O,N,2025-07-05
36,36,C00072,643,2023-10-05,C,N,2023-10-05
37,37,C00010,1,2023-09-17,O,N,2023-09-17
38,38,C00260,1770,2023-11-11,C,N,2023-11-11
39,39,C00020,1481,2023-11-15,C,N,2023-11-15
40,40,C00104,617,2025-07-25,O,N,2025-07-25
41,41,C00254,1787,2024-07-14,C,N,2024-07-14
42,42,C00148,810,2022-07-08,O,N,2022-07-08
43,43,C00030,555,2025-12-22,C,N,2025-12-22
44,44,C00118,116,2025-10-16,C,N,2025-10-16
45,45,C00153,1142,2022-07-29,C,N,2022-07-29
46,46,C00182,1767,2025-01-09,C,N,2025-01-09
47,47,C00191,1299,2024-03-04,C,N,2024-03-04
48,48,C00159,1171,2026-01-01,C,Y,2026-01-01
49,49,C00003,219,2022-06-21,C,N,2022-06-21
50,50,C00036,1023,2025-01-08,O,N,2025-01-08
51,51,C00199,510,2025-03-03,O,N,2025-03-03
52,52,C00020,928,2024-07-28,C,N,2024-07-28
53,53,C00206,242,2022-04-21,O,N,2022-04-21
54,54,C00008,1099,2023-10-25,C,N,2023-10-25
55,55,C00133,1137,2024-04-29,O,N,2024-04-29
56,56,C00041,727,2023-11-02,C,N,2023-11-02
57,57,C00257,968,2024-12-13,C,N,2024-12-13
58,58,C00113,1619,2022-12-31,C,N,2022-12-31
59,59,C00182,741,2024-05-24,O,N,2024-05-24
60,60,C00258,326,2022-06-24,C,N,2022-06-24
61,61,C00256,586,2024-02-15,C,N,2024-02-15
62,62,C00254,783,2023-06-26,C,N,2023-06-26
63,63,C00200,353,2025-07-07,C,N,2025-07-07
64,64,C00217,253,2025-08-29,C,N,2025-08-29
65,65,C00266,839,2023-08-27,C,N,2023-08-27
66,66,C00114,633,2025-03-10,C,N,2025-03-10
67,67,C00072,361,2024-04-20,C,N,2024-04-20
68,68,C00061,1405,2024-09-19,C,N,2024-09-19
69,69,C00229,76,2022-11-19,O,N,2022-11-19
70,70,C00153,1499,2024-05-21,O,N,2024-05-21
71,71,C00035,205,2023-10-14,C,N,2023-10-14
72,72,C00062,244,2025-06-09,C,N,2025-06-09
73,73,C00257,1782,2023-08-15,O,N,2023-08-15
74,74,C00176,1118,2025-03-23,C,N,2025-03-23
75,75,C00094,112,2025-03-28,C,N,2025-03-28
76,76,C00024,1743,2022-06-11,C,N,2022-06-11
77,77,C00172,370,2023-04-04,C,N,2023-04-04
78,78,C00012,1673,2024-07-21,C,N,2024-07-21
79,79,C00053,1487,2022-06-24,C,N,2022-06-24
80,80,C00225,1420,2023-07-06,C,N,2023-07-06
81,81,C00106,1305,2025-05-28,O,N,2025-05-28
82,82,C00143,703,2024-03-19,C,N,2024-03-19
83,83,C00256,544,2025-04-22,C,N,2025-04-22
84,84,C00023,1365,2024-11-29,C,N,2024-11-29
85,85,C00036,1212,2024-02-13,C,N,2024-02-13
86,86,C00158,1406,2024-02-20,C,N,2024-02-20
87,87,C00119,687,2023-09-26,C,N,2023-09-26
88,88,C00220,294,2024-03-11,C,N,2024-03-11
89,89,C00002,184,2025-06-21,O,N,2025-06-21
90,90,C00077,1584,2022-06-12,O,Y,2022-06-12
91,91,C00153,180,2024-12-02,O,N,2024-12-02
92,92,C00258,1409,2025-01-01,O,N,2025-01-01
93,93,C00155,301,2024-10-01,O,N,2024-10-01
94,94,C00022,247,2022-05-14,C,N,2022-05-14
95,95,C00048,1501,2024-04-03,C,N,2024-04-03
96,96,C00218,785,2024-04-25,C,N,2024-04-25
97,97,C00193,1244,2024-09-06,C,Y,2024-09-06
98,98,C00186,672,2025-05-03,C,N,2025-05-03
99,99,C00057,909,2023-10-03,C,N,2023-10-03
100,100,C00114,531,2026-02-22,C,N,2026-02-22
101,101,C00208,411,2024-08-27,C,N,2024-08-27
102,102,C00086,534,2024-09-30,C,N,2024-09-30
103,103,C00019,1213,2023-03-01,O,N,2023-03-01
104,104,C00241,236,2023-09-04,C,N,2023-09-04
105,105,C00153,1625,2025-07-05,C,N,2025-07-05
106,106,C00045,1765,2025-01-28,C,N,2025-01-28
107,107,C00099,1020,2024-03-25,C,N,2024-03-25
108,108,C00125,1228,2025-04-26,C,Y,2025-04-26
109,109,C00138,1453,2023-05-21,C,N,2023-05-21
110,110,C00070,1158,2023-04-22,C,N,2023-04-22
111,111,C00141,1715,2023-11-20,O,N,2023-11-20
112,112,C00025,1776,2022-05-19,C,N,2022-05-19
113,113,C00191,941,2022-08-22,O,N,2022-08-22
114,114,C00068,904,2025-03-22,C,N,2025-03-22
115,115,C00131,1281,2023-05-02,C,N,2023-05-02
116,116,C00192,100,2024-06-22,O,N,2024-06-22
117,117,C00041,222,2024-08-18,C,N,2024-08-18
118,118,C00263,1007,2023-03-06,C,N,2023-03-06
119,119,C00070,1679,2022-09-17,C,N,2022-09-17
120,120,C00102,59,2023-07-25,C,N,2023-07-25
121,121,C00137,807,2022-04-17,C,N,2022-04-17
122,122,C00068,1345,2026-02-06,C,N,2026-02-06
123,123,C00067,1393,2024-10-30,C,N,2024-10-30
124,124,C00205,115,2022-11-09,C,N,2022-11-09
125,125,C00046,1495,2025-03-19,C,N,2025-03-19
126,126,C00261,711,2022-10-07,O,N,2022-10-07
127,127,C00016,494,2024-02-02,O,N,2024-02-02
128,128,C00003,428,2025-10-09,C,N,2025-10-09
129,129,C00169,1008,2023-07-01,C,N,2023-07-01
130,130,C00011,136,2022-12-06,C,N,2022-12-06
131,131,C00114,1484,2024-08-01,O,N,2024-08-01
132,132,C00016,273,2023-07-03,C,N,2023-07-03
133,133,C00114,1295,2023-10-08,O,N,2023-10-08
134,134,C00039,1372,2025-02-12,O,N,2025-02-12
135,135,C00041,1747,2023-10-14,C,N,2023-10-14
136,136,C00155,816,2023-06-11,C,N,2023-06-11
137,137,C00261,491,2024-04-14,C,N,2024-04-14
138,138,C00184,1303,2022-02-21,C,N,2022-02-21
139,139,C00164,1597,2022-08-31,O,N,2022-08-31
140,140,C00177,1319,2022-08-22,C,N,2022-08-22
141,141,C00078,1131,2025-10-19,C,N,2025-10-19
142,142,C00105,1496,2022-05-23,C,N,2022-05-23
143,143,C00209,875,2025-03-04,C,N,2025-03-04
144,144,C00087,1590,2022-02-18,C,N,2022-02-18
145,145,C00237,731,2025-09-13,C,N,2025-09-13
146,146,C00103,139,2024-07-06,C,N,2024-07-06
147,147,C00214,561,2022-04-16,O,N,2022-04-16
148,148,C00147,1386,2025-06-15,C,N,2025-06-15
149,149,C00144,469,2024-04-06,O,N,2024-04-06
150,150,C00096,879,2025-10-09,C,N,2025-10-09
151,151,C00083,541,2023-09-03,C,N,2023-09-03
152,152,C00140,924,2025-04-25,O,N,2025-04-25
153,153,C00115,402,2023-07-29,C,N,2023-07-29
154,154,C00255,1227,2025-01-12,C,N,2025-01-12
155,155,C00016,820,2024-06-23,O,N,2024-06-23
156,156,C00122,1543,2024-03-24,C,N,2024-03-24
157,157,C00168,1512,2023-12-02,C,N,2023-12-02
158,158,C00221,1234,2024-05-11,C,N,2024-05-11
159,159,C00107,122,2023-01-03,C,N,2023-01-03
160,160,C00057,744,2023-02-14,O,N,2023-02-14
161,161,C00048,674,2023-05-12,C,N,2023-05-12
162,162,C00197,1555,2022-06-21,C,N,2022-06-21
163,163,C00217,735,2024-01-25,C,N,2024-01-25
164,164,C00208,394,2022-08-20,C,N,2022-08-20
165,165,C00213,164,2026-01-08,C,N,2026-01-08
166,166,C00069,1272,2022-02-04,O,N,2022-02-04
167,167,C00120,88,2024-06-08,C,N,2024-06-08
168,168,C00145,1258,2026-01-23,O,N,2026-01-23
169,169,C00141,365,2023-07-12,C,N,2023-07-12
170,170,C00008,850,2025-11-02,C,N,2025-11-02
171,171,C00196,1748,2023-02-12,C,N,2023-02-12
172,172,C00039,275,2022-05-07,C,N,2022-05-07
173,173,C00010,408,2023-09-10,O,N,2023-09-10
174,174,C00002,688,2023-03-10,C,N,2023-03-10
175,175,C00179,1161,2024-05-21,C,N,2024-05-21
176,176,C00177,596,2022-04-03,C,N,2022-04-03
177,177,C00087,26,2025-11-09,O,N,2025-11-09
178,178,C00059,639,2022-08-04,C,N,2022-08-04
179,179,C00010,1066,2022-03-09,C,N,2022-03-09
180,180,C00201,893,2023-05-28,C,N,2023-05-28
181,181,C00180,128,2024-02-03,C,N,2024-02-03
182,182,C00135,1094,2022-10-08,C,N,2022-10-08
183,183,C00211,1426,2023-02-03,C,N,2023-02-03
184,184,C00264,1696,2023-06-23,C,N,2023-06-23
185,185,C00250,1594,2022-04-07,O,N,2022-04-07
186,186,C00006,61,2025-07-03,C,N,2025-07-03
187,187,C00257,1685,2024-12-16,O,N,2024-12-16
188,188,C00242,533,2025-09-03,C,N,2025-09-03
189,189,C00031,1671,2023-08-25,C,N,2023-08-25
190,190,C00113,605,2022-10-10,C,N,2022-10-10
191,191,C00099,1683,2025-05-12,O,N,2025-05-12
192,192,C00100,107,2023-07-01,C,N,2023-07-01
193,193,C00183,34,2025-09-18,C,N,2025-09-18
194,194,C00102,1053,2023-12-19,C,N,2023-12-19
195,195,C00117,1255,2024-06-08,C,N,2024-06-08
196,196,C00231,992,2022-08-19,O,N,2022-08-19
197,197,C00058,1526,2023-03-28,O,N,2023-03-28
198,198,C00212,549,2024-03-15,C,N,2024-03-15
199,199,C00027,132,2024-02-14,C,N,2024-02-14
200,200,C00077,1374,2025-02-09,O,N,2025-02-09
201,201,C00028,1017,2025-11-10,C,N,2025-11-10
202,202,C00154,940,2024-04-18,C,Y,2024-04-18
203,203,C00028,1115,2023-07-04,O,N,2023-07-04
204,204,C00215,755,2025-12-31,C,N,2025-12-31
205,205,C00080,822,2023-06-28,C,N,2023-06-28
206,206,C00187,584,2022-03-01,C,N,2022-03-01
207,207,C00002,558,2023-11-23,C,N,2023-11-23
208,208,C00065,1284,2025-09-14,C,N,2025-09-14
209,209,C00183,1672,2023-02-05,C,Y,2023-02-05
210,210,C00113,334,2022-11-30,C,N,2022-11-30
211,211,C00068,676,2023-07-23,C,N,2023-07-23
212,212,C00035,733,2026-01-14,O,N,2026-01-14
213,213,C00144,1701,2022-12-20,C,N,2022-12-20
214,214,C00143,498,2025-04-23,C,N,2025-04-23
215,215,C00014,1607,2022-08-07,C,N,2022-08-07
216,216,C00105,547,2023-04-19,C,N,2023-04-19
217,217,C00073,1152,2023-08-09,O,N,2023-08-09
218,218,C00028,1086,2025-03-30,C,N,2025-03-30
219,219,C00245,1642,2022-03-22,C,N,2022-03-22
220,220,C00256,1225,2022-02-27,C,N,2022-02-27
221,221,C00119,1622,2025-04-15,C,N,2025-04-15
222,222,C00079,666,2024-01-01,C,N,2024-01-01
223,223,C00167,1654,2022-03-16,O,N,2022-03-16
224,224,C00079,1181,2024-05-15,C,N,2024-05-15
225,225,C00113,134,2023-01-31,O,N,2023-01-31
226,226,C00071,12,2022-10-22,C,N,2022-10-22
227,227,C00194,277,2024-01-01,C,N,2024-01-01
228,228,C00158,388,2025-09-04,C,N,2025-09-04
229,229,C00194,33,2023-12-30,C,N,2023-12-30
230,230,C00101,1443,2022-02-25,C,N,2022-02-25
231,231,C00119,1324,2023-11-12,C,N,2023-11-12
232,232,C00020,952,2024-04-12,O,N,2024-04-12
233,233,C00228,908,2022-03-27,C,N,2022-03-27
234,234,C00099,1620,2025-08-31,C,N,2025-08-31
235,235,C00106,838,2022-09-02,C,N,2022-09-02
236,236,C00245,782,2026-01-25,O,N,2026-01-25
237,237,C00206,438,2023-09-16,O,N,2023-09-16
238,238,C00165,152,2025-05-27,O,N,2025-05-27
239,239,C00216,1533,2025-11-28,C,N,2025-11-28
240,240,C00193,1074,2024-08-14,C,N,2024-08-14
241,241,C00055,1564,2025-01-29,C,N,2025-01-29
242,242,C00244,804,2024-02-10,C,N,2024-02-10
243,243,C00223,1489,2022-09-07,C,N,2022-09-07
244,244,C00095,1333,2024-02-20,C,N,2024-02-20
245,245,C00163,729,2023-09-04,C,N,2023-09-04
246,246,C00258,1221,2024-11-11,C,N,2024-11-11
247,247,C00111,901,2024-06-01,C,N,2024-06-01
248,248,C00240,293,2023-08-18,C,N,2023-08-18
249,249,C00102,1486,2023-08-29,C,N,2023-08-29
250,250,C00246,1455,2023-03-07,C,N,2023-03-07
251,251,C00212,1364,2024-04-05,C,N,2024-04-05
252,252,C00208,1021,2023-02-27,C,N,2023-02-27
253,253,C00096,571,2025-02-21,O,N,2025-02-21
254,254,C00145,282,2024-10-05,C,N,2024-10-05
255,255,C00114,468,2023-11-27,C,N,2023-11-27
256,256,C00171,500,2022-12-06,C,N,2022-12-06
257,257,C00059,650,2022-06-12,C,N,2022-06-12
258,258,C00123,1429,2023-11-28,O,N,2023-11-28
259,259,C00170,271,2022-07-04,O,N,2022-07-04
260,260,C00024,336,2023-12-14,C,N,2023-12-14
261,261,C00183,1179,2022-11-02,O,N,2022-11-02
262,262,C00121,1655,2023-11-06,C,N,2023-11-06
263,263,C00007,520,2023-12-05,O,N,2023-12-05
264,264,C00204,622,2024-07-19,C,N,2024-07-19
265,265,C00134,514,2023-05-13,O,N,2023-05-13
266,266,C00066,1379,2022-06-14,C,N,2022-06-14
267,267,C00152,1014,2024-02-07,O,N,2024-02-07
268,268,C00197,51,2025-01-28,C,N,2025-01-28
269,269,C00231,521,2022-04-17,C,N,2022-04-17
270,270,C00086,994,2022-07-06,C,Y,2022-07-06
271,271,C00118,1634,2025-12-06,C,N,2025-12-06
272,272,C00096,1623,2023-06-29,C,N,2023-06-29
273,273,C00248,843,2024-09-29,C,N,2024-09-29
274,274,C00183,1325,2022-07-05,C,N,2022-07-05
275,275,C00029,897,2023-08-01,O,N,2023-08-01
276,276,C00077,1106,2023-10-30,C,N,2023-10-30
277,277,C00186,805,2025-08-30,O,N,2025-08-30
278,278,C00213,1030,2023-07-13,C,Y,2023-07-13
279,279,C00133,767,2023-12-04,O,N,2023-12-04
280,280,C00175,493,2025-01-15,O,N,2025-01-15
281,281,C00120,1290,2023-03-28,O,Y,2023-03-28
282,282,C00017,143,2023-07-08,C,N,2023-07-08
283,283,C00128,823,2024-11-22,C,N,2024-11-22
284,284,C00048,1392,2024-10-11,O,N,2024-10-11
285,285,C00255,1316,2023-06-23,C,N,2023-06-23
286,286,C00201,228,2022-08-25,C,N,2022-08-25
287,287,C00154,412,2023-07-12,C,N,2023-07-12
288,288,C00108,1675,2023-03-31,C,N,2023-03-31
289,289,C00111,568,2024-12-27,C,N,2024-12-27
290,290,C00050,817,2024-10-27,C,N,2024-10-27
291,291,C00066,1190,2022-05-13,C,N,2022-05-13
292,292,C00256,1317,2025-11-19,C,N,2025-11-19
293,293,C00181,1580,2023-02-05,O,N,2023-02-05
294,294,C00113,508,2022-01-19,O,Y,2022-01-19
295,295,C00097,1537,2023-06-01,O,N,2023-06-01
296,296,C00086,1044,2024-11-29,C,N,2024-11-29
297,297,C00050,841,2023-04-23,O,N,2023-04-23
298,298,C00201,852,2023-02-03,C,N,2023-02-03
299,299,C00232,194,2023-05-13,C,N,2023-05-13
300,300,C00027,809,2025-09-10,C,Y,2025-09-10
301,301,C00091,471,2024-02-08,C,N,2024-02-08
302,302,C00220,1347,2023-04-03,O,N,2023-04-03
303,303,C00057,1082,2022-04-14,O,N,2022-04-14
304,304,C00031,609,2023-07-04,C,N,2023-07-04
305,305,C00090,1134,2023-02-08,O,N,2023-02-08
306,306,C00106,229,2023-06-06,C,N,2023-06-06
307,307,C00069,266,2024-09-05,C,N,2024-09-05
308,308,C00261,989,2022-09-02,O,N,2022-09-02
309,309,C00199,332,2022-08-02,C,N,2022-08-02
310,310,C00229,1738,2024-07-01,O,N,2024-07-01
311,311,C00109,1546,2025-08-08,O,N,2025-08-08
312,312,C00064,259,2025-09-06,C,N,2025-09-06
313,313,C00148,383,2023-01-03,C,N,2023-01-03
314,314,C00174,701,2022-02-19,C,N,2022-02-19
315,315,C00204,1037,2023-03-08,C,N,2023-03-08
316,316,C00112,659,2022-07-09,C,N,2022-07-09
317,317,C00028,1120,2022-08-06,C,N,2022-08-06
318,318,C00064,261,2025-06-25,C,N,2025-06-25
319,319,C00156,753,2023-03-04,O,N,2023-03-04
320,320,C00233,453,2023-02-02,C,N,2023-02-02
321,321,C00125,393,2025-08-13,C,N,2025-08-13
322,322,C00121,665,2022-09-22,O,N,2022-09-22
323,323,C00142,1798,2023-02-03,O,N,2023-02-03
324,324,C00101,1373,2024-10-30,O,N,2024-10-30
325,325,C00168,1720,2025-08-05,C,N,2025-08-05
326,326,C00065,1524,2024-09-13,C,N,2024-09-13
327,327,C00188,811,2023-08-04,C,N,2023-08-04
328,328,C00077,490,2026-01-17,O,N,2026-01-17
329,329,C00189,1307,2023-05-06,C,N,2023-05-06
330,330,C00013,1111,2024-06-21,C,N,2024-06-21
331,331,C00030,237,2025-10-30,C,N,2025-10-30
332,332,C00144,1354,2022-03-24,C,N,2022-03-24
333,333,C00138,1135,2025-08-27,O,N,2025-08-27
334,334,C00071,13,2023-07-30,C,N,2023-07-30
335,335,C00230,1140,2024-04-09,C,N,2024-04-09
336,336,C00111,713,2025-08-31,O,N,2025-08-31
337,337,C00031,756,2026-01-13,C,N,2026-01-13
338,338,C00267,588,2023-08-10,C,N,2023-08-10
339,339,C00088,378,2025-03-21,C,N,2025-03-21
340,340,C00174,77,2024-04-18,O,N,2024-04-18
341,341,C00190,1492,2025-10-31,C,N,2025-10-31
342,342,C00021,6,2025-04-30,C,N,2025-04-30
343,343,C00231,1320,2025-01-24,O,N,2025-01-24
344,344,C00141,1357,2025-09-16,O,N,2025-09-16
345,345,C00075,1308,2024-04-09,C,N,2024-04-09
346,346,C00187,539,2024-04-27,C,N,2024-04-27
347,347,C00039,1657,2023-03-16,C,N,2023-03-16
348,348,C00020,1353,2025-03-12,C,N,2025-03-12
349,349,C00153,848,2023-10-22,C,N,2023-10-22
350,350,C00032,117,2025-11-23,C,N,2025-11-23
351,351,C00004,121,2022-03-31,O,N,2022-03-31
352,352,C00069,1047,2022-02-28,C,N,2022-02-28
353,353,C00245,1183,2025-02-14,O,N,2025-02-14
354,354,C00205,1235,2023-01-24,C,N,2023-01-24
355,355,C00020,1587,2023-09-21,C,N,2023-09-21
356,356,C00228,1245,2025-02-05,O,N,2025-02-05
357,357,C00170,465,2023-12-02,C,N,2023-12-02
358,358,C00241,730,2025-09-09,C,N,2025-09-09
359,359,C00184,15,2022-12-17,C,N,2022-12-17
360,360,C00198,863,2024-07-31,C,N,2024-07-31
361,361,C00208,214,2024-10-31,C,N,2024-10-31
362,362,C00089,1051,2021-12-26,O,N,2021-12-26
363,363,C00100,978,2025-08-05,C,N,2025-08-05
364,364,C00032,396,2022-09-01,O,N,2022-09-01
365,365,C00093,445,2025-02-08,C,N,2025-02-08
366,366,C00127,1771,2025-01-28,C,N,2025-01-28
367,367,C00228,295,2022-05-08,C,N,2022-05-08
368,368,C00073,70,2022-03-29,C,N,2022-03-29
369,369,C00013,983,2025-04-28,C,N,2025-04-28
370,370,C00064,757,2024-12-16,C,N,2024-12-16
371,371,C00187,159,2023-05-27,C,N,2023-05-27
372,372,C00200,250,2023-09-09,C,N,2023-09-09
373,373,C00019,517,2022-06-23,O,N,2022-06-23
374,374,C00041,649,2025-05-19,C,N,2025-05-19
375,375,C00079,1207,2025-05-28,C,N,2025-05-28
376,376,C00166,925,2025-12-17,O,N,2025-12-17
377,377,C00205,1582,2025-04-07,C,N,2025-04-07
378,378,C00055,971,2025-08-30,O,N,2025-08-30
379,379,C00244,1277,2025-10-21,C,N,2025-10-21
380,380,C00145,1544,2024-07-17,C,N,2024-07-17
381,381,C00135,1202,2025-03-04,C,N,2025-03-04
382,382,C00009,1704,2022-10-03,C,N,2022-10-03
383,383,C00232,27,2024-11-19,C,N,2024-11-19
384,384,C00107,526,2025-01-24,C,N,2025-01-24
385,385,C00003,407,2023-07-28,C,N,2023-07-28
386,386,C00045,135,2023-03-22,C,N,2023-03-22
387,387,C00209,302,2024-06-18,C,N,2024-06-18
388,388,C00065,358,2023-06-01,C,N,2023-06-01
389,389,C00118,560,2025-07-02,C,N,2025-07-02
390,390,C00044,8,2025-10-01,C,N,2025-10-01
391,391,C00037,216,2023-05-02,C,N,2023-05-02
392,392,C00042,1050,2025-12-27,O,N,2025-12-27
393,393,C00054,481,2025-09-26,O,Y,2025-09-26
394,394,C00036,351,2025-03-03,C,N,2025-03-03
395,395,C00185,1410,2024-06-26,C,N,2024-06-26
396,396,C00154,182,2023-12-12,C,N,2023-12-12
397,397,C00096,1573,2025-10-02,C,N,2025-10-02
398,398,C00019,1562,2024-03-08,O,N,2024-03-08
399,399,C00147,1360,2024-04-23,C,N,2024-04-23
400,400,C00217,694,2022-07-21,O,N,2022-07-21
401,401,C00217,1572,2025-02-26,C,N,2025-02-26
402,402,C00012,454,2025-03-05,C,N,2025-03-05
403,403,C00143,1507,2025-05-20,C,N,2025-05-20
404,404,C00226,314,2024-08-01,C,N,2024-08-01
405,405,C00220,562,2025-05-15,C,N,2025-05-15
406,406,C00012,1465,2022-10-28,O,N,2022-10-28
407,407,C00238,1647,2022-06-22,O,N,2022-06-22
408,408,C00073,1054,2025-03-26,O,N,2025-03-26
409,409,C00194,540,2023-08-09,C,N,2023-08-09
410,410,C00167,22,2023-08-02,C,N,2023-08-02
411,411,C00123,10,2024-04-05,C,N,2024-04-05
412,412,C00114,1336,2025-04-13,O,N,2025-04-13
413,413,C00068,625,2024-03-10,O,N,2024-03-10
414,414,C00076,1554,2022-09-04,O,N,2022-09-04
415,415,C00030,1534,2022-03-07,C,N,2022-03-07
416,416,C00077,527,2023-06-14,C,N,2023-06-14
417,417,C00124,964,2026-01-06,C,N,2026-01-06
418,418,C00143,1185,2024-07-06,C,N,2024-07-06
419,419,C00183,220,2025-10-17,C,N,2025-10-17
420,420,C00231,1758,2024-04-22,C,N,2024-04-22
421,421,C00135,154,2022-07-11,O,N,2022-07-11
422,422,C00188,258,2026-01-14,O,N,2026-01-14
423,423,C00064,1260,2024-05-05,C,N,2024-05-05
424,424,C00156,1640,2024-07-13,C,N,2024-07-13
425,425,C00136,1144,2025-04-04,O,N,2025-04-04
426,426,C00136,1678,2024-07-30,C,N,2024-07-30
427,427,C00059,485,2024-07-15,C,N,2024-07-15
428,428,C00079,902,2023-08-26,C,N,2023-08-26
429,429,C00102,111,2024-02-08,C,N,2024-02-08
430,430,C00229,888,2022-04-21,C,N,2022-04-21
431,431,C00214,501,2023-05-05,C,N,2023-05-05
432,432,C00164,1538,2024-05-18,O,N,2024-05-18
433,433,C00217,87,2025-03-16,O,N,2025-03-16
434,434,C00190,799,2023-08-26,C,N,2023-08-26
435,435,C00084,175,2023-07-24,C,N,2023-07-24
436,436,C00234,439,2024-05-18,C,N,2024-05-18
437,437,C00030,80,2023-07-15,O,N,2023-07-15
438,438,C00053,102,2023-01-28,C,N,2023-01-28
439,439,C00267,1470,2024-07-25,C,N,2024-07-25
440,440,C00205,997,2024-03-03,C,N,2024-03-03
441,441,C00261,1400,2025-03-14,C,N,2025-03-14
442,442,C00191,503,2023-01-23,O,Y,2023-01-23
443,443,C00178,1219,2022-12-04,C,N,2022-12-04
444,444,C00132,1551,2026-01-10,O,N,2026-01-10
445,445,C00138,447,2022-09-20,C,N,2022-09-20
446,446,C00204,409,2025-05-18,C,N,2025-05-18
447,447,C00072,1791,2023-12-23,C,N,2023-12-23
448,448,C00133,1371,2023-04-24,C,N,2023-04-24
449,449,C00209,252,2024-04-21,C,N,2024-04-21
450,450,C00114,1792,2024-10-14,C,N,2024-10-14
451,451,C00149,375,2024-08-18,O,N,2024-08-18
452,452,C00206,1461,2023-01-17,C,N,2023-01-17
453,453,C00182,477,2023-11-19,C,N,2023-11-19
454,454,C00133,1665,2022-10-14,C,N,2022-10-14
455,455,C00206,881,2022-03-08,C,N,2022-03-08
456,456,C00036,1048,2025-07-18,C,N,2025-07-18
457,457,C00203,262,2024-10-04,O,N,2024-10-04
458,458,C00147,1730,2024-04-13,C,N,2024-04-13
459,459,C00150,1705,2023-01-01,C,N,2023-01-01
460,460,C00007,1292,2025-06-09,O,N,2025-06-09
461,461,C00244,1252,2026-01-17,C,N,2026-01-17
462,462,C00242,894,2023-01-17,C,N,2023-01-17
463,463,C00082,1189,2022-04-07,C,N,2022-04-07
464,464,C00226,145,2024-12-05,O,N,2024-12-05
465,465,C00233,1009,2023-06-28,O,N,2023-06-28
466,466,C00192,718,2023-05-19,C,N,2023-05-19
467,467,C00178,1467,2023-03-06,C,N,2023-03-06
468,468,C00161,1200,2026-02-10,C,N,2026-02-10
469,469,C00174,1727,2025-11-23,C,N,2025-11-23
470,470,C00178,1658,2023-12-16,C,N,2023-12-16
471,471,C00186,638,2024-10-16,C,N,2024-10-16
472,472,C00107,285,2024-06-21,C,N,2024-06-21
473,473,C00154,532,2024-08-27,C,N,2024-08-27
474,474,C00044,475,2023-02-18,C,N,2023-02-18
475,475,C00187,742,2025-06-11,O,N,2025-06-11
476,476,C00108,341,2023-10-22,O,N,2023-10-22
477,477,C00116,215,2023-01-25,C,N,2023-01-25
478,478,C00047,680,2025-10-15,C,N,2025-10-15
479,479,C00105,873,2025-12-13,C,N,2025-12-13
480,480,C00119,109,2022-07-15,C,N,2022-07-15
481,481,C00165,310,2025-04-09,O,N,2025-04-09
482,482,C00051,470,2022-11-25,C,N,2022-11-25
483,483,C00111,369,2025-03-26,C,N,2025-03-26
484,484,C00023,651,2022-05-09,C,N,2022-05-09
485,485,C00093,1069,2025-04-22,C,N,2025-04-22
486,486,C00216,662,2023-06-11,C,N,2023-06-11
487,487,C00036,851,2022-09-14,C,N,2022-09-14
488,488,C00046,1141,2024-07-15,O,N,2024-07-15
489,489,C00200,1036,2024-10-15,O,N,2024-10-15
490,490,C00232,1574,2022-10-27,C,N,2022-10-27
491,491,C00199,292,2023-03-26,O,N,2023-03-26
492,492,C00229,1065,2024-04-11,O,N,2024-04-11
493,493,C00006,188,2025-09-16,C,N,2025-09-16
494,494,C00121,1498,2023-01-15,O,N,2023-01-15
495,495,C00055,1653,2024-12-26,C,N,2024-12-26
496,496,C00152,763,2023-12-27,C,N,2023-12-27
497,497,C00018,157,2022-12-29,C,N,2022-12-29
498,498,C00144,496,2023-07-08,C,N,2023-07-08
499,499,C00212,1355,2025-12-09,O,N,2025-12-09
500,500,C00260,120,2025-07-30,C,N,2025-07-30
501,501,C00168,1469,2022-07-04,C,N,2022-07-04
502,502,C00237,1418,2022-04-05,C,N,2022-04-05
503,503,C00053,1599,2025-06-06,C,N,2025-06-06
504,504,C00020,974,2024-09-23,C,N,2024-09-23
505,505,C00011,1766,2022-08-24,O,N,2022-08-24
506,506,C00079,1172,2025-10-20,C,N,2025-10-20
507,507,C00128,36,2023-10-23,O,N,2023-10-23
508,508,C00032,1206,2024-10-28,C,N,2024-10-28
509,509,C00142,1617,2022-06-19,C,N,2022-06-19
510,510,C00175,1092,2022-05-18,C,N,2022-05-18
511,511,C00205,627,2023-07-31,C,N,2023-07-31
512,512,C00155,1749,2023-11-08,C,N,2023-11-08
513,513,C00119,987,2025-10-31,C,N,2025-10-31
514,514,C00073,1105,2024-07-15,C,N,2024-07-15
515,515,C00097,900,2024-10-26,C,N,2024-10-26
516,516,C00201,1593,2023-02-01,C,N,2023-02-01
517,517,C00038,484,2025-07-08,C,N,2025-07-08
518,518,C00032,467,2022-12-16,C,N,2022-12-16
519,519,C00142,935,2025-11-17,C,N,2025-11-17
520,520,C00095,476,2024-03-27,C,N,2024-03-27
521,521,C00254,1232,2023-02-10,O,N,2023-02-10
522,522,C00030,1318,2024-12-09,O,N,2024-12-09
523,523,C00044,710,2025-07-07,C,N,2025-07-07
524,524,C00191,1061,2022-10-23,C,N,2022-10-23
525,525,C00260,405,2024-12-20,C,N,2024-12-20
526,526,C00191,67,2024-11-06,C,N,2024-11-06
527,527,C00156,289,2023-10-12,C,N,2023-10-12
528,528,C00217,114,2023-07-22,C,N,2023-07-22
529,529,C00192,1334,2025-09-28,O,N,2025-09-28
530,530,C00039,683,2023-11-26,C,N,2023-11-26
531,531,C00242,1397,2024-08-04,C,N,2024-08-04
532,532,C00073,268,2022-04-08,C,N,2022-04-08
533,533,C00144,137,2022-04-29,C,N,2022-04-29
534,534,C00130,654,2024-10-04,C,Y,2024-10-04
535,535,C00206,1168,2025-12-31,C,N,2025-12-31
536,536,C00003,211,2025-08-15,C,N,2025-08-15
537,537,C00176,1471,2024-10-10,C,N,2024-10-10
538,538,C00234,1650,2024-09-27,C,N,2024-09-27
539,539,C00010,898,2024-02-16,C,N,2024-02-16
540,540,C00125,1145,2022-10-08,C,N,2022-10-08
541,541,C00209,196,2023-11-08,C,N,2023-11-08
542,542,C00241,524,2024-03-17,O,N,2024-03-17
543,543,C00139,1155,2023-02-08,C,Y,2023-02-08
544,544,C00085,1660,2022-04-05,O,N,2022-04-05
545,545,C00159,1367,2022-08-20,C,N,2022-08-20
546,546,C00240,1763,2023-06-19,C,N,2023-06-19
547,547,C00220,459,2024-03-20,C,N,2024-03-20
548,548,C00008,1666,2022-05-28,C,N,2022-05-28
549,549,C00247,1706,2023-02-14,C,N,2023-02-14
550,550,C00025,433,2023-04-29,C,N,2023-04-29
551,551,C00148,1370,2022-02-08,C,N,2022-02-08
552,552,C00184,298,2024-01-06,O,N,2024-01-06
553,553,C00015,466,2024-03-02,C,N,2024-03-02
554,554,C00234,698,2024-08-01,C,N,2024-08-01
555,555,C00043,296,2023-11-14,C,N,2023-11-14
556,556,C00042,604,2025-10-01,C,N,2025-10-01
557,557,C00236,429,2023-09-10,O,N,2023-09-10
558,558,C00079,1052,2026-02-12,O,Y,2026-02-12
559,559,C00015,245,2023-12-18,C,N,2023-12-18
560,560,C00220,98,2024-08-02,C,N,2024-08-02
561,561,C00106,1214,2024-07-19,C,N,2024-07-19
562,562,C00151,217,2023-10-23,C,N,2023-10-23
563,563,C00066,1777,2023-02-05,C,N,2023-02-05
564,564,C00058,854,2022-04-12,O,N,2022-04-12
565,565,C00105,1338,2024-02-27,C,N,2024-02-27
566,566,C00165,1444,2025-12-25,C,N,2025-12-25
567,567,C00237,716,2023-01-02,O,N,2023-01-02
568,568,C00022,231,2022-04-17,O,N,2022-04-17
569,569,C00061,1369,2022-03-19,C,N,2022-03-19
570,570,C00104,1552,2024-03-24,C,N,2024-03-24
571,571,C00152,1201,2022-05-02,C,N,2022-05-02
572,572,C00213,155,2022-11-12,C,N,2022-11-12
573,573,C00155,887,2024-01-27,C,N,2024-01-27
574,574,C00117,595,2024-10-18,C,N,2024-10-18
575,575,C00176,92,2023-03-28,C,N,2023-03-28
576,576,C00255,578,2025-07-31,O,N,2025-07-31
577,577,C00126,57,2022-11-23,C,N,2022-11-23
578,578,C00133,492,2025-12-08,O,N,2025-12-08
579,579,C00227,1312,2023-11-07,C,N,2023-11-07
580,580,C00232,861,2025-05-11,C,Y,2025-05-11
581,581,C00132,286,2022-09-11,C,N,2022-09-11
582,582,C00003,255,2025-06-30,C,N,2025-06-30
583,583,C00023,243,2022-08-18,O,N,2022-08-18
584,584,C00030,1143,2022-12-31,C,N,2022-12-31
585,585,C00199,45,2022-12-16,C,N,2022-12-16
586,586,C00259,939,2023-07-17,C,N,2023-07-17
587,587,C00075,81,2022-07-26,C,Y,2022-07-26
588,588,C00052,600,2025-05-23,C,N,2025-05-23
589,589,C00145,528,2022-07-21,C,N,2022-07-21
590,590,C00029,1576,2024-10-21,C,N,2024-10-21
591,591,C00143,176,2025-12-15,C,N,2025-12-15
592,592,C00162,1458,2025-04-29,C,N,2025-04-29
593,593,C00161,657,2023-04-08,O,N,2023-04-08
594,594,C00231,1513,2024-02-28,C,N,2024-02-28
595,595,C00243,323,2025-05-30,C,N,2025-05-30
596,596,C00193,1361,2023-11-18,C,N,2023-11-18
597,597,C00190,246,2023-06-06,O,N,2023-06-06
598,598,C00043,373,2023-03-23,O,N,2023-03-23
599,599,C00257,1761,2024-10-01,C,N,2024-10-01
600,600,C00153,808,2023-12-19,C,N,2023-12-19
601,601,C00012,322,2022-12-21,C,N,2022-12-21
602,602,C00056,548,2022-08-31,O,N,2022-08-31
603,603,C00004,1306,2023-09-04,C,N,2023-09-04
604,604,C00223,141,2024-04-25,C,N,2024-04-25
605,605,C00037,1186,2023-01-16,C,N,2023-01-16
606,606,C00146,681,2025-07-16,C,N,2025-07-16
607,607,C00263,46,2025-09-01,C,N,2025-09-01
608,608,C00083,1635,2024-06-03,C,N,2024-06-03
609,609,C00028,1514,2023-11-28,O,N,2023-11-28
610,610,C00236,903,2025-04-29,C,N,2025-04-29
611,611,C00101,632,2025-10-27,C,N,2025-10-27
612,612,C00092,174,2024-07-04,C,N,2024-07-04
613,613,C00096,734,2023-11-06,C,N,2023-11-06
614,614,C00101,40,2023-06-19,C,N,2023-06-19
615,615,C00154,792,2023-12-24,O,N,2023-12-24
616,616,C00196,1264,2025-03-25,O,N,2025-03-25
617,617,C00244,712,2024-05-21,C,N,2024-05-21
618,618,C00013,830,2025-10-11,C,N,2025-10-11
619,619,C00205,1287,2022-11-21,C,Y,2022-11-21
620,620,C00137,190,2025-12-21,C,Y,2025-12-21
621,621,C00221,163,2025-10-23,C,Y,2025-10-23
622,622,C00083,1670,2025-01-15,C,N,2025-01-15
623,623,C00206,546,2025-11-05,C,N,2025-11-05
624,624,C00148,480,2024-08-20,C,N,2024-08-20
625,625,C00008,169,2024-12-26,O,N,2024-12-26
626,626,C00069,1478,2023-12-10,C,N,2023-12-10
627,627,C00220,482,2024-10-17,C,N,2024-10-17
628,628,C00185,1644,2023-09-17,O,N,2023-09-17
629,629,C00187,1391,2025-03-24,C,N,2025-03-24
630,630,C00037,206,2025-05-17,O,N,2025-05-17
631,631,C00149,1396,2025-01-10,C,N,2025-01-10
632,632,C00034,1350,2024-07-11,C,N,2024-07-11
633,633,C00187,1421,2023-03-08,C,N,2023-03-08
634,634,C00179,1724,2025-12-13,O,N,2025-12-13
635,635,C00022,339,2022-03-22,C,N,2022-03-22
636,636,C00059,343,2025-02-10,C,Y,2025-02-10
637,637,C00148,451,2026-02-16,O,N,2026-02-16
638,638,C00111,790,2024-09-30,C,N,2024-09-30
639,639,C00032,864,2023-12-20,O,N,2023-12-20
640,640,C00073,1229,2023-08-04,C,N,2023-08-04
641,641,C00184,601,2022-12-29,O,N,2022-12-29
642,642,C00220,1031,2025-02-18,C,N,2025-02-18
643,643,C00066,367,2024-02-28,O,N,2024-02-28
644,644,C00255,922,2023-12-20,C,N,2023-12-20
645,645,C00038,1627,2024-01-15,O,N,2024-01-15
646,646,C00109,1780,2024-02-03,C,N,2024-02-03
647,647,C00246,955,2024-10-22,C,N,2024-10-22
648,648,C00175,1483,2025-09-26,C,N,2025-09-26
649,649,C00004,504,2025-03-29,C,N,2025-03-29
650,650,C00241,207,2024-07-12,C,N,2024-07-12
651,651,C00181,905,2025-04-25,O,N,2025-04-25
652,652,C00089,685,2025-04-15,C,N,2025-04-15
653,653,C00206,1122,2024-03-08,O,N,2024-03-08
654,654,C00264,953,2022-07-13,C,N,2022-07-13
655,655,C00146,950,2024-06-13,C,N,2024-06-13
656,656,C00139,1545,2024-01-03,C,N,2024-01-03
657,657,C00018,1541,2023-10-29,O,N,2023-10-29
658,658,C00115,1025,2022-11-23,C,N,2022-11-23
659,659,C00209,297,2023-12-18,C,N,2023-12-18
660,660,C00144,1687,2024-10-15,C,N,2024-10-15
661,661,C00091,23,2024-07-09,C,N,2024-07-09
662,662,C00232,1136,2023-02-07,C,N,2023-02-07
663,663,C00107,1288,2024-08-30,C,N,2024-08-30
664,664,C00043,621,2023-05-15,C,N,2023-05-15
665,665,C00159,1630,2024-06-10,C,N,2024-06-10
666,666,C00180,28,2024-05-13,C,N,2024-05-13
667,667,C00225,363,2025-03-23,O,N,2025-03-23
668,668,C00184,765,2024-09-24,C,N,2024-09-24
669,669,C00203,1167,2023-09-23,C,N,2023-09-23
670,670,C00136,21,2024-01-11,C,N,2024-01-11
671,671,C00155,927,2022-02-06,C,N,2022-02-06
672,672,C00134,583,2024-02-15,C,N,2024-02-15
673,673,C00018,821,2023-01-24,O,N,2023-01-24
674,674,C00178,1425,2025-06-20,C,N,2025-06-20
675,675,C00263,1699,2023-02-02,C,N,2023-02-02
676,676,C00099,788,2022-08-06,C,N,2022-08-06
677,677,C00013,1380,2024-02-18,C,N,2024-02-18
678,678,C00140,1249,2022-04-05,C,N,2022-04-05
679,679,C00045,320,2022-07-10,C,N,2022-07-10
680,680,C00234,1493,2024-04-16,C,N,2024-04-16
681,681,C00239,1077,2022-05-28,O,N,2022-05-28
682,682,C00035,1583,2025-05-25,C,N,2025-05-25
683,683,C00153,1302,2025-05-02,C,N,2025-05-02
684,684,C00231,344,2023-04-29,C,N,2023-04-29
685,685,C00115,1414,2022-01-23,C,N,2022-01-23
686,686,C00258,1063,2023-02-01,C,N,2023-02-01
687,687,C00102,1313,2024-02-29,C,N,2024-02-29
688,688,C00126,224,2022-03-11,C,N,2022-03-11
689,689,C00129,686,2025-02-21,C,N,2025-02-21
690,690,C00052,418,2025-12-02,O,N,2025-12-02
691,691,C00154,356,2025-10-24,C,N,2025-10-24
692,692,C00235,1690,2024-11-30,C,N,2024-11-30
693,693,C00100,1114,2025-12-04,C,N,2025-12-04
694,694,C00124,1488,2024-01-03,O,N,2024-01-03
695,695,C00076,321,2024-01-30,C,N,2024-01-30
696,696,C00241,1304,2025-04-22,C,N,2025-04-22
697,697,C00240,1789,2023-02-21,C,Y,2023-02-21
698,698,C00039,287,2023-09-27,C,N,2023-09-27
699,699,C00012,635,2022-08-14,C,N,2022-08-14
700,700,C00218,1427,2024-02-04,C,N,2024-02-04
701,701,C00044,1447,2022-10-09,C,N,2022-10-09
702,702,C00084,1602,2022-04-17,C,N,2022-04-17
703,703,C00233,1769,2022-07-20,C,N,2022-07-20
704,704,C00205,793,2023-12-10,O,N,2023-12-10
705,705,C00025,884,2023-08-21,C,N,2023-08-21
706,706,C00070,1753,2025-06-08,C,N,2025-06-08
707,707,C00066,1382,2025-12-12,O,N,2025-12-12
708,708,C00003,2,2025-04-18,O,N,2025-04-18
709,709,C00193,240,2024-02-19,C,N,2024-02-19
710,710,C00038,1001,2024-07-05,C,N,2024-07-05
711,711,C00217,607,2023-08-05,C,N,2023-08-05
712,712,C00127,200,2024-04-06,C,N,2024-04-06
713,713,C00208,281,2023-12-13,C,N,2023-12-13
714,714,C00148,1796,2022-08-01,C,N,2022-08-01
715,715,C00018,14,2024-12-10,C,N,2024-12-10
716,716,C00136,1321,2024-11-11,C,N,2024-11-11
717,717,C00230,52,2025-03-30,O,N,2025-03-30
718,718,C00039,1732,2022-07-19,C,N,2022-07-19
719,719,C00082,181,2024-05-14,O,N,2024-05-14
720,720,C00123,1162,2022-07-03,C,N,2022-07-03
721,721,C00070,1286,2023-06-29,C,N,2023-06-29
722,722,C00217,725,2023-04-04,C,N,2023-04-04
723,723,C00134,1236,2022-09-20,C,N,2022-09-20
724,724,C00086,1173,2023-03-12,C,N,2023-03-12
725,725,C00085,840,2024-12-21,C,N,2024-12-21
726,726,C00200,1456,2023-06-22,C,N,2023-06-22
727,727,C00205,1363,2025-01-12,O,N,2025-01-12
728,728,C00214,421,2022-10-15,O,N,2022-10-15
729,729,C00003,299,2023-12-07,C,N,2023-12-07
730,730,C00262,329,2023-03-05,C,N,2023-03-05
731,731,C00122,404,2022-07-15,C,N,2022-07-15
732,732,C00261,1752,2026-02-18,C,N,2026-02-18
733,733,C00140,460,2022-11-10,C,N,2022-11-10
734,734,C00242,1261,2025-03-25,C,N,2025-03-25
735,735,C00038,1740,2024-01-22,O,N,2024-01-22
736,736,C00187,642,2025-01-30,C,N,2025-01-30
737,737,C00004,1491,2024-06-17,C,N,2024-06-17
738,738,C00102,906,2025-03-22,C,N,2025-03-22
739,739,C00029,1466,2022-03-26,C,N,2022-03-26
740,740,C00167,1475,2025-09-11,C,N,2025-09-11
741,741,C00109,1784,2025-01-16,C,N,2025-01-16
742,742,C00212,413,2025-03-28,C,N,2025-03-28
743,743,C00205,462,2024-04-06,C,N,2024-04-06
744,744,C00020,618,2025-06-03,C,N,2025-06-03
745,745,C00218,1223,2025-05-06,C,N,2025-05-06
746,746,C00237,1559,2022-05-28,C,N,2022-05-28
747,747,C00058,60,2023-09-09,O,N,2023-09-09
748,748,C00093,1005,2023-04-14,C,N,2023-04-14
749,749,C00242,806,2024-06-12,C,N,2024-06-12
750,750,C00159,315,2025-11-23,O,N,2025-11-23
751,751,C00136,831,2025-02-04,O,N,2025-02-04
752,752,C00179,661,2022-09-16,C,N,2022-09-16
753,753,C00256,1218,2024-04-27,C,N,2024-04-27
754,754,C00243,1377,2024-01-22,C,N,2024-01-22
755,755,C00045,995,2025-06-12,C,N,2025-06-12
756,756,C00045,426,2022-09-21,C,N,2022-09-21
757,757,C00003,442,2024-05-13,C,N,2024-05-13
758,758,C00046,1441,2022-04-08,C,N,2022-04-08
759,759,C00246,330,2024-04-27,C,N,2024-04-27
760,760,C00042,1300,2022-02-04,C,N,2022-02-04
761,761,C00052,443,2024-05-08,C,N,2024-05-08
762,762,C00081,915,2023-07-15,O,N,2023-07-15
763,763,C00127,403,2022-09-23,O,N,2022-09-23
764,764,C00083,74,2024-04-18,O,N,2024-04-18
765,765,C00009,364,2023-11-19,C,N,2023-11-19
766,766,C00224,1535,2022-01-31,C,N,2022-01-31
767,767,C00170,105,2024-01-11,C,N,2024-01-11
768,768,C00104,525,2024-10-23,C,N,2024-10-23
769,769,C00126,714,2023-01-29,C,N,2023-01-29
770,770,C00023,1330,2025-07-09,C,N,2025-07-09
771,771,C00040,167,2024-08-15,C,N,2024-08-15
772,772,C00171,749,2024-01-13,C,N,2024-01-13
773,773,C00217,256,2022-06-23,O,Y,2022-06-23
774,774,C00204,56,2024-07-17,C,N,2024-07-17
775,775,C00118,1046,2023-10-01,C,N,2023-10-01
776,776,C00173,151,2023-07-16,C,N,2023-07-16
777,777,C00140,1500,2022-11-27,C,N,2022-11-27
778,778,C00007,543,2024-09-22,O,N,2024-09-22
779,779,C00139,1680,2022-07-19,O,N,2022-07-19
780,780,C00129,849,2025-03-07,C,Y,2025-03-07
781,781,C00183,1768,2023-08-01,C,N,2023-08-01
782,782,C00185,988,2022-06-04,C,N,2022-06-04
783,783,C00010,709,2022-11-01,C,N,2022-11-01
784,784,C00102,140,2022-09-22,C,N,2022-09-22
785,785,C00019,580,2022-04-10,C,N,2022-04-10
786,786,C00129,1710,2025-12-23,C,N,2025-12-23
787,787,C00225,868,2025-03-07,C,N,2025-03-07
788,788,C00239,325,2025-05-04,C,N,2025-05-04
789,789,C00046,993,2023-09-16,C,N,2023-09-16
790,790,C00179,359,2022-03-10,C,N,2022-03-10
791,791,C00250,812,2025-10-13,C,N,2025-10-13
792,792,C00053,1608,2023-05-22,C,N,2023-05-22
793,793,C00130,1163,2022-09-01,C,N,2022-09-01
794,794,C00069,513,2023-09-23,O,Y,2023-09-23
795,795,C00114,340,2023-06-29,O,N,2023-06-29
796,796,C00071,1116,2022-03-20,O,N,2022-03-20
797,797,C00175,696,2024-09-12,C,N,2024-09-12
798,798,C00225,878,2024-02-19,C,N,2024-02-19
799,799,C00017,1282,2024-08-11,O,N,2024-08-11
800,800,C00202,1323,2025-08-28,C,N,2025-08-28
801,801,C00095,667,2023-06-27,C,N,2023-06-27
802,802,C00059,1652,2025-09-16,C,N,2025-09-16
803,803,C00020,557,2025-05-01,C,N,2025-05-01
804,804,C00153,156,2022-07-28,C,N,2022-07-28
805,805,C00159,936,2024-09-10,O,N,2024-09-10
806,806,C00220,589,2023-03-18,C,N,2023-03-18
807,807,C00032,1104,2023-01-27,C,N,2023-01-27
808,808,C00234,1062,2024-02-09,C,N,2024-02-09
809,809,C00175,766,2025-06-26,O,N,2025-06-26
810,810,C00025,1226,2023-04-25,C,N,2023-04-25
811,811,C00209,628,2023-10-02,C,N,2023-10-02
812,812,C00097,738,2022-03-07,C,N,2022-03-07
813,813,C00059,1442,2024-08-12,C,N,2024-08-12
814,814,C00223,1722,2025-06-02,O,N,2025-06-02
815,815,C00067,1565,2023-08-20,C,N,2023-08-20
816,816,C00206,1677,2024-02-20,C,N,2024-02-20
817,817,C00042,1568,2023-07-26,C,N,2023-07-26
818,818,C00111,72,2023-03-19,C,N,2023-03-19
819,819,C00173,5,2025-01-06,C,N,2025-01-06
820,820,C00097,360,2025-06-25,C,N,2025-06-25
821,821,C00258,1648,2024-10-26,C,N,2024-10-26
822,822,C00257,573,2023-02-15,O,N,2023-02-15
823,823,C00042,624,2023-10-23,C,N,2023-10-23
824,824,C00048,523,2024-06-01,C,N,2024-06-01
825,825,C00044,512,2025-08-28,O,N,2025-08-28
826,826,C00058,646,2023-03-17,C,N,2023-03-17
827,827,C00162,984,2024-02-29,C,N,2024-02-29
828,828,C00174,1474,2024-12-28,C,N,2024-12-28
829,829,C00022,779,2024-05-29,C,N,2024-05-29
830,830,C00043,1536,2024-09-06,O,N,2024-09-06
831,831,C00243,1504,2025-03-14,C,N,2025-03-14
832,832,C00219,284,2023-11-05,O,N,2023-11-05
833,833,C00181,658,2024-06-18,C,N,2024-06-18
834,834,C00080,1697,2024-11-08,O,N,2024-11-08
835,835,C00226,1708,2025-05-25,O,N,2025-05-25
836,836,C00247,1000,2023-03-12,C,N,2023-03-12
837,837,C00200,148,2022-02-14,C,N,2022-02-14
838,838,C00246,721,2024-06-21,O,N,2024-06-21
839,839,C00032,168,2024-04-16,C,N,2024-04-16
840,840,C00130,899,2024-04-12,C,N,2024-04-12
841,841,C00264,126,2023-01-21,C,N,2023-01-21
842,842,C00199,1197,2024-08-11,C,N,2024-08-11
843,843,C00061,1556,2023-04-11,C,N,2023-04-11
844,844,C00161,630,2022-06-19,C,N,2022-06-19
845,845,C00063,1388,2023-05-29,C,N,2023-05-29
846,846,C00124,921,2023-03-06,O,N,2023-03-06
847,847,C00233,737,2023-07-06,O,N,2023-07-06
848,848,C00230,565,2022-08-29,C,N,2022-08-29
849,849,C00183,656,2025-01-04,C,N,2025-01-04
850,850,C00186,1265,2022-12-25,C,N,2022-12-25
851,851,C00090,186,2024-06-24,C,N,2024-06-24
852,852,C00016,1269,2024-05-04,C,N,2024-05-04
853,853,C00042,1610,2023-11-08,O,N,2023-11-08
854,854,C00204,1124,2022-07-06,C,N,2022-07-06
855,855,C00074,611,2022-09-30,C,N,2022-09-30
856,856,C00111,1401,2023-10-03,C,N,2023-10-03
857,857,C00094,1159,2022-07-10,O,N,2022-07-10
858,858,C00086,872,2024-11-28,C,N,2024-11-28
859,859,C00159,1326,2022-01-08,C,N,2022-01-08
860,860,C00202,1571,2024-10-10,C,N,2024-10-10
861,861,C00249,942,2022-07-01,C,N,2022-07-01
862,862,C00053,1384,2022-08-07,C,N,2022-08-07
863,863,C00091,1169,2025-11-12,C,N,2025-11-12
864,864,C00237,912,2025-09-19,C,N,2025-09-19
865,865,C00156,350,2023-10-18,C,N,2023-10-18
866,866,C00184,669,2025-04-11,C,N,2025-04-11
867,867,C00122,1497,2024-11-10,C,N,2024-11-10
868,868,C00110,1454,2025-12-26,C,N,2025-12-26
869,869,C00171,395,2024-04-08,C,N,2024-04-08
870,870,C00202,1093,2023-11-01,C,N,2023-11-01
871,871,C00130,1651,2024-11-16,O,N,2024-11-16
872,872,C00101,142,2024-05-05,O,N,2024-05-05
873,873,C00175,867,2023-09-16,C,N,2023-09-16
874,874,C00161,717,2025-02-16,C,N,2025-02-16
875,875,C00139,218,2025-02-26,C,N,2025-02-26
876,876,C00144,781,2022-11-21,C,N,2022-11-21
877,877,C00130,93,2024-04-06,C,N,2024-04-06
878,878,C00219,346,2022-02-19,C,N,2022-02-19
879,879,C00199,972,2023-02-11,O,N,2023-02-11
880,880,C00065,832,2023-01-12,C,N,2023-01-12
881,881,C00263,724,2023-12-11,C,N,2023-12-11
882,882,C00194,1088,2023-05-09,C,Y,2023-05-09
883,883,C00261,37,2022-07-01,C,N,2022-07-01
884,884,C00089,1633,2022-07-09,C,N,2022-07-09
885,885,C00208,1301,2024-09-08,C,N,2024-09-08
886,886,C00211,1148,2025-11-01,O,N,2025-11-01
887,887,C00110,1024,2025-01-22,C,N,2025-01-22
888,888,C00181,1463,2025-12-18,C,N,2025-12-18
889,889,C00157,593,2022-03-22,C,N,2022-03-22
890,890,C00250,1729,2023-08-03,C,N,2023-08-03
891,891,C00025,1522,2022-09-30,O,N,2022-09-30
892,892,C00218,1130,2025-05-28,O,N,2025-05-28
893,893,C00107,349,2022-07-11,O,N,2022-07-11
894,894,C00163,572,2025-07-21,C,N,2025-07-21
895,895,C00146,133,2025-05-22,C,N,2025-05-22
896,896,C00086,1402,2024-05-18,O,N,2024-05-18
897,897,C00052,39,2023-02-13,O,N,2023-02-13
898,898,C00067,85,2026-01-27,C,N,2026-01-27
899,899,C00060,1335,2024-04-01,C,N,2024-04-01
900,900,C00056,1004,2023-05-23,O,N,2023-05-23
901,901,C00116,337,2023-02-05,C,N,2023-02-05
902,902,C00224,1772,2025-01-10,O,N,2025-01-10
903,903,C00128,1712,2022-03-08,C,N,2022-03-08
904,904,C00210,1376,2025-06-27,C,N,2025-06-27
905,905,C00063,71,2024-11-07,O,N,2024-11-07
906,906,C00090,197,2023-02-22,C,N,2023-02-22
907,907,C00038,288,2025-12-12,C,N,2025-12-12
908,908,C00258,406,2024-09-10,C,N,2024-09-10
909,909,C00104,530,2023-01-03,C,N,2023-01-03
910,910,C00181,1477,2023-10-20,C,N,2023-10-20
911,911,C00056,515,2023-08-16,C,N,2023-08-16
912,912,C00249,951,2024-12-30,C,N,2024-12-30
913,913,C00067,1362,2022-07-24,C,N,2022-07-24
914,914,C00052,751,2025-07-28,C,N,2025-07-28
915,915,C00079,1121,2022-07-02,C,N,2022-07-02
916,916,C00147,1184,2025-02-11,C,N,2025-02-11
917,917,C00021,552,2026-01-09,C,N,2026-01-09
918,918,C00218,41,2022-08-06,C,N,2022-08-06
919,919,C00259,758,2025-10-02,C,N,2025-10-02
920,920,C00009,64,2023-08-02,C,N,2023-08-02
921,921,C00184,1285,2023-03-31,C,N,2023-03-31
922,922,C00128,1085,2023-03-22,O,N,2023-03-22
923,923,C00115,957,2025-02-16,C,N,2025-02-16
924,924,C00048,1211,2023-01-03,C,N,2023-01-03
925,925,C00201,185,2022-01-19,O,N,2022-01-19
926,926,C00118,1139,2024-05-25,C,N,2024-05-25
927,927,C00102,1612,2025-10-24,C,N,2025-10-24
928,928,C00192,693,2022-01-25,O,N,2022-01-25
929,929,C00063,819,2024-04-18,C,N,2024-04-18
930,930,C00112,1193,2023-04-09,C,N,2023-04-09
931,931,C00074,478,2024-01-25,C,N,2024-01-25
932,932,C00179,564,2023-07-09,C,N,2023-07-09
933,933,C00225,1788,2023-05-23,O,N,2023-05-23
934,934,C00093,1793,2024-08-18,O,N,2024-08-18
935,935,C00122,769,2022-04-25,C,N,2022-04-25
936,936,C00268,75,2022-04-20,C,N,2022-04-20
937,937,C00153,1412,2023-03-06,C,N,2023-03-06
938,938,C00083,569,2022-12-09,C,N,2022-12-09
939,939,C00210,780,2023-08-06,O,N,2023-08-06
940,940,C00101,1558,2024-12-08,O,N,2024-12-08
941,941,C00247,165,2022-03-11,O,N,2022-03-11
942,942,C00129,1759,2022-09-27,C,N,2022-09-27
943,943,C00137,147,2023-08-12,C,N,2023-08-12
944,944,C00032,1517,2024-12-03,O,N,2024-12-03
945,945,C00041,1472,2023-06-11,C,N,2023-06-11
946,946,C00262,65,2025-04-30,C,N,2025-04-30
947,947,C00161,647,2024-12-31,C,N,2024-12-31
948,948,C00075,759,2024-11-22,C,Y,2024-11-22
949,949,C00075,1464,2025-08-03,C,N,2025-08-03
950,950,C00243,1440,2022-05-04,C,N,2022-05-04
951,951,C00068,1794,2023-04-06,C,N,2023-04-06
952,952,C00201,883,2022-07-20,C,N,2022-07-20
953,953,C00099,489,2023-06-01,O,N,2023-06-01
954,954,C00231,1734,2024-10-17,O,N,2024-10-17
955,955,C00200,1703,2025-01-24,C,N,2025-01-24
956,956,C00059,1230,2024-06-09,O,N,2024-06-09
957,957,C00046,1417,2025-10-04,C,N,2025-10-04
958,958,C00129,202,2023-06-10,C,N,2023-06-10
959,959,C00205,1239,2024-01-05,C,N,2024-01-05
960,960,C00006,1631,2023-12-02,C,N,2023-12-02
961,961,C00116,149,2025-03-24,C,N,2025-03-24
962,962,C00030,437,2025-07-28,O,N,2025-07-28
963,963,C00261,1156,2025-02-20,O,N,2025-02-20
964,964,C00108,1681,2022-11-18,C,N,2022-11-18
965,965,C00256,1616,2022-12-18,O,N,2022-12-18
966,966,C00229,1468,2025-05-08,C,N,2025-05-08
967,967,C00061,1191,2024-04-04,C,N,2024-04-04
968,968,C00057,158,2022-05-01,C,N,2022-05-01
969,969,C00052,1669,2024-08-07,O,N,2024-08-07
970,970,C00017,673,2023-01-03,C,N,2023-01-03
971,971,C00268,764,2022-04-13,C,N,2022-04-13
972,972,C00152,1539,2023-04-16,C,N,2023-04-16
973,973,C00235,563,2023-12-18,C,N,2023-12-18
974,974,C00205,227,2025-12-03,C,N,2025-12-03
975,975,C00022,1709,2022-12-25,C,Y,2022-12-25
976,976,C00167,1246,2025-07-26,C,N,2025-07-26
977,977,C00138,663,2025-07-05,C,N,2025-07-05
978,978,C00157,1774,2023-01-12,C,N,2023-01-12
979,979,C00154,1164,2024-06-27,C,N,2024-06-27
980,980,C00093,1719,2025-02-27,C,N,2025-02-27
981,981,C00268,150,2025-09-09,O,N,2025-09-09
982,982,C00030,300,2023-06-24,C,N,2023-06-24
983,983,C00073,1632,2024-11-10,O,N,2024-11-10
984,984,C00134,1119,2026-01-22,C,N,2026-01-22
985,985,C00234,999,2022-02-26,C,N,2022-02-26
986,986,C00120,599,2024-10-31,O,N,2024-10-31
987,987,C00224,1057,2022-03-19,O,N,2022-03-19
988,988,C00086,705,2024-08-20,O,N,2024-08-20
989,989,C00112,670,2025-07-13,C,N,2025-07-13
990,990,C00226,699,2022-07-30,C,N,2022-07-30
991,991,C00038,1577,2025-10-20,C,N,2025-10-20
992,992,C00242,1381,2024-09-01,C,N,2024-09-01
993,993,C00053,86,2024-02-06,C,N,2024-02-06
994,994,C00119,559,2025-06-08,C,N,2025-06-08
995,995,C00234,1006,2025-03-31,O,N,2025-03-31
996,996,C00213,965,2025-11-10,O,N,2025-11-10
997,997,C00194,441,2023-07-22,C,N,2023-07-22
998,998,C00143,1746,2023-07-20,C,N,2023-07-20
999,999,C00006,923,2025-07-22,C,N,2025-07-22
1000,1000,C00025,474,2023-04-06,O,N,2023-04-06
1001,1001,C00132,1668,2025-08-07,C,N,2025-08-07
1002,1002,C00162,384,2025-03-24,C,N,2025-03-24
1003,1003,C00264,518,2023-11-25,C,N,2023-11-25
1004,1004,C00186,1751,2025-08-31,C,N,2025-08-31
1005,1005,C00107,1108,2025-07-04,C,N,2025-07-04
1006,1006,C00165,996,2023-09-10,O,N,2023-09-10
1007,1007,C00047,1404,2024-07-29,C,N,2024-07-29
1008,1008,C00005,1689,2022-10-30,C,N,2022-10-30
1009,1009,C00055,641,2024-03-04,C,N,2024-03-04
1010,1010,C00228,319,2023-02-04,C,N,2023-02-04
1011,1011,C00222,1209,2024-05-24,C,N,2024-05-24
1012,1012,C00182,1084,2022-08-26,C,N,2022-08-26
1013,1013,C00156,743,2022-07-08,O,N,2022-07-08
1014,1014,C00139,1728,2023-12-25,C,N,2023-12-25
1015,1015,C00036,944,2023-10-16,O,N,2023-10-16
1016,1016,C00036,1215,2022-08-15,C,N,2022-08-15
1017,1017,C00030,1695,2025-12-03,C,N,2025-12-03
1018,1018,C00026,509,2025-12-10,C,N,2025-12-10
1019,1019,C00167,890,2025-05-30,C,N,2025-05-30
1020,1020,C00108,226,2022-05-11,C,N,2022-05-11
1021,1021,C00149,956,2023-04-12,C,N,2023-04-12
1022,1022,C00010,1717,2023-02-03,C,N,2023-02-03
1023,1023,C00072,1760,2023-10-29,C,N,2023-10-29
1024,1024,C00148,1700,2024-08-16,C,Y,2024-08-16
1025,1025,C00085,1231,2023-05-08,C,N,2023-05-08
1026,1026,C00126,1667,2025-01-13,C,N,2025-01-13
1027,1027,C00263,1087,2025-11-03,C,N,2025-11-03
1028,1028,C00198,479,2025-01-20,C,N,2025-01-20
1029,1029,C00026,43,2023-05-05,O,N,2023-05-05
1030,1030,C00222,124,2024-11-05,C,N,2024-11-05
1031,1031,C00005,1661,2022-04-08,C,N,2022-04-08
1032,1032,C00075,233,2024-04-10,C,N,2024-04-10
1033,1033,C00121,172,2022-07-12,C,N,2022-07-12
1034,1034,C00162,990,2025-10-23,C,N,2025-10-23
1035,1035,C00017,1432,2024-10-03,O,N,2024-10-03
1036,1036,C00038,1109,2025-12-25,C,N,2025-12-25
1037,1037,C00221,212,2025-10-07,C,N,2025-10-07
1038,1038,C00019,1615,2024-03-20,O,N,2024-03-20
1039,1039,C00119,473,2024-01-14,C,N,2024-01-14
1040,1040,C00092,1618,2026-02-18,C,N,2026-02-18
1041,1041,C00216,317,2023-02-02,O,N,2023-02-02
1042,1042,C00268,689,2023-06-25,C,N,2023-06-25
1043,1043,C00031,516,2025-02-02,C,N,2025-02-02
1044,1044,C00149,871,2024-09-12,C,N,2024-09-12
1045,1045,C00133,267,2025-08-14,C,N,2025-08-14
1046,1046,C00055,1064,2023-12-02,O,N,2023-12-02
1047,1047,C00017,95,2022-11-28,C,N,2022-11-28
1048,1048,C00060,1263,2022-09-25,C,N,2022-09-25
1049,1049,C00111,775,2023-05-25,O,N,2023-05-25
1050,1050,C00150,1438,2024-09-26,C,N,2024-09-26
1051,1051,C00070,795,2024-05-06,C,N,2024-05-06
1052,1052,C00020,682,2022-08-01,C,N,2022-08-01
1053,1053,C00045,483,2025-10-12,O,N,2025-10-12
1054,1054,C00117,1431,2022-03-25,C,N,2022-03-25
1055,1055,C00075,1040,2022-07-08,C,N,2022-07-08
1056,1056,C00189,1195,2023-08-13,C,N,2023-08-13
1057,1057,C00142,803,2025-09-13,C,N,2025-09-13
1058,1058,C00193,68,2025-09-19,C,N,2025-09-19
1059,1059,C00111,949,2022-05-10,O,N,2022-05-10
1060,1060,C00084,108,2022-03-19,C,N,2022-03-19
1061,1061,C00113,745,2022-06-13,C,N,2022-06-13
1062,1062,C00142,436,2025-06-16,C,N,2025-06-16
1063,1063,C00059,1216,2024-10-25,C,N,2024-10-25
1064,1064,C00235,374,2023-12-05,C,N,2023-12-05
1065,1065,C00117,1177,2023-07-14,O,N,2023-07-14
1066,1066,C00240,1692,2024-01-11,O,N,2024-01-11
1067,1067,C00040,153,2025-09-01,C,N,2025-09-01
1068,1068,C00056,96,2023-05-07,C,N,2023-05-07
1069,1069,C00255,768,2024-04-20,C,N,2024-04-20
1070,1070,C00061,1480,2023-08-28,C,N,2023-08-28
1071,1071,C00029,706,2025-11-04,C,N,2025-11-04
1072,1072,C00209,399,2025-05-17,C,N,2025-05-17
1073,1073,C00006,874,2024-03-16,C,N,2024-03-16
1074,1074,C00199,959,2024-03-18,C,N,2024-03-18
1075,1075,C00180,444,2025-10-20,O,N,2025-10-20
1076,1076,C00200,272,2025-04-01,C,N,2025-04-01
1077,1077,C00148,691,2023-02-07,C,N,2023-02-07
1078,1078,C00094,668,2022-09-16,C,N,2022-09-16
1079,1079,C00066,1210,2023-01-28,O,N,2023-01-28
1080,1080,C00118,760,2025-08-31,C,N,2025-08-31
1081,1081,C00169,1473,2023-08-15,C,N,2023-08-15
1082,1082,C00151,30,2025-05-20,O,N,2025-05-20
1083,1083,C00190,1196,2022-03-07,C,N,2022-03-07
1084,1084,C00028,1637,2023-11-01,C,N,2023-11-01
1085,1085,C00242,916,2025-08-04,C,N,2025-08-04
1086,1086,C00012,1663,2023-09-23,O,N,2023-09-23
1087,1087,C00209,824,2022-10-10,C,N,2022-10-10
1088,1088,C00197,69,2024-07-14,C,N,2024-07-14
1089,1089,C00132,213,2022-05-02,C,N,2022-05-02
1090,1090,C00219,1278,2022-08-25,O,N,2022-08-25
1091,1091,C00186,892,2023-02-02,C,N,2023-02-02
1092,1092,C00128,1726,2024-03-25,C,N,2024-03-25
1093,1093,C00237,1029,2025-04-21,O,N,2025-04-21
1094,1094,C00109,1735,2022-09-29,C,N,2022-09-29
1095,1095,C00215,1731,2025-12-16,C,N,2025-12-16
1096,1096,C00176,704,2023-07-18,C,N,2023-07-18
1097,1097,C00176,692,2022-03-29,C,N,2022-03-29
1098,1098,C00119,945,2022-10-24,C,N,2022-10-24
1099,1099,C00167,1457,2023-08-06,C,N,2023-08-06
1100,1100,C00177,199,2025-06-30,C,N,2025-06-30
1101,1101,C00148,708,2022-04-06,C,N,2022-04-06
1102,1102,C00183,1072,2025-04-18,C,N,2025-04-18
1103,1103,C00224,449,2025-11-07,C,N,2025-11-07
1104,1104,C00204,18,2023-02-03,C,N,2023-02-03
1105,1105,C00094,933,2025-11-18,C,N,2025-11-18
1106,1106,C00032,1274,2024-05-30,C,N,2024-05-30
1107,1107,C00128,889,2024-10-30,C,N,2024-10-30
1108,1108,C00227,1174,2024-09-17,C,N,2024-09-17
1109,1109,C00002,3,2025-08-12,C,N,2025-08-12
1110,1110,C00080,1150,2022-10-14,C,N,2022-10-14
1111,1111,C00090,684,2024-03-25,C,N,2024-03-25
1112,1112,C00128,397,2023-01-20,C,N,2023-01-20
1113,1113,C00242,615,2024-08-21,O,N,2024-08-21
1114,1114,C00173,1698,2023-10-20,O,N,2023-10-20
1115,1115,C00043,1385,2025-07-14,C,N,2025-07-14
1116,1116,C00238,450,2022-02-16,O,N,2022-02-16
1117,1117,C00169,1598,2022-12-30,O,N,2022-12-30
1118,1118,C00219,1083,2024-01-20,O,N,2024-01-20
1119,1119,C00083,1165,2023-12-31,C,N,2023-12-31
1120,1120,C00245,675,2023-05-02,C,N,2023-05-02
1121,1121,C00005,47,2024-07-25,O,N,2024-07-25
1122,1122,C00218,424,2025-11-12,C,N,2025-11-12
1123,1123,C00159,25,2024-01-18,O,N,2024-01-18
1124,1124,C00022,1352,2026-01-09,C,N,2026-01-09
1125,1125,C00206,697,2024-06-11,C,N,2024-06-11
1126,1126,C00108,257,2025-04-05,C,N,2025-04-05
1127,1127,C00240,826,2023-10-20,C,N,2023-10-20
1128,1128,C00057,1645,2023-12-10,C,N,2023-12-10
1129,1129,C00129,1097,2023-08-25,O,N,2023-08-25
1130,1130,C00230,179,2022-09-24,O,N,2022-09-24
1131,1131,C00048,232,2025-09-05,C,N,2025-09-05
1132,1132,C00080,1530,2024-07-13,C,N,2024-07-13
1133,1133,C00015,276,2024-07-17,C,N,2024-07-17
1134,1134,C00060,389,2023-01-20,O,N,2023-01-20
1135,1135,C00141,335,2024-12-24,O,N,2024-12-24
1136,1136,C00125,614,2025-03-02,C,N,2025-03-02
1137,1137,C00120,1208,2024-09-06,C,N,2024-09-06
1138,1138,C00236,1579,2022-04-26,O,N,2022-04-26
1139,1139,C00030,1314,2025-06-21,O,N,2025-06-21
1140,1140,C00006,855,2024-01-30,C,N,2024-01-30
1141,1141,C00257,1503,2024-07-23,C,N,2024-07-23
1142,1142,C00123,1217,2023-08-04,C,N,2023-08-04
1143,1143,C00081,368,2024-02-02,C,N,2024-02-02
1144,1144,C00095,434,2023-12-20,C,N,2023-12-20
1145,1145,C00077,1280,2024-05-09,C,N,2024-05-09
1146,1146,C00195,982,2022-10-09,C,N,2022-10-09
1147,1147,C00106,425,2024-04-02,C,N,2024-04-02
1148,1148,C00186,886,2025-01-04,O,N,2025-01-04
1149,1149,C00079,342,2025-09-01,O,N,2025-09-01
1150,1150,C00122,1015,2022-08-16,O,N,2022-08-16
1151,1151,C00209,189,2023-04-12,C,N,2023-04-12
1152,1152,C00079,1100,2025-02-23,O,N,2025-02-23
1153,1153,C00110,430,2024-09-10,O,N,2024-09-10
1154,1154,C00259,1745,2024-06-13,O,N,2024-06-13
1155,1155,C00175,1596,2025-05-31,O,N,2025-05-31
1156,1156,C00139,1387,2023-04-02,C,N,2023-04-02
1157,1157,C00191,1567,2022-10-16,C,N,2022-10-16
1158,1158,C00266,1079,2023-06-01,C,N,2023-06-01
1159,1159,C00244,417,2024-05-27,C,N,2024-05-27
1160,1160,C00028,1460,2025-10-06,C,N,2025-10-06
1161,1161,C00107,772,2024-12-22,C,N,2024-12-22
1162,1162,C00086,251,2022-10-23,C,N,2022-10-23
1163,1163,C00177,943,2023-12-24,C,N,2023-12-24
1164,1164,C00059,653,2024-04-20,C,N,2024-04-20
1165,1165,C00016,306,2023-09-13,O,N,2023-09-13
1166,1166,C00210,1270,2022-11-21,C,N,2022-11-21
1167,1167,C00004,1600,2023-05-08,C,N,2023-05-08
1168,1168,C00093,463,2025-11-13,C,N,2025-11-13
1169,1169,C00063,55,2024-03-16,C,N,2024-03-16
1170,1170,C00200,415,2025-04-15,C,N,2025-04-15
1171,1171,C00065,1609,2023-07-23,C,N,2023-07-23
1172,1172,C00228,495,2023-04-19,O,N,2023-04-19
1173,1173,C00070,208,2025-12-30,C,N,2025-12-30
1174,1174,C00227,1430,2025-03-16,C,N,2025-03-16
1175,1175,C00218,629,2025-03-19,C,N,2025-03-19
1176,1176,C00199,1508,2025-01-05,C,N,2025-01-05
1177,1177,C00018,106,2025-03-22,C,N,2025-03-22
1178,1178,C00194,387,2022-06-02,O,N,2022-06-02
1179,1179,C00209,1060,2023-04-01,C,N,2023-04-01
1180,1180,C00022,845,2024-04-22,C,N,2024-04-22
1181,1181,C00187,1449,2023-10-02,O,N,2023-10-02
1182,1182,C00012,770,2022-08-16,C,Y,2022-08-16
1183,1183,C00262,1626,2023-06-03,C,N,2023-06-03
1184,1184,C00161,448,2022-12-10,C,Y,2022-12-10
1185,1185,C00097,1248,2022-02-18,C,N,2022-02-18
1186,1186,C00209,877,2025-05-08,C,N,2025-05-08
1187,1187,C00207,1327,2025-04-28,O,N,2025-04-28
1188,1188,C00216,1424,2022-05-11,C,N,2022-05-11
1189,1189,C00081,1718,2022-10-05,C,N,2022-10-05
1190,1190,C00205,671,2025-07-12,C,N,2025-07-12
1191,1191,C00224,1026,2023-11-18,C,N,2023-11-18
1192,1192,C00062,170,2023-03-15,C,N,2023-03-15
1193,1193,C00030,655,2022-07-25,C,N,2022-07-25
1194,1194,C00196,187,2023-12-20,C,N,2023-12-20
1195,1195,C00161,1329,2025-02-27,C,N,2025-02-27
1196,1196,C00046,1205,2022-05-10,C,N,2022-05-10
1197,1197,C00057,1045,2024-12-03,C,N,2024-12-03
1198,1198,C00020,613,2022-08-28,C,N,2022-08-28
1199,1199,C00243,83,2023-12-19,O,N,2023-12-19
1200,1200,C00131,357,2023-03-28,O,N,2023-03-28
1201,1201,C00135,1013,2025-05-17,C,N,2025-05-17
1202,1202,C00122,910,2024-01-16,C,Y,2024-01-16
1203,1203,C00015,331,2025-03-15,C,N,2025-03-15
1204,1204,C00211,1588,2023-02-23,C,N,2023-02-23
1205,1205,C00186,774,2025-06-02,C,N,2025-06-02
1206,1206,C00119,386,2025-04-27,O,N,2025-04-27
1207,1207,C00245,715,2023-04-16,C,N,2023-04-16
1208,1208,C00038,610,2023-10-26,O,N,2023-10-26
1209,1209,C00176,837,2023-02-16,C,N,2023-02-16
1210,1210,C00208,522,2025-02-02,C,N,2025-02-02
1211,1211,C00136,835,2024-03-06,O,N,2024-03-06
1212,1212,C00028,392,2023-07-08,C,N,2023-07-08
1213,1213,C00202,398,2024-01-02,C,N,2024-01-02
1214,1214,C00107,550,2025-11-04,C,N,2025-11-04
1215,1215,C00218,1641,2025-09-21,C,N,2025-09-21
1216,1216,C00079,1528,2022-11-23,C,N,2022-11-23
1217,1217,C00159,9,2023-06-27,O,N,2023-06-27
1218,1218,C00223,1276,2024-04-25,C,N,2024-04-25
1219,1219,C00080,748,2022-07-28,C,N,2022-07-28
1220,1220,C00171,1628,2023-01-28,C,N,2023-01-28
1221,1221,C00174,762,2025-02-26,C,N,2025-02-26
1222,1222,C00060,1076,2025-06-17,C,N,2025-06-17
1223,1223,C00137,754,2025-12-08,C,N,2025-12-08
1224,1224,C00262,290,2024-12-15,O,N,2024-12-15
1225,1225,C00198,497,2024-07-23,C,N,2024-07-23
1226,1226,C00142,225,2023-06-10,C,N,2023-06-10
1227,1227,C00174,1725,2022-05-06,O,N,2022-05-06
1228,1228,C00042,858,2025-01-30,C,N,2025-01-30
1229,1229,C00064,1606,2023-11-22,C,N,2023-11-22
1230,1230,C00014,1160,2025-01-07,C,N,2025-01-07
1231,1231,C00119,932,2023-08-23,C,Y,2023-08-23
1232,1232,C00242,1646,2022-12-26,C,N,2022-12-26
1233,1233,C00195,432,2023-01-18,O,N,2023-01-18
1234,1234,C00174,1175,2024-02-25,C,N,2024-02-25
1235,1235,C00193,736,2023-05-29,C,N,2023-05-29
1236,1236,C00222,1439,2022-11-13,C,N,2022-11-13
1237,1237,C00126,794,2024-11-18,C,N,2024-11-18
1238,1238,C00267,570,2024-07-31,O,N,2024-07-31
1239,1239,C00124,372,2022-06-04,C,Y,2022-06-04
1240,1240,C00035,1342,2022-10-22,C,N,2022-10-22
1241,1241,C00155,740,2024-02-18,O,N,2024-02-18
1242,1242,C00013,1033,2023-12-05,C,N,2023-12-05
1243,1243,C00231,1566,2025-07-15,C,N,2025-07-15
1244,1244,C00234,761,2022-04-24,O,N,2022-04-24
1245,1245,C00005,536,2022-12-02,O,N,2022-12-02
1246,1246,C00159,551,2025-05-03,C,N,2025-05-03
1247,1247,C00211,1450,2024-08-24,C,N,2024-08-24
1248,1248,C00030,1089,2025-10-16,C,N,2025-10-16
1249,1249,C00189,1518,2025-07-22,C,N,2025-07-22
1250,1250,C00105,1271,2025-10-10,C,N,2025-10-10
1251,1251,C00170,1250,2026-01-08,C,N,2026-01-08
1252,1252,C00049,1448,2025-03-21,C,N,2025-03-21
1253,1253,C00023,815,2023-08-18,C,N,2023-08-18
1254,1254,C00200,238,2023-06-30,C,N,2023-06-30
1255,1255,C00124,590,2024-09-16,O,N,2024-09-16
1256,1256,C00177,814,2024-10-16,C,Y,2024-10-16
1257,1257,C00231,291,2022-06-21,C,Y,2022-06-21
1258,1258,C00029,1034,2024-04-08,C,N,2024-04-08
1259,1259,C00110,825,2023-02-07,C,N,2023-02-07
1260,1260,C00215,1664,2022-09-29,C,N,2022-09-29
1261,1261,C00119,1757,2023-10-03,C,N,2023-10-03
1262,1262,C00245,870,2024-10-12,C,N,2024-10-12
1263,1263,C00081,1322,2024-11-29,C,N,2024-11-29
1264,1264,C00061,7,2023-07-11,C,N,2023-07-11
1265,1265,C00164,818,2023-04-24,C,N,2023-04-24
1266,1266,C00043,856,2023-11-21,O,N,2023-11-21
1267,1267,C00132,608,2025-09-24,C,N,2025-09-24
1268,1268,C00116,739,2022-07-24,O,N,2022-07-24
1269,1269,C00219,1117,2023-08-07,C,N,2023-08-07
1270,1270,C00144,313,2023-11-14,C,N,2023-11-14
1271,1271,C00128,926,2022-02-25,O,N,2022-02-25
1272,1272,C00218,1531,2023-01-23,O,N,2023-01-23
1273,1273,C00027,1603,2026-01-22,C,N,2026-01-22
1274,1274,C00145,1783,2023-12-17,C,N,2023-12-17
1275,1275,C00057,1756,2024-04-12,O,N,2024-04-12
1276,1276,C00090,20,2025-07-27,C,N,2025-07-27
1277,1277,C00020,1570,2025-03-12,C,N,2025-03-12
1278,1278,C00004,171,2023-02-03,C,N,2023-02-03
1279,1279,C00172,1422,2025-11-07,O,N,2025-11-07
1280,1280,C00028,1192,2022-08-03,O,N,2022-08-03
1281,1281,C00227,1795,2024-02-29,C,N,2024-02-29
1282,1282,C00127,1790,2022-10-05,C,N,2022-10-05
1283,1283,C00026,787,2024-11-20,C,N,2024-11-20
1284,1284,C00185,1368,2023-06-02,C,N,2023-06-02
1285,1285,C00190,747,2022-06-09,C,N,2022-06-09
1286,1286,C00260,1253,2025-10-09,C,N,2025-10-09
1287,1287,C00219,538,2025-12-13,C,Y,2025-12-13
1288,1288,C00182,719,2024-08-25,C,N,2024-08-25
1289,1289,C00065,78,2024-11-23,C,N,2024-11-23
1290,1290,C00203,1055,2024-06-25,C,N,2024-06-25
1291,1291,C00022,309,2024-03-11,C,N,2024-03-11
1292,1292,C00086,99,2023-04-03,O,N,2023-04-03
1293,1293,C00248,1176,2024-07-11,C,N,2024-07-11
1294,1294,C00266,50,2022-12-26,C,N,2022-12-26
1295,1295,C00138,920,2025-08-10,O,N,2025-08-10
1296,1296,C00036,461,2023-04-05,O,N,2023-04-05
1297,1297,C00265,1755,2024-11-13,C,N,2024-11-13
1298,1298,C00048,1506,2023-12-16,O,N,2023-12-16
1299,1299,C00046,1505,2025-07-28,C,N,2025-07-28
1300,1300,C00036,960,2023-11-29,C,N,2023-11-29
1301,1301,C00221,961,2024-02-20,C,N,2024-02-20
1302,1302,C00031,1346,2024-10-14,C,N,2024-10-14
1303,1303,C00196,1674,2024-09-24,C,N,2024-09-24
1304,1304,C00065,452,2025-01-01,C,N,2025-01-01
1305,1305,C00104,400,2026-01-24,C,N,2026-01-24
1306,1306,C00258,1479,2023-08-17,C,N,2023-08-17
1307,1307,C00268,1266,2025-10-03,C,N,2025-10-03
1308,1308,C00219,1452,2025-01-15,C,N,2025-01-15
1309,1309,C00085,355,2025-03-20,C,N,2025-03-20
1310,1310,C00230,700,2024-02-17,C,N,2024-02-17
1311,1311,C00212,101,2022-04-04,C,N,2022-04-04
1312,1312,C00155,241,2025-02-22,O,N,2025-02-22
1313,1313,C00070,1340,2023-04-13,C,N,2023-04-13
1314,1314,C00077,777,2025-11-03,O,N,2025-11-03
1315,1315,C00015,1058,2024-11-10,C,N,2024-11-10
1316,1316,C00148,885,2022-09-24,C,N,2022-09-24
1317,1317,C00126,63,2023-05-20,C,N,2023-05-20
1318,1318,C00128,853,2023-12-25,O,N,2023-12-25
1319,1319,C00199,239,2022-11-08,O,N,2022-11-08
1320,1320,C00200,846,2023-05-15,C,N,2023-05-15
1321,1321,C00208,379,2022-10-01,C,N,2022-10-01
1322,1322,C00199,1428,2025-08-11,C,N,2025-08-11
1323,1323,C00029,1383,2025-11-17,C,N,2025-11-17
1324,1324,C00136,866,2024-07-30,C,N,2024-07-30
1325,1325,C00074,1694,2022-08-19,C,N,2022-08-19
1326,1326,C00140,11,2024-06-16,C,N,2024-06-16
1327,1327,C00141,1027,2025-10-09,O,N,2025-10-09
1328,1328,C00114,934,2024-12-04,C,N,2024-12-04
1329,1329,C00223,636,2022-04-17,C,N,2022-04-17
1330,1330,C00265,1147,2023-12-04,O,N,2023-12-04
1331,1331,C00036,911,2024-09-09,O,N,2024-09-09
1332,1332,C00198,784,2023-11-17,C,N,2023-11-17
1333,1333,C00108,472,2022-09-08,C,N,2022-09-08
1334,1334,C00131,791,2025-08-15,C,N,2025-08-15
1335,1335,C00073,1437,2025-02-14,C,N,2025-02-14
1336,1336,C00262,801,2022-06-02,C,N,2022-06-02
1337,1337,C00146,390,2024-11-23,C,N,2024-11-23
1338,1338,C00076,1736,2023-06-21,C,N,2023-06-21
1339,1339,C00260,535,2025-09-06,C,N,2025-09-06
1340,1340,C00025,938,2022-04-06,O,N,2022-04-06
1341,1341,C00005,1149,2022-05-08,O,N,2022-05-08
1342,1342,C00144,1291,2022-07-13,C,N,2022-07-13
1343,1343,C00198,1294,2023-09-18,C,N,2023-09-18
1344,1344,C00062,1268,2023-12-11,C,N,2023-12-11
1345,1345,C00258,798,2022-07-15,C,N,2022-07-15
1346,1346,C00207,456,2023-12-10,C,N,2023-12-10
1347,1347,C00208,914,2023-11-15,O,N,2023-11-15
1348,1348,C00052,264,2024-06-09,C,N,2024-06-09
1349,1349,C00011,1525,2026-01-19,C,N,2026-01-19
1350,1350,C00007,634,2023-09-25,C,N,2023-09-25
1351,1351,C00088,1129,2022-06-04,C,N,2022-06-04
1352,1352,C00059,1293,2024-03-07,C,N,2024-03-07
1353,1353,C00014,414,2023-12-22,C,N,2023-12-22
1354,1354,C00217,269,2023-01-31,C,N,2023-01-31
1355,1355,C00138,828,2025-10-28,C,N,2025-10-28
1356,1356,C00186,1203,2022-08-23,O,N,2022-08-23
1357,1357,C00011,1485,2023-01-02,C,N,2023-01-02
1358,1358,C00245,263,2022-08-19,C,N,2022-08-19
1359,1359,C00078,1733,2023-09-15,O,N,2023-09-15
1360,1360,C00149,591,2025-06-19,O,N,2025-06-19
1361,1361,C00237,119,2022-11-08,C,N,2022-11-08
1362,1362,C00240,1298,2025-11-20,O,N,2025-11-20
1363,1363,C00093,702,2024-02-07,C,N,2024-02-07
1364,1364,C00139,1279,2022-04-30,C,N,2022-04-30
1365,1365,C00212,1502,2025-09-05,O,N,2025-09-05
1366,1366,C00189,1682,2025-07-02,C,N,2025-07-02
1367,1367,C00170,616,2025-08-06,C,N,2025-08-06
1368,1368,C00215,17,2025-08-01,C,N,2025-08-01
1369,1369,C00045,1243,2022-12-02,C,N,2022-12-02
1370,1370,C00254,537,2023-12-28,C,N,2023-12-28
1371,1371,C00165,619,2022-10-18,C,N,2022-10-18
1372,1372,C00185,1126,2023-07-16,C,N,2023-07-16
1373,1373,C00011,1621,2023-07-31,O,N,2023-07-31
1374,1374,C00117,882,2023-12-16,C,N,2023-12-16
1375,1375,C00100,382,2023-11-23,C,N,2023-11-23
1376,1376,C00020,1262,2023-07-29,O,N,2023-07-29
1377,1377,C00158,1586,2025-07-13,C,N,2025-07-13
1378,1378,C00098,230,2022-04-01,O,N,2022-04-01
1379,1379,C00138,991,2024-08-08,O,N,2024-08-08
1380,1380,C00258,435,2023-09-17,C,N,2023-09-17
1381,1381,C00152,967,2022-05-03,C,N,2022-05-03
1382,1382,C00072,1509,2025-09-30,C,N,2025-09-30
1383,1383,C00112,138,2022-02-05,C,N,2022-02-05
1384,1384,C00127,1408,2023-03-19,O,N,2023-03-19
1385,1385,C00057,597,2023-10-03,C,N,2023-10-03
1386,1386,C00132,82,2023-10-31,C,N,2023-10-31
1387,1387,C00246,1649,2025-07-02,C,N,2025-07-02
1388,1388,C00220,707,2023-11-08,C,N,2023-11-08
1389,1389,C00196,644,2023-04-11,C,N,2023-04-11
1390,1390,C00155,166,2025-12-17,C,N,2025-12-17
1391,1391,C00173,66,2024-07-14,C,N,2024-07-14
1392,1392,C00089,612,2023-04-02,C,N,2023-04-02
1393,1393,C00080,1399,2025-08-30,C,N,2025-08-30
1394,1394,C00027,178,2025-03-20,C,N,2025-03-20
1395,1395,C00166,1113,2024-06-26,C,N,2024-06-26
1396,1396,C00202,110,2022-11-13,C,N,2022-11-13
1397,1397,C00059,1585,2025-07-14,C,N,2025-07-14
1398,1398,C00010,279,2024-03-20,C,N,2024-03-20
1399,1399,C00154,260,2024-06-02,C,Y,2024-06-02
1400,1400,C00066,1394,2022-05-19,C,N,2022-05-19
1401,1401,C00008,1043,2023-06-30,C,N,2023-06-30
1402,1402,C00211,946,2025-02-15,C,N,2025-02-15
1403,1403,C00181,1398,2024-08-05,O,N,2024-08-05
1404,1404,C00204,90,2022-03-10,C,N,2022-03-10
1405,1405,C00091,1436,2026-01-15,C,N,2026-01-15
1406,1406,C00159,427,2022-03-18,C,N,2022-03-18
1407,1407,C00268,1075,2025-11-15,C,N,2025-11-15
1408,1408,C00075,1112,2023-08-16,C,N,2023-08-16
1409,1409,C00010,579,2023-12-14,C,N,2023-12-14
1410,1410,C00121,1638,2025-01-17,C,N,2025-01-17
1411,1411,C00045,1636,2022-09-06,C,N,2022-09-06
1412,1412,C00082,833,2022-06-27,C,N,2022-06-27
1413,1413,C00102,1433,2025-05-07,C,N,2025-05-07
1414,1414,C00248,891,2026-01-28,O,N,2026-01-28
1415,1415,C00072,566,2024-05-05,O,N,2024-05-05
1416,1416,C00222,827,2023-10-11,C,N,2023-10-11
1417,1417,C00052,678,2022-12-30,C,N,2022-12-30
1418,1418,C00241,1624,2025-08-30,O,N,2025-08-30
1419,1419,C00003,862,2023-05-06,C,N,2023-05-06
1420,1420,C00032,677,2023-06-16,O,N,2023-06-16
1421,1421,C00028,660,2022-10-18,O,N,2022-10-18
1422,1422,C00191,381,2023-02-06,C,N,2023-02-06
1423,1423,C00022,146,2023-08-19,C,N,2023-08-19
1424,1424,C00170,529,2024-06-13,C,N,2024-06-13
1425,1425,C00084,1151,2025-01-15,C,N,2025-01-15
1426,1426,C00200,1309,2026-01-01,O,N,2026-01-01
1427,1427,C00222,307,2024-10-07,C,N,2024-10-07
1428,1428,C00088,1059,2022-09-18,C,N,2022-09-18
1429,1429,C00213,177,2024-03-23,C,N,2024-03-23
1430,1430,C00012,1519,2024-06-11,C,N,2024-06-11
1431,1431,C00036,1494,2025-01-15,C,N,2025-01-15
1432,1432,C00160,377,2022-05-23,C,N,2022-05-23
1433,1433,C00234,1041,2022-12-25,O,N,2022-12-25
1434,1434,C00099,446,2023-09-12,C,N,2023-09-12
1435,1435,C00188,1199,2025-11-10,O,N,2025-11-10
1436,1436,C00241,303,2022-06-20,C,N,2022-06-20
1437,1437,C00174,1407,2025-02-24,C,N,2025-02-24
1438,1438,C00231,1296,2025-01-02,C,N,2025-01-02
1439,1439,C00013,1754,2023-02-25,C,N,2023-02-25
1440,1440,C00136,1462,2023-06-27,O,N,2023-06-27
1441,1441,C00201,1098,2023-06-25,C,N,2023-06-25
1442,1442,C00153,896,2025-01-27,C,N,2025-01-27
1443,1443,C00231,1714,2023-05-31,C,N,2023-05-31
1444,1444,C00146,1254,2023-05-27,O,N,2023-05-27
1445,1445,C00194,1581,2024-08-13,C,N,2024-08-13
1446,1446,C00193,318,2024-07-02,C,N,2024-07-02
1447,1447,C00202,980,2024-09-17,C,N,2024-09-17
1448,1448,C00187,931,2023-07-08,C,N,2023-07-08
1449,1449,C00053,401,2024-08-05,C,N,2024-08-05
1450,1450,C00112,1707,2023-05-29,C,N,2023-05-29
1451,1451,C00017,723,2023-08-10,C,N,2023-08-10
1452,1452,C00146,1775,2022-10-08,O,N,2022-10-08
1453,1453,C00074,506,2023-01-20,C,N,2023-01-20
1454,1454,C00117,581,2024-05-07,C,N,2024-05-07
1455,1455,C00035,1676,2022-03-07,O,N,2022-03-07
1456,1456,C00070,1012,2025-04-29,C,N,2025-04-29
1457,1457,C00181,1078,2022-11-20,C,N,2022-11-20
1458,1458,C00027,505,2025-07-28,C,N,2025-07-28
1459,1459,C00124,880,2025-05-12,O,N,2025-05-12
1460,1460,C00122,103,2025-05-11,O,N,2025-05-11
1461,1461,C00220,431,2022-07-26,C,N,2022-07-26
1462,1462,C00111,91,2022-07-13,C,N,2022-07-13
1463,1463,C00004,1800,2022-12-27,C,N,2022-12-27
1464,1464,C00012,800,2024-01-11,C,N,2024-01-11
1465,1465,C00012,38,2024-06-03,C,N,2024-06-03
1466,1466,C00033,620,2023-04-02,C,N,2023-04-02
1467,1467,C00161,1656,2024-08-24,C,Y,2024-08-24
1468,1468,C00064,1022,2023-06-29,C,N,2023-06-29
1469,1469,C00174,1529,2023-03-25,C,N,2023-03-25
1470,1470,C00144,1723,2022-06-05,C,N,2022-06-05
1471,1471,C00205,193,2023-08-22,C,N,2023-08-22
1472,1472,C00191,958,2023-09-27,C,N,2023-09-27
1473,1473,C00174,234,2024-04-19,O,N,2024-04-19
1474,1474,C00056,31,2023-10-02,C,N,2023-10-02
1475,1475,C00065,1180,2024-08-11,C,N,2024-08-11
1476,1476,C00235,542,2022-07-07,C,N,2022-07-07
1477,1477,C00164,347,2023-05-02,C,N,2023-05-02
1478,1478,C00006,1451,2025-08-29,O,N,2025-08-29
1479,1479,C00040,1166,2023-02-26,C,N,2023-02-26
1480,1480,C00034,917,2024-10-29,C,N,2024-10-29
1481,1481,C00018,626,2023-10-11,C,N,2023-10-11
1482,1482,C00229,1153,2025-04-16,C,N,2025-04-16
1483,1483,C00261,1378,2025-07-14,C,N,2025-07-14
1484,1484,C00214,1639,2025-11-22,O,N,2025-11-22
1485,1485,C00177,1445,2024-05-20,C,N,2024-05-20
1486,1486,C00246,1515,2025-05-29,C,N,2025-05-29
1487,1487,C00062,161,2023-01-27,C,N,2023-01-27
1488,1488,C00104,1561,2025-12-17,C,N,2025-12-17
1489,1489,C00143,410,2025-04-23,C,N,2025-04-23
1490,1490,C00221,1042,2025-03-15,C,N,2025-03-15
1491,1491,C00099,1090,2022-03-02,C,N,2022-03-02
1492,1492,C00239,352,2023-10-25,O,N,2023-10-25
1493,1493,C00029,1222,2022-03-27,O,N,2022-03-27
1494,1494,C00249,1411,2023-04-26,C,N,2023-04-26
1495,1495,C00159,1032,2023-05-29,C,N,2023-05-29
1496,1496,C00227,391,2025-05-22,C,N,2025-05-22
1497,1497,C00232,348,2025-12-19,O,N,2025-12-19
1498,1498,C00172,1595,2023-01-13,O,N,2023-01-13
1499,1499,C00149,1691,2022-11-30,O,N,2022-11-30
1500,1500,C00263,1067,2025-03-12,C,N,2025-03-12
