ticket_id,tag
1,plataforma
1,troca
1,senha
1,atraso
2,pagamento
2,cancelamento
3,acesso
3,urgente
4,suporte_técnico
4,login
4,cancelamento
5,pagamento
6,contrato
7,acesso
7,urgente
8,nota_fiscal
8,pagamento
9,senha
9,erro_sistema
9,pagamento
9,devolução
10,troca
10,suporte_técnico
10,erro_sistema
10,digital
11,material_danificado
12,entrega
12,senha
13,atraso
13,falta_material
13,erro_sistema
13,login
14,atraso
14,falta_material
14,login
14,suporte_técnico
15,login
15,nota_fiscal
15,devolução
16,devolução
16,cancelamento
16,entrega
17,pagamento
17,urgente
18,login
18,plataforma
18,acesso
19,pagamento
20,atraso
20,nota_fiscal
20,digital
21,atraso
22,contrato
22,falta_material
22,login
22,digital
23,erro_sistema
24,contrato
25,entrega
25,boleto
26,login
26,acesso
27,financeiro
27,nota_fiscal
27,devolução
28,troca
28,erro_sistema
29,senha
29,pagamento
29,cancelamento
30,nota_fiscal
30,devolução
30,login
31,nota_fiscal
32,entrega
32,digital
32,troca
32,login
33,atraso
33,contrato
33,falta_material
33,digital
34,urgente
34,atraso
34,digital
34,acesso
35,material_danificado
36,entrega
37,boleto
38,material_danificado
39,plataforma
39,nota_fiscal
40,nota_fiscal
40,devolução
41,login
42,digital
42,devolução
42,entrega
42,plataforma
43,cancelamento
43,devolução
43,erro_sistema
44,plataforma
45,entrega
45,plataforma
46,cancelamento
47,material_danificado
48,suporte_técnico
48,nota_fiscal
48,devolução
49,falta_material
50,acesso
51,material_danificado
52,contrato
52,entrega
53,boleto
53,senha
53,acesso
53,entrega
54,cancelamento
54,troca
54,devolução
55,senha
56,financeiro
57,nota_fiscal
57,troca
57,acesso
58,entrega
58,erro_sistema
58,falta_material
58,login
59,urgente
59,cancelamento
60,erro_sistema
61,nota_fiscal
61,contrato
61,material_danificado
62,financeiro
62,boleto
62,suporte_técnico
63,boleto
63,login
63,suporte_técnico
64,atraso
65,entrega
66,pagamento
66,senha
67,pagamento
67,erro_sistema
67,atraso
68,suporte_técnico
68,cancelamento
69,devolução
69,acesso
69,pagamento
70,erro_sistema
70,nota_fiscal
71,suporte_técnico
71,entrega
71,pagamento
71,troca
72,financeiro
72,urgente
73,urgente
73,pagamento
73,entrega
73,login
74,cancelamento
74,digital
75,erro_sistema
76,pagamento
77,senha
77,erro_sistema
77,contrato
78,pagamento
79,falta_material
80,material_danificado
80,entrega
81,erro_sistema
82,login
82,senha
83,entrega
83,suporte_técnico
83,pagamento
84,urgente
84,nota_fiscal
84,entrega
85,suporte_técnico
86,login
86,devolução
86,senha
87,devolução
87,contrato
88,atraso
88,nota_fiscal
89,atraso
89,material_danificado
90,digital
90,entrega
91,boleto
92,pagamento
92,contrato
92,troca
92,acesso
93,entrega
93,material_danificado
93,falta_material
93,acesso
94,suporte_técnico
94,cancelamento
94,acesso
95,entrega
95,contrato
96,digital
97,entrega
97,nota_fiscal
97,digital
98,pagamento
98,atraso
98,entrega
98,devolução
99,material_danificado
99,acesso
99,boleto
100,financeiro
100,pagamento
100,cancelamento
100,troca
101,pagamento
101,nota_fiscal
101,boleto
102,cancelamento
102,nota_fiscal
102,entrega
103,erro_sistema
103,senha
103,plataforma
104,contrato
104,senha
105,financeiro
106,login
106,suporte_técnico
106,pagamento
107,troca
107,boleto
107,contrato
107,material_danificado
108,boleto
108,atraso
108,nota_fiscal
108,erro_sistema
109,cancelamento
109,login
109,troca
110,boleto
110,financeiro
111,falta_material
111,atraso
111,senha
111,entrega
112,contrato
112,erro_sistema
113,erro_sistema
113,devolução
113,login
113,pagamento
114,acesso
114,entrega
115,erro_sistema
116,material_danificado
116,acesso
117,boleto
117,contrato
117,login
117,digital
118,material_danificado
118,urgente
119,troca
119,senha
119,suporte_técnico
119,plataforma
120,atraso
120,senha
120,devolução
120,erro_sistema
121,plataforma
121,devolução
121,urgente
122,devolução
122,falta_material
122,entrega
123,cancelamento
123,urgente
124,financeiro
124,boleto
125,atraso
125,senha
125,material_danificado
125,financeiro
126,troca
126,financeiro
126,pagamento
126,senha
127,acesso
127,atraso
127,nota_fiscal
128,contrato
129,cancelamento
129,urgente
129,plataforma
130,falta_material
131,material_danificado
131,erro_sistema
132,material_danificado
132,suporte_técnico
133,cancelamento
133,suporte_técnico
133,entrega
134,nota_fiscal
134,plataforma
134,contrato
135,devolução
135,falta_material
135,erro_sistema
136,acesso
136,financeiro
136,suporte_técnico
136,login
137,urgente
137,login
137,suporte_técnico
137,falta_material
138,falta_material
138,suporte_técnico
138,devolução
139,boleto
139,cancelamento
139,entrega
139,plataforma
140,troca
141,pagamento
141,devolução
142,entrega
142,contrato
143,material_danificado
144,material_danificado
144,erro_sistema
145,devolução
145,plataforma
145,atraso
146,financeiro
146,login
146,falta_material
146,senha
147,senha
147,devolução
147,login
147,falta_material
148,falta_material
148,pagamento
148,material_danificado
149,cancelamento
150,devolução
150,nota_fiscal
150,suporte_técnico
150,login
151,digital
151,plataforma
151,material_danificado
152,erro_sistema
152,entrega
152,pagamento
153,urgente
153,contrato
154,cancelamento
154,acesso
154,atraso
154,pagamento
155,falta_material
156,nota_fiscal
156,urgente
157,atraso
157,falta_material
157,boleto
158,falta_material
158,cancelamento
159,material_danificado
159,suporte_técnico
159,erro_sistema
160,financeiro
160,urgente
161,acesso
161,digital
161,cancelamento
162,atraso
163,plataforma
163,senha
163,falta_material
163,atraso
164,cancelamento
164,devolução
164,login
164,boleto
165,troca
165,login
165,boleto
166,boleto
166,digital
166,material_danificado
166,atraso
167,falta_material
168,boleto
168,entrega
168,acesso
168,plataforma
169,entrega
169,plataforma
170,troca
171,troca
171,acesso
171,cancelamento
171,entrega
172,cancelamento
173,financeiro
173,material_danificado
173,cancelamento
174,falta_material
174,cancelamento
174,urgente
175,cancelamento
175,boleto
176,boleto
176,devolução
176,financeiro
176,atraso
177,suporte_técnico
177,plataforma
178,devolução
178,cancelamento
179,financeiro
179,atraso
179,pagamento
179,login
180,contrato
180,boleto
181,material_danificado
181,senha
181,atraso
182,erro_sistema
183,financeiro
183,erro_sistema
184,devolução
184,acesso
185,plataforma
186,plataforma
187,falta_material
188,senha
188,pagamento
188,material_danificado
188,cancelamento
189,nota_fiscal
189,digital
189,suporte_técnico
190,pagamento
190,financeiro
190,digital
190,plataforma
191,financeiro
192,devolução
192,acesso
192,falta_material
193,devolução
193,entrega
193,contrato
194,nota_fiscal
195,nota_fiscal
196,troca
196,financeiro
196,login
196,digital
197,boleto
197,plataforma
197,erro_sistema
198,senha
198,login
198,nota_fiscal
199,falta_material
200,digital
200,contrato
200,material_danificado
201,suporte_técnico
201,cancelamento
202,plataforma
202,suporte_técnico
202,pagamento
202,nota_fiscal
203,urgente
203,suporte_técnico
203,material_danificado
203,falta_material
204,urgente
204,cancelamento
204,falta_material
204,nota_fiscal
205,troca
205,material_danificado
206,senha
206,login
206,plataforma
207,senha
207,urgente
207,material_danificado
208,financeiro
208,login
208,cancelamento
209,entrega
209,login
210,urgente
210,contrato
210,digital
211,entrega
211,login
211,contrato
211,erro_sistema
212,urgente
212,erro_sistema
213,falta_material
214,nota_fiscal
214,atraso
215,acesso
216,atraso
216,urgente
216,boleto
216,acesso
217,falta_material
217,suporte_técnico
217,boleto
218,digital
219,devolução
219,senha
219,material_danificado
220,entrega
221,contrato
221,cancelamento
221,acesso
222,atraso
222,financeiro
223,nota_fiscal
223,financeiro
223,devolução
224,boleto
224,troca
225,digital
225,material_danificado
225,suporte_técnico
225,cancelamento
226,erro_sistema
226,login
226,pagamento
227,cancelamento
227,senha
227,digital
228,material_danificado
228,login
229,digital
229,boleto
229,atraso
230,acesso
230,entrega
230,boleto
230,urgente
231,atraso
231,senha
232,financeiro
232,material_danificado
232,devolução
232,suporte_técnico
233,falta_material
234,cancelamento
234,nota_fiscal
234,digital
235,contrato
235,troca
235,cancelamento
235,acesso
236,acesso
237,urgente
238,atraso
238,erro_sistema
238,boleto
238,entrega
239,financeiro
239,atraso
240,pagamento
241,material_danificado
241,troca
241,devolução
241,erro_sistema
242,plataforma
243,pagamento
244,cancelamento
244,entrega
245,erro_sistema
245,boleto
245,pagamento
246,login
247,acesso
247,digital
247,plataforma
247,pagamento
248,nota_fiscal
248,pagamento
249,senha
249,plataforma
249,material_danificado
250,financeiro
251,pagamento
251,contrato
251,troca
251,acesso
252,atraso
252,boleto
252,pagamento
252,material_danificado
253,nota_fiscal
253,suporte_técnico
253,troca
254,suporte_técnico
255,suporte_técnico
256,senha
257,login
257,senha
257,cancelamento
257,financeiro
258,contrato
258,cancelamento
258,troca
258,boleto
259,digital
260,cancelamento
260,login
261,boleto
261,digital
261,pagamento
262,entrega
263,material_danificado
263,erro_sistema
263,acesso
264,suporte_técnico
264,login
265,senha
265,login
266,login
266,cancelamento
266,entrega
267,urgente
268,devolução
269,atraso
269,financeiro
270,boleto
270,erro_sistema
270,pagamento
270,suporte_técnico
271,plataforma
272,atraso
272,financeiro
272,material_danificado
272,troca
273,nota_fiscal
273,boleto
273,cancelamento
273,acesso
274,boleto
274,plataforma
274,troca
275,urgente
275,senha
275,suporte_técnico
276,plataforma
276,cancelamento
277,falta_material
277,urgente
277,troca
277,cancelamento
278,senha
278,suporte_técnico
278,pagamento
279,plataforma
279,atraso
280,senha
280,boleto
280,digital
281,troca
282,suporte_técnico
283,entrega
283,plataforma
283,nota_fiscal
284,cancelamento
284,pagamento
284,digital
284,acesso
285,erro_sistema
285,cancelamento
286,erro_sistema
287,acesso
287,entrega
287,pagamento
288,troca
288,digital
289,financeiro
289,acesso
290,atraso
290,login
290,financeiro
291,pagamento
291,material_danificado
291,plataforma
291,troca
292,cancelamento
293,boleto
293,devolução
293,plataforma
294,entrega
294,falta_material
294,acesso
295,plataforma
295,senha
295,digital
295,falta_material
296,acesso
296,urgente
297,acesso
298,suporte_técnico
298,material_danificado
298,financeiro
298,troca
299,pagamento
299,login
300,digital
300,contrato
300,cancelamento
301,troca
302,suporte_técnico
302,login
302,pagamento
302,troca
303,boleto
303,atraso
303,login
303,suporte_técnico
304,senha
304,erro_sistema
305,devolução
305,cancelamento
306,boleto
306,erro_sistema
307,cancelamento
307,suporte_técnico
307,material_danificado
308,nota_fiscal
308,contrato
308,suporte_técnico
308,entrega
309,falta_material
309,login
310,material_danificado
311,pagamento
311,suporte_técnico
312,suporte_técnico
313,acesso
313,plataforma
314,pagamento
314,boleto
314,plataforma
315,acesso
316,erro_sistema
317,boleto
317,financeiro
318,senha
318,atraso
319,senha
320,falta_material
320,entrega
320,cancelamento
321,cancelamento
321,financeiro
321,acesso
322,acesso
322,atraso
322,pagamento
323,pagamento
323,financeiro
323,nota_fiscal
324,pagamento
324,nota_fiscal
324,boleto
324,acesso
325,pagamento
325,acesso
326,pagamento
326,cancelamento
326,contrato
327,plataforma
328,falta_material
328,material_danificado
328,troca
328,devolução
329,acesso
329,suporte_técnico
329,pagamento
329,devolução
330,senha
331,erro_sistema
332,urgente
332,falta_material
332,nota_fiscal
333,suporte_técnico
333,erro_sistema
333,acesso
333,atraso
334,urgente
334,senha
334,material_danificado
334,pagamento
335,devolução
336,contrato
336,atraso
337,acesso
337,login
337,boleto
338,nota_fiscal
338,pagamento
339,plataforma
340,plataforma
340,devolução
340,senha
341,atraso
342,entrega
342,cancelamento
342,urgente
342,login
343,digital
343,cancelamento
343,acesso
344,nota_fiscal
344,plataforma
344,boleto
344,senha
345,acesso
345,contrato
345,boleto
345,senha
346,financeiro
346,devolução
346,acesso
346,troca
347,boleto
347,acesso
347,cancelamento
347,senha
348,atraso
349,acesso
349,nota_fiscal
349,senha
350,cancelamento
350,pagamento
351,atraso
351,cancelamento
351,nota_fiscal
352,boleto
353,urgente
354,urgente
355,senha
355,devolução
355,suporte_técnico
356,plataforma
357,senha
357,material_danificado
357,atraso
357,nota_fiscal
358,digital
358,cancelamento
358,falta_material
358,material_danificado
359,material_danificado
359,cancelamento
359,pagamento
359,troca
360,cancelamento
361,erro_sistema
361,plataforma
361,digital
361,financeiro
362,digital
362,financeiro
363,cancelamento
363,pagamento
364,login
364,digital
365,atraso
366,boleto
367,falta_material
367,cancelamento
367,digital
368,pagamento
369,urgente
370,nota_fiscal
370,atraso
371,financeiro
371,falta_material
371,troca
372,material_danificado
372,acesso
372,entrega
372,devolução
373,devolução
373,nota_fiscal
373,financeiro
374,entrega
374,falta_material
374,cancelamento
375,pagamento
376,digital
376,nota_fiscal
377,falta_material
377,troca
377,devolução
378,entrega
379,financeiro
379,suporte_técnico
380,acesso
380,entrega
380,nota_fiscal
381,devolução
381,plataforma
381,atraso
382,digital
383,troca
384,falta_material
384,digital
384,urgente
385,pagamento
386,plataforma
386,material_danificado
386,digital
387,contrato
387,material_danificado
387,devolução
388,troca
388,login
389,financeiro
390,senha
391,entrega
391,contrato
391,digital
392,suporte_técnico
393,falta_material
394,plataforma
394,pagamento
394,senha
395,troca
395,pagamento
395,plataforma
395,devolução
396,plataforma
397,contrato
397,plataforma
397,senha
398,suporte_técnico
398,atraso
398,senha
398,erro_sistema
399,plataforma
399,boleto
399,entrega
399,material_danificado
400,nota_fiscal
400,troca
401,digital
401,cancelamento
402,suporte_técnico
402,erro_sistema
403,devolução
403,material_danificado
403,pagamento
403,financeiro
404,senha
404,urgente
404,atraso
404,boleto
405,nota_fiscal
405,acesso
405,boleto
406,nota_fiscal
407,urgente
407,troca
408,digital
408,entrega
409,digital
409,atraso
410,atraso
410,erro_sistema
410,nota_fiscal
411,suporte_técnico
412,material_danificado
412,pagamento
412,digital
412,contrato
413,contrato
414,login
414,troca
414,falta_material
414,material_danificado
415,boleto
415,contrato
415,digital
416,erro_sistema
416,login
417,erro_sistema
417,nota_fiscal
417,plataforma
418,nota_fiscal
418,suporte_técnico
418,entrega
419,falta_material
420,entrega
420,material_danificado
420,nota_fiscal
421,plataforma
421,urgente
422,senha
422,acesso
422,contrato
422,atraso
423,entrega
423,troca
424,urgente
424,pagamento
425,troca
426,plataforma
426,cancelamento
426,contrato
426,atraso
427,acesso
427,contrato
428,atraso
428,financeiro
428,login
429,plataforma
429,devolução
430,digital
430,entrega
431,devolução
431,plataforma
431,suporte_técnico
431,material_danificado
432,nota_fiscal
432,atraso
432,pagamento
432,boleto
433,material_danificado
433,boleto
433,atraso
433,troca
434,entrega
435,contrato
435,boleto
435,troca
435,plataforma
436,financeiro
436,troca
436,erro_sistema
436,nota_fiscal
437,erro_sistema
437,cancelamento
438,troca
438,senha
439,entrega
439,cancelamento
439,login
440,material_danificado
440,contrato
440,entrega
441,falta_material
441,acesso
442,material_danificado
442,devolução
442,pagamento
443,falta_material
443,devolução
443,digital
443,atraso
444,login
445,pagamento
446,urgente
447,troca
447,acesso
447,digital
448,nota_fiscal
448,atraso
448,senha
449,login
449,erro_sistema
449,cancelamento
449,atraso
450,plataforma
450,nota_fiscal
451,cancelamento
451,pagamento
451,falta_material
451,erro_sistema
452,financeiro
453,cancelamento
453,erro_sistema
453,contrato
454,falta_material
454,erro_sistema
455,atraso
455,plataforma
455,financeiro
456,cancelamento
456,acesso
456,contrato
456,troca
457,atraso
457,urgente
458,boleto
458,atraso
459,senha
459,falta_material
459,entrega
460,contrato
460,nota_fiscal
460,financeiro
460,digital
461,troca
461,boleto
461,login
461,devolução
462,senha
463,contrato
464,senha
465,financeiro
466,suporte_técnico
466,erro_sistema
466,nota_fiscal
466,plataforma
467,digital
467,urgente
468,erro_sistema
468,atraso
468,contrato
469,plataforma
469,contrato
469,login
469,urgente
470,troca
471,digital
471,suporte_técnico
472,nota_fiscal
472,atraso
473,falta_material
474,digital
474,devolução
475,material_danificado
475,senha
475,digital
476,contrato
476,digital
477,acesso
478,contrato
478,suporte_técnico
478,urgente
478,falta_material
479,falta_material
480,suporte_técnico
480,boleto
480,nota_fiscal
480,pagamento
481,entrega
481,nota_fiscal
482,erro_sistema
483,plataforma
483,suporte_técnico
484,plataforma
484,urgente
484,acesso
484,financeiro
485,financeiro
485,pagamento
486,atraso
487,financeiro
487,senha
487,contrato
488,erro_sistema
488,senha
488,plataforma
489,erro_sistema
490,pagamento
490,material_danificado
490,digital
491,urgente
492,pagamento
493,atraso
493,acesso
494,boleto
495,financeiro
496,cancelamento
496,contrato
496,material_danificado
497,falta_material
497,troca
497,cancelamento
498,pagamento
498,cancelamento
499,pagamento
499,urgente
499,atraso
500,senha
500,atraso
501,troca
502,urgente
502,financeiro
502,senha
502,devolução
503,devolução
503,pagamento
503,atraso
503,plataforma
504,contrato
504,digital
504,urgente
504,plataforma
505,troca
505,boleto
505,contrato
506,devolução
506,material_danificado
507,login
508,pagamento
508,nota_fiscal
508,devolução
508,acesso
509,cancelamento
509,nota_fiscal
510,cancelamento
510,urgente
510,boleto
510,financeiro
511,devolução
511,entrega
511,contrato
512,senha
513,pagamento
513,senha
514,falta_material
514,erro_sistema
514,senha
514,cancelamento
515,suporte_técnico
515,boleto
515,senha
516,senha
516,material_danificado
516,contrato
516,entrega
517,suporte_técnico
518,suporte_técnico
518,material_danificado
518,entrega
519,falta_material
519,boleto
519,financeiro
520,nota_fiscal
521,troca
521,erro_sistema
521,urgente
522,erro_sistema
522,contrato
523,devolução
523,material_danificado
523,digital
523,erro_sistema
524,financeiro
524,senha
524,digital
524,acesso
525,material_danificado
525,devolução
525,falta_material
526,suporte_técnico
526,urgente
527,atraso
527,acesso
527,login
527,entrega
528,material_danificado
528,erro_sistema
529,entrega
529,contrato
529,erro_sistema
529,boleto
530,senha
531,falta_material
532,nota_fiscal
532,acesso
532,contrato
533,nota_fiscal
533,contrato
533,plataforma
534,boleto
535,suporte_técnico
535,urgente
535,boleto
535,login
536,atraso
537,cancelamento
538,atraso
539,suporte_técnico
540,boleto
540,atraso
540,erro_sistema
540,acesso
541,falta_material
541,financeiro
541,digital
542,troca
542,nota_fiscal
543,nota_fiscal
544,login
545,pagamento
545,acesso
546,atraso
546,entrega
546,urgente
547,erro_sistema
547,login
548,financeiro
548,urgente
548,acesso
549,suporte_técnico
549,login
550,cancelamento
550,suporte_técnico
550,nota_fiscal
550,atraso
551,digital
551,urgente
552,erro_sistema
552,troca
552,digital
553,acesso
553,boleto
553,financeiro
554,boleto
554,cancelamento
554,financeiro
555,financeiro
555,erro_sistema
555,suporte_técnico
555,digital
556,pagamento
556,digital
556,urgente
557,senha
557,contrato
557,pagamento
558,pagamento
558,digital
558,material_danificado
558,login
559,plataforma
559,falta_material
559,urgente
560,erro_sistema
561,digital
561,material_danificado
561,senha
561,contrato
562,financeiro
563,nota_fiscal
563,cancelamento
563,erro_sistema
564,acesso
565,troca
565,urgente
566,falta_material
567,plataforma
568,erro_sistema
568,digital
568,entrega
568,contrato
569,troca
569,material_danificado
570,cancelamento
570,senha
571,plataforma
571,senha
571,contrato
572,suporte_técnico
572,erro_sistema
572,atraso
572,devolução
573,atraso
573,digital
574,erro_sistema
575,login
575,erro_sistema
576,urgente
576,senha
576,cancelamento
576,falta_material
577,boleto
578,digital
579,entrega
579,erro_sistema
579,cancelamento
579,atraso
580,pagamento
580,erro_sistema
580,atraso
580,devolução
581,contrato
581,erro_sistema
582,contrato
582,atraso
582,suporte_técnico
583,nota_fiscal
584,financeiro
584,erro_sistema
584,falta_material
584,material_danificado
585,atraso
586,login
586,suporte_técnico
586,boleto
587,devolução
588,acesso
588,senha
588,plataforma
588,boleto
589,contrato
589,erro_sistema
589,digital
589,entrega
590,financeiro
590,senha
591,atraso
591,digital
591,falta_material
591,erro_sistema
592,senha
592,urgente
592,entrega
592,digital
593,plataforma
593,contrato
593,boleto
593,cancelamento
594,material_danificado
594,boleto
595,financeiro
595,login
595,atraso
596,entrega
596,contrato
596,login
597,plataforma
597,login
597,troca
597,falta_material
598,troca
598,devolução
598,cancelamento
599,suporte_técnico
599,digital
599,financeiro
600,devolução
601,acesso
601,login
601,material_danificado
602,urgente
603,cancelamento
604,boleto
604,contrato
604,devolução
605,devolução
605,suporte_técnico
605,plataforma
606,senha
606,entrega
606,boleto
607,senha
607,acesso
607,suporte_técnico
608,boleto
608,acesso
609,erro_sistema
609,senha
609,troca
610,login
610,urgente
610,senha
610,plataforma
611,digital
612,entrega
612,contrato
613,financeiro
613,troca
613,pagamento
613,devolução
614,material_danificado
615,devolução
615,falta_material
616,suporte_técnico
616,boleto
616,pagamento
616,senha
617,digital
617,cancelamento
618,entrega
618,financeiro
618,material_danificado
619,troca
619,material_danificado
619,digital
619,atraso
620,financeiro
620,pagamento
620,digital
621,plataforma
621,material_danificado
621,troca
622,plataforma
622,suporte_técnico
623,entrega
623,plataforma
624,entrega
624,login
624,urgente
624,boleto
625,troca
626,financeiro
626,nota_fiscal
626,suporte_técnico
626,plataforma
627,plataforma
628,troca
628,erro_sistema
628,pagamento
628,falta_material
629,nota_fiscal
630,digital
630,material_danificado
630,cancelamento
630,financeiro
631,plataforma
631,senha
632,cancelamento
633,nota_fiscal
634,suporte_técnico
634,acesso
634,boleto
634,urgente
635,troca
636,material_danificado
637,cancelamento
637,atraso
637,contrato
638,falta_material
639,suporte_técnico
639,atraso
640,nota_fiscal
641,atraso
641,suporte_técnico
642,atraso
642,falta_material
642,pagamento
642,devolução
643,urgente
644,digital
644,atraso
645,atraso
645,plataforma
645,devolução
646,troca
646,contrato
647,acesso
647,atraso
648,cancelamento
648,senha
648,financeiro
649,cancelamento
649,acesso
650,suporte_técnico
650,troca
651,nota_fiscal
652,pagamento
652,digital
652,financeiro
652,falta_material
653,devolução
654,acesso
654,plataforma
654,troca
654,boleto
655,troca
655,boleto
655,digital
655,devolução
656,urgente
656,boleto
656,nota_fiscal
657,contrato
658,plataforma
658,erro_sistema
658,contrato
659,falta_material
659,suporte_técnico
659,boleto
660,cancelamento
660,login
660,digital
661,plataforma
662,plataforma
662,material_danificado
663,urgente
663,digital
663,erro_sistema
664,financeiro
664,material_danificado
665,devolução
665,login
665,atraso
666,pagamento
667,entrega
667,urgente
667,falta_material
668,financeiro
668,acesso
669,falta_material
669,urgente
669,login
670,suporte_técnico
670,plataforma
671,troca
672,atraso
672,entrega
672,cancelamento
673,login
674,digital
674,material_danificado
674,contrato
674,boleto
675,acesso
675,login
676,plataforma
676,falta_material
677,plataforma
677,digital
677,pagamento
677,devolução
678,urgente
678,boleto
678,login
679,acesso
679,erro_sistema
679,nota_fiscal
679,plataforma
680,boleto
680,plataforma
680,material_danificado
680,atraso
681,cancelamento
681,falta_material
682,financeiro
683,erro_sistema
683,contrato
684,entrega
684,suporte_técnico
685,digital
685,contrato
685,devolução
685,acesso
686,boleto
687,troca
688,login
688,financeiro
689,cancelamento
689,falta_material
690,urgente
690,financeiro
691,erro_sistema
691,atraso
691,senha
691,contrato
692,urgente
692,contrato
692,login
692,troca
693,entrega
693,material_danificado
693,troca
694,falta_material
694,pagamento
694,contrato
694,acesso
695,senha
695,falta_material
695,urgente
696,pagamento
696,material_danificado
696,digital
697,devolução
697,nota_fiscal
698,login
699,falta_material
699,material_danificado
700,pagamento
700,cancelamento
701,financeiro
702,material_danificado
702,contrato
702,nota_fiscal
703,erro_sistema
703,nota_fiscal
703,entrega
703,troca
704,financeiro
704,suporte_técnico
705,pagamento
706,financeiro
706,acesso
706,troca
707,erro_sistema
707,contrato
707,material_danificado
707,senha
708,senha
709,erro_sistema
709,suporte_técnico
710,nota_fiscal
710,erro_sistema
711,boleto
711,digital
712,atraso
712,nota_fiscal
713,suporte_técnico
714,contrato
714,boleto
714,pagamento
714,acesso
715,troca
716,nota_fiscal
716,erro_sistema
716,falta_material
716,troca
717,erro_sistema
717,suporte_técnico
718,falta_material
719,urgente
720,acesso
721,urgente
721,suporte_técnico
721,erro_sistema
721,nota_fiscal
722,material_danificado
722,login
723,atraso
723,plataforma
723,devolução
723,senha
724,digital
724,login
724,acesso
725,boleto
725,entrega
726,acesso
726,plataforma
726,entrega
726,financeiro
727,troca
727,acesso
728,nota_fiscal
728,suporte_técnico
729,falta_material
729,financeiro
730,falta_material
730,urgente
730,suporte_técnico
730,erro_sistema
731,plataforma
731,suporte_técnico
731,nota_fiscal
732,devolução
732,acesso
732,falta_material
733,atraso
733,boleto
733,urgente
734,erro_sistema
734,urgente
734,pagamento
734,login
735,financeiro
735,digital
736,login
736,troca
737,entrega
737,boleto
737,financeiro
738,digital
739,digital
739,urgente
740,contrato
740,suporte_técnico
741,senha
741,erro_sistema
741,plataforma
741,material_danificado
742,entrega
743,senha
744,cancelamento
744,erro_sistema
744,contrato
744,plataforma
745,contrato
745,acesso
745,urgente
745,devolução
746,entrega
746,atraso
747,falta_material
747,atraso
747,suporte_técnico
747,cancelamento
748,contrato
748,boleto
748,material_danificado
749,atraso
749,pagamento
749,devolução
750,urgente
750,atraso
751,troca
751,falta_material
752,devolução
752,nota_fiscal
753,urgente
753,suporte_técnico
753,financeiro
753,cancelamento
754,cancelamento
754,material_danificado
754,suporte_técnico
754,pagamento
755,contrato
755,login
755,digital
755,boleto
756,pagamento
757,troca
757,senha
758,pagamento
758,troca
759,troca
759,acesso
759,financeiro
760,cancelamento
761,falta_material
761,plataforma
761,atraso
762,contrato
762,cancelamento
763,devolução
764,suporte_técnico
765,troca
765,cancelamento
766,troca
766,pagamento
767,senha
768,digital
768,atraso
768,financeiro
769,nota_fiscal
770,acesso
771,acesso
771,nota_fiscal
772,digital
772,senha
772,material_danificado
773,material_danificado
773,plataforma
773,falta_material
773,login
774,digital
775,atraso
776,suporte_técnico
777,digital
777,login
777,senha
777,financeiro
778,cancelamento
778,nota_fiscal
778,material_danificado
778,troca
779,falta_material
779,material_danificado
779,acesso
779,digital
780,entrega
780,senha
781,devolução
781,troca
781,plataforma
782,login
782,digital
782,nota_fiscal
783,contrato
784,plataforma
784,devolução
785,devolução
785,material_danificado
785,digital
785,cancelamento
786,entrega
786,contrato
787,plataforma
787,pagamento
788,suporte_técnico
788,troca
788,boleto
789,senha
789,entrega
789,atraso
789,plataforma
790,contrato
791,troca
791,falta_material
791,erro_sistema
791,pagamento
792,erro_sistema
792,suporte_técnico
793,nota_fiscal
793,pagamento
793,devolução
793,financeiro
794,senha
794,suporte_técnico
795,pagamento
796,digital
796,material_danificado
797,acesso
797,login
797,nota_fiscal
798,login
798,atraso
799,cancelamento
799,material_danificado
799,contrato
800,senha
800,suporte_técnico
800,material_danificado
800,financeiro
801,urgente
801,atraso
802,suporte_técnico
802,nota_fiscal
802,contrato
803,falta_material
804,financeiro
805,login
805,urgente
805,cancelamento
805,digital
806,financeiro
806,suporte_técnico
807,senha
808,digital
808,urgente
808,contrato
809,pagamento
809,nota_fiscal
809,boleto
809,erro_sistema
810,entrega
810,troca
810,boleto
810,plataforma
811,acesso
811,entrega
811,plataforma
811,suporte_técnico
812,cancelamento
812,nota_fiscal
812,digital
812,atraso
813,material_danificado
813,devolução
813,boleto
814,acesso
814,atraso
814,troca
815,suporte_técnico
815,senha
815,atraso
816,urgente
816,entrega
816,falta_material
817,nota_fiscal
817,acesso
817,suporte_técnico
818,nota_fiscal
818,atraso
818,pagamento
819,senha
819,material_danificado
819,atraso
820,cancelamento
820,falta_material
821,suporte_técnico
822,nota_fiscal
822,atraso
822,erro_sistema
822,material_danificado
823,troca
824,troca
824,falta_material
825,entrega
825,acesso
826,urgente
826,cancelamento
827,erro_sistema
828,suporte_técnico
829,login
830,login
830,entrega
831,contrato
832,material_danificado
832,plataforma
833,digital
833,falta_material
834,contrato
834,troca
835,material_danificado
835,suporte_técnico
836,acesso
836,login
836,urgente
836,suporte_técnico
837,acesso
837,erro_sistema
837,financeiro
838,plataforma
838,entrega
839,cancelamento
839,digital
840,falta_material
840,suporte_técnico
840,pagamento
841,suporte_técnico
841,pagamento
841,boleto
842,login
843,nota_fiscal
844,urgente
844,falta_material
845,nota_fiscal
845,cancelamento
845,devolução
846,cancelamento
846,nota_fiscal
847,senha
848,acesso
848,falta_material
848,senha
849,atraso
849,entrega
849,financeiro
850,login
851,troca
851,contrato
851,boleto
851,urgente
852,plataforma
852,login
852,boleto
853,erro_sistema
853,acesso
854,entrega
854,urgente
855,material_danificado
855,entrega
855,pagamento
855,login
856,senha
856,acesso
856,troca
857,digital
857,falta_material
858,entrega
858,financeiro
858,troca
859,entrega
859,nota_fiscal
859,contrato
859,suporte_técnico
860,contrato
860,digital
861,acesso
861,material_danificado
862,falta_material
862,acesso
863,devolução
864,financeiro
864,acesso
864,plataforma
865,contrato
865,pagamento
865,boleto
865,login
866,contrato
866,suporte_técnico
867,suporte_técnico
868,senha
868,pagamento
868,login
869,urgente
869,cancelamento
870,devolução
870,erro_sistema
870,atraso
870,pagamento
871,cancelamento
872,urgente
873,digital
873,acesso
874,login
874,erro_sistema
875,devolução
876,troca
876,material_danificado
876,acesso
876,pagamento
877,devolução
877,falta_material
877,atraso
878,boleto
878,erro_sistema
878,devolução
878,material_danificado
879,devolução
879,urgente
879,troca
880,plataforma
880,urgente
880,suporte_técnico
881,suporte_técnico
881,cancelamento
882,atraso
882,boleto
883,cancelamento
883,acesso
883,plataforma
883,devolução
884,erro_sistema
884,nota_fiscal
885,material_danificado
885,cancelamento
885,urgente
886,pagamento
887,acesso
887,digital
888,material_danificado
888,financeiro
888,falta_material
888,entrega
889,material_danificado
889,atraso
890,atraso
891,plataforma
892,plataforma
892,falta_material
893,pagamento
894,financeiro
895,senha
895,nota_fiscal
895,suporte_técnico
895,login
896,senha
896,atraso
896,suporte_técnico
896,plataforma
897,suporte_técnico
897,troca
898,urgente
898,pagamento
899,devolução
899,falta_material
899,troca
900,devolução
900,senha
900,falta_material
900,plataforma
901,senha
901,devolução
902,urgente
902,entrega
902,atraso
902,devolução
903,troca
903,devolução
903,erro_sistema
904,entrega
905,urgente
905,entrega
905,login
905,senha
906,plataforma
907,nota_fiscal
907,digital
908,login
908,plataforma
908,urgente
908,contrato
909,erro_sistema
909,atraso
909,material_danificado
909,senha
910,cancelamento
910,devolução
910,suporte_técnico
911,nota_fiscal
911,contrato
911,senha
912,atraso
912,login
912,troca
912,falta_material
913,senha
913,cancelamento
914,senha
914,urgente
915,pagamento
915,devolução
915,digital
915,suporte_técnico
916,pagamento
916,falta_material
916,atraso
917,atraso
917,senha
918,erro_sistema
919,financeiro
919,digital
919,atraso
919,plataforma
920,nota_fiscal
920,falta_material
920,erro_sistema
921,erro_sistema
922,plataforma
922,digital
922,financeiro
922,suporte_técnico
923,cancelamento
923,senha
923,pagamento
924,suporte_técnico
925,devolução
926,cancelamento
926,material_danificado
927,pagamento
927,atraso
927,nota_fiscal
927,senha
928,troca
928,devolução
928,financeiro
929,devolução
929,falta_material
930,urgente
930,pagamento
930,falta_material
930,troca
931,atraso
931,acesso
932,entrega
932,nota_fiscal
932,contrato
932,acesso
933,contrato
933,digital
933,plataforma
933,urgente
934,login
934,devolução
934,suporte_técnico
935,urgente
935,devolução
935,pagamento
935,login
936,senha
936,falta_material
937,atraso
937,financeiro
938,urgente
939,contrato
939,urgente
940,suporte_técnico
940,cancelamento
940,erro_sistema
940,contrato
941,cancelamento
941,senha
942,boleto
943,troca
943,falta_material
943,material_danificado
944,material_danificado
945,material_danificado
945,devolução
945,erro_sistema
945,senha
946,nota_fiscal
946,financeiro
946,login
946,boleto
947,atraso
947,devolução
948,pagamento
948,erro_sistema
948,financeiro
948,login
949,plataforma
949,senha
949,financeiro
949,digital
950,devolução
950,nota_fiscal
950,erro_sistema
950,digital
951,devolução
951,atraso
952,login
953,contrato
953,financeiro
953,urgente
954,pagamento
954,digital
954,contrato
955,boleto
955,plataforma
955,pagamento
955,erro_sistema
956,digital
957,entrega
957,atraso
957,troca
958,erro_sistema
959,cancelamento
959,troca
959,digital
960,senha
960,financeiro
960,pagamento
960,erro_sistema
961,senha
961,material_danificado
961,troca
962,troca
962,erro_sistema
962,nota_fiscal
963,cancelamento
963,troca
963,login
964,acesso
964,falta_material
965,material_danificado
965,atraso
965,nota_fiscal
965,falta_material
966,falta_material
966,senha
967,troca
967,entrega
967,pagamento
968,erro_sistema
968,urgente
968,falta_material
969,atraso
969,plataforma
970,boleto
970,urgente
971,erro_sistema
971,nota_fiscal
971,material_danificado
971,financeiro
972,entrega
972,senha
973,troca
973,devolução
973,falta_material
973,digital
974,suporte_técnico
974,troca
974,contrato
974,acesso
975,plataforma
975,falta_material
976,financeiro
976,material_danificado
977,pagamento
977,suporte_técnico
978,pagamento
978,erro_sistema
978,login
979,cancelamento
979,suporte_técnico
980,devolução
980,financeiro
981,acesso
981,troca
981,erro_sistema
982,suporte_técnico
983,erro_sistema
983,contrato
983,acesso
983,suporte_técnico
984,contrato
984,atraso
984,troca
984,cancelamento
985,nota_fiscal
985,erro_sistema
985,boleto
986,senha
986,digital
987,acesso
987,plataforma
987,digital
988,login
988,nota_fiscal
988,pagamento
989,contrato
989,boleto
989,erro_sistema
990,plataforma
990,devolução
990,urgente
991,acesso
991,contrato
992,erro_sistema
993,cancelamento
993,urgente
994,falta_material
994,pagamento
995,devolução
995,boleto
995,acesso
995,digital
996,atraso
996,urgente
996,nota_fiscal
996,acesso
997,pagamento
998,login
998,pagamento
999,devolução
999,plataforma
999,cancelamento
999,financeiro
1000,falta_material
1001,login
1002,troca
1002,senha
1002,suporte_técnico
1002,login
1003,urgente
1003,digital
1004,atraso
1005,suporte_técnico
1005,boleto
1005,pagamento
1006,falta_material
1006,atraso
1006,material_danificado
1006,acesso
1007,cancelamento
1007,atraso
1007,troca
1007,digital
1008,urgente
1008,acesso
1008,devolução
1008,atraso
1009,entrega
1009,erro_sistema
1010,atraso
1010,login
1010,material_danificado
1010,troca
1011,digital
1011,acesso
1012,financeiro
1012,acesso
1012,boleto
1013,atraso
1013,contrato
1013,troca
1014,entrega
1014,erro_sistema
1015,atraso
1015,troca
1015,financeiro
1016,financeiro
1016,cancelamento
1017,suporte_técnico
1017,material_danificado
1018,cancelamento
1018,acesso
1018,contrato
1019,atraso
1019,financeiro
1020,pagamento
1020,troca
1021,erro_sistema
1021,pagamento
1021,nota_fiscal
1022,financeiro
1023,financeiro
1023,nota_fiscal
1023,acesso
1024,troca
1024,acesso
1024,falta_material
1025,senha
1025,falta_material
1025,urgente
1026,devolução
1026,senha
1026,acesso
1027,nota_fiscal
1027,erro_sistema
1027,urgente
1028,troca
1029,devolução
1029,financeiro
1029,entrega
1030,plataforma
1030,suporte_técnico
1030,entrega
1031,atraso
1032,erro_sistema
1032,entrega
1032,pagamento
1033,acesso
1033,erro_sistema
1033,pagamento
1034,senha
1035,plataforma
1036,erro_sistema
1036,boleto
1036,nota_fiscal
1036,atraso
1037,suporte_técnico
1037,cancelamento
1038,material_danificado
1038,erro_sistema
1038,cancelamento
1038,senha
1039,material_danificado
1039,digital
1039,devolução
1040,pagamento
1040,cancelamento
1040,entrega
1040,nota_fiscal
1041,senha
1041,boleto
1041,material_danificado
1041,falta_material
1042,entrega
1042,suporte_técnico
1042,financeiro
1043,contrato
1043,atraso
1043,login
1044,boleto
1045,login
1045,pagamento
1045,cancelamento
1046,plataforma
1046,material_danificado
1047,suporte_técnico
1048,material_danificado
1048,acesso
1049,entrega
1049,troca
1050,senha
1050,material_danificado
1051,boleto
1052,pagamento
1052,atraso
1053,digital
1053,devolução
1054,erro_sistema
1054,troca
1054,urgente
1055,pagamento
1055,financeiro
1056,login
1056,suporte_técnico
1056,urgente
1057,falta_material
1057,contrato
1058,digital
1058,nota_fiscal
1059,nota_fiscal
1059,login
1059,troca
1060,troca
1061,senha
1062,suporte_técnico
1062,falta_material
1063,suporte_técnico
1063,falta_material
1063,erro_sistema
1064,atraso
1064,suporte_técnico
1064,cancelamento
1065,pagamento
1065,plataforma
1065,urgente
1065,digital
1066,digital
1067,boleto
1067,senha
1067,login
1067,contrato
1068,falta_material
1068,financeiro
1068,nota_fiscal
1069,entrega
1069,contrato
1070,digital
1070,urgente
1070,entrega
1070,atraso
1071,devolução
1071,financeiro
1072,login
1072,boleto
1072,nota_fiscal
1073,nota_fiscal
1073,devolução
1074,entrega
1075,entrega
1075,material_danificado
1076,troca
1076,contrato
1077,entrega
1077,acesso
1078,cancelamento
1078,pagamento
1079,financeiro
1079,digital
1079,urgente
1080,nota_fiscal
1081,falta_material
1081,acesso
1082,login
1082,entrega
1083,urgente
1083,boleto
1083,acesso
1084,erro_sistema
1084,pagamento
1084,financeiro
1085,material_danificado
1085,plataforma
1085,boleto
1086,erro_sistema
1086,cancelamento
1086,material_danificado
1086,pagamento
1087,devolução
1087,material_danificado
1088,falta_material
1088,devolução
1088,login
1088,material_danificado
1089,entrega
1089,contrato
1089,pagamento
1090,pagamento
1090,suporte_técnico
1090,plataforma
1091,plataforma
1091,atraso
1091,urgente
1091,troca
1092,erro_sistema
1093,entrega
1093,falta_material
1093,digital
1094,nota_fiscal
1095,erro_sistema
1095,nota_fiscal
1095,atraso
1095,acesso
1096,nota_fiscal
1096,entrega
1097,falta_material
1097,atraso
1097,acesso
1098,atraso
1098,plataforma
1099,erro_sistema
1099,contrato
1099,falta_material
1100,entrega
1100,pagamento
1100,nota_fiscal
1101,troca
1102,login
1102,material_danificado
1103,digital
1103,plataforma
1103,senha
1104,pagamento
1104,acesso
1104,financeiro
1104,nota_fiscal
1105,nota_fiscal
1106,digital
1107,digital
1107,urgente
1107,suporte_técnico
1108,financeiro
1109,entrega
1110,falta_material
1110,digital
1111,senha
1111,falta_material
1112,troca
1112,entrega
1112,nota_fiscal
1113,atraso
1113,senha
1114,urgente
1114,login
1115,suporte_técnico
1115,entrega
1116,acesso
1116,suporte_técnico
1116,financeiro
1116,devolução
1117,falta_material
1117,digital
1117,senha
1117,troca
1118,suporte_técnico
1118,plataforma
1118,boleto
1119,atraso
1119,erro_sistema
1119,financeiro
1119,suporte_técnico
1120,erro_sistema
1120,material_danificado
1120,falta_material
1121,devolução
1121,suporte_técnico
1121,atraso
1121,nota_fiscal
1122,digital
1122,atraso
1122,entrega
1123,plataforma
1123,troca
1124,erro_sistema
1124,atraso
1124,nota_fiscal
1124,financeiro
1125,nota_fiscal
1125,material_danificado
1125,acesso
1125,falta_material
1126,contrato
1126,suporte_técnico
1126,login
1127,erro_sistema
1128,erro_sistema
1128,contrato
1129,financeiro
1129,entrega
1129,senha
1130,urgente
1131,atraso
1131,suporte_técnico
1132,urgente
1132,cancelamento
1133,digital
1133,senha
1133,erro_sistema
1133,boleto
1134,contrato
1134,acesso
1134,financeiro
1135,urgente
1135,senha
1135,plataforma
1136,suporte_técnico
1137,suporte_técnico
1137,urgente
1137,nota_fiscal
1137,acesso
1138,financeiro
1138,boleto
1138,erro_sistema
1138,nota_fiscal
1139,boleto
1139,troca
1139,login
1140,entrega
1141,troca
1141,digital
1141,entrega
1142,erro_sistema
1143,atraso
1143,acesso
1143,boleto
1144,login
1144,entrega
1144,contrato
1145,acesso
1145,troca
1146,pagamento
1146,digital
1146,falta_material
1146,senha
1147,troca
1147,urgente
1147,contrato
1147,digital
1148,boleto
1149,atraso
1149,urgente
1149,digital
1150,nota_fiscal
1150,acesso
1151,nota_fiscal
1152,troca
1152,erro_sistema
1153,erro_sistema
1154,login
1155,boleto
1156,plataforma
1157,erro_sistema
1158,cancelamento
1159,nota_fiscal
1159,boleto
1159,troca
1160,atraso
1160,troca
1161,cancelamento
1161,troca
1161,atraso
1161,contrato
1162,login
1162,material_danificado
1162,urgente
1162,falta_material
1163,login
1163,material_danificado
1163,cancelamento
1164,suporte_técnico
1164,troca
1164,nota_fiscal
1165,erro_sistema
1166,acesso
1166,entrega
1166,boleto
1167,nota_fiscal
1167,falta_material
1167,erro_sistema
1167,acesso
1168,contrato
1169,contrato
1170,falta_material
1170,contrato
1170,plataforma
1171,troca
1171,cancelamento
1171,boleto
1171,plataforma
1172,suporte_técnico
1172,digital
1172,troca
1172,senha
1173,erro_sistema
1173,falta_material
1173,boleto
1173,contrato
1174,senha
1174,digital
1174,pagamento
1175,cancelamento
1175,erro_sistema
1175,falta_material
1175,acesso
1176,material_danificado
1177,financeiro
1178,falta_material
1178,suporte_técnico
1178,devolução
1178,senha
1179,nota_fiscal
1179,digital
1179,suporte_técnico
1180,senha
1181,falta_material
1181,material_danificado
1182,nota_fiscal
1183,atraso
1183,cancelamento
1184,digital
1185,falta_material
1185,entrega
1185,boleto
1186,cancelamento
1186,erro_sistema
1186,entrega
1186,boleto
1187,nota_fiscal
1188,pagamento
1189,suporte_técnico
1189,financeiro
1190,troca
1190,digital
1190,financeiro
1190,pagamento
1191,financeiro
1192,acesso
1192,nota_fiscal
1192,pagamento
1192,urgente
1193,senha
1193,financeiro
1194,contrato
1194,falta_material
1195,cancelamento
1196,plataforma
1196,material_danificado
1196,cancelamento
1196,login
1197,material_danificado
1197,senha
1198,material_danificado
1198,atraso
1198,acesso
1198,entrega
1199,atraso
1199,login
1199,material_danificado
1199,contrato
1200,entrega
1200,falta_material
1201,contrato
1201,devolução
1202,senha
1202,entrega
1202,urgente
1202,falta_material
1203,boleto
1203,nota_fiscal
1203,plataforma
1203,erro_sistema
1204,material_danificado
1204,urgente
1204,boleto
1205,boleto
1205,contrato
1205,erro_sistema
1206,suporte_técnico
1207,urgente
1207,atraso
1207,pagamento
1208,troca
1208,devolução
1209,devolução
1209,urgente
1210,cancelamento
1210,login
1210,nota_fiscal
1211,cancelamento
1211,contrato
1211,troca
1212,login
